text,label
Illegal Parking Blocked Crosswalk Street/Sidewalk 90 AVENUE 90 AVENUE,UNSAFE_CROSSWALK
Traffic Drag Racing Street/Sidewalk 99-32 64 AVENUE 64 AVENUE,SPEEDING
Illegal Parking Blocked Crosswalk Street/Sidewalk 1470 EAST 23 STREET EAST 23 STREET,UNSAFE_CROSSWALK
Traffic Chronic Stoplight Violation Street/Sidewalk RIVERSIDE DRIVE RIVERSIDE DRIVE,MISSING_SIGNAGE
Illegal Parking Blocked Crosswalk Street/Sidewalk 76-18 JAMAICA AVENUE JAMAICA AVENUE,UNSAFE_CROSSWALK
Street Sign - Dangling Other/Unknown Street 88-02 VAN WYCK EXPRESSWAY VAN WYCK EXPRESSWAY,MISSING_SIGNAGE
Illegal Parking Blocked Crosswalk Street/Sidewalk 122 DOSCHER STREET DOSCHER STREET,UNSAFE_CROSSWALK
Illegal Parking Blocked Crosswalk Street/Sidewalk 99-02 97 STREET 97 STREET,UNSAFE_CROSSWALK
Illegal Parking Blocked Crosswalk Street/Sidewalk 945 EAST 26 STREET EAST 26 STREET,UNSAFE_CROSSWALK
Street Light Condition Street Light Out   ,POOR_LIGHTING
Traffic Drag Racing Street/Sidewalk 79-25 150 STREET 150 STREET,SPEEDING
Street Light Condition Street Light Out  PROSPECT PARK PROSPECT PARK,POOR_LIGHTING
Illegal Parking Blocked Crosswalk Street/Sidewalk 2907 KINGSBRIDGE TERRACE KINGSBRIDGE TERRACE,UNSAFE_CROSSWALK
Illegal Parking Blocked Crosswalk Street/Sidewalk 36 AVENUE 36 AVENUE,UNSAFE_CROSSWALK
Illegal Parking Blocked Crosswalk Street/Sidewalk 3115 EMMONS AVENUE EMMONS AVENUE,UNSAFE_CROSSWALK
Illegal Parking Blocked Crosswalk Street/Sidewalk 42-20 24 STREET 24 STREET,UNSAFE_CROSSWALK
Illegal Parking Blocked Crosswalk Street/Sidewalk 86 HERBERT STREET HERBERT STREET,UNSAFE_CROSSWALK
Traffic Congestion/Gridlock Street/Sidewalk WEST 42 STREET WEST 42 STREET,OTHER
Illegal Parking Blocked Crosswalk Street/Sidewalk 150 WEST 65 STREET WEST 65 STREET,UNSAFE_CROSSWALK
Street Light Condition Fixture/Luminaire Out Of Position  376 WYTHE AVENUE WYTHE AVENUE,POOR_LIGHTING
Traffic Signal Condition Controller   ,MISSING_SIGNAGE
Street Light Condition Street Light Out  660 RIVERSIDE DRIVE RIVERSIDE DRIVE,POOR_LIGHTING
Illegal Parking Blocked Crosswalk Street/Sidewalk 119 70 STREET 70 STREET,UNSAFE_CROSSWALK
Illegal Parking Blocked Crosswalk Street/Sidewalk 30-04 47 STREET 47 STREET,UNSAFE_CROSSWALK
Street Light Condition Street Light Out  82-15 BELL BOULEVARD BELL BOULEVARD,POOR_LIGHTING
Street Light Condition Street Light Out  1450 49 STREET 49 STREET,POOR_LIGHTING
Traffic Signal Condition Pedestrian Signal   ,UNSAFE_CROSSWALK
Street Light Condition Street Light Out  103-005 DICKENS AVENUE DICKENS AVENUE,POOR_LIGHTING
Illegal Parking Blocked Crosswalk Street/Sidewalk 36-11 215 PLACE 215 PLACE,UNSAFE_CROSSWALK
Illegal Parking Blocked Crosswalk Street/Sidewalk 7820 NEW UTRECHT AVENUE NEW UTRECHT AVENUE,UNSAFE_CROSSWALK
Illegal Parking Blocked Crosswalk Street/Sidewalk 30-01 42 STREET 42 STREET,UNSAFE_CROSSWALK
Traffic Congestion/Gridlock Highway  ,OTHER
Street Light Condition Street Light Out  H HUDSON PKWY H HUDSON PKWY,POOR_LIGHTING
Illegal Parking Blocked Crosswalk Street/Sidewalk 3200 PHILIP AVENUE PHILIP AVENUE,UNSAFE_CROSSWALK
Street Sign - Damaged Other/Unknown Street 96-02 50 AVENUE 50 AVENUE,MISSING_SIGNAGE
Illegal Parking Blocked Crosswalk Street/Sidewalk 3569 BROADWAY BROADWAY,UNSAFE_CROSSWALK
Traffic Chronic Speeding Street/Sidewalk 78-15 PARSONS BOULEVARD PARSONS BOULEVARD,SPEEDING
Illegal Parking Blocked Crosswalk Street/Sidewalk 23-38 31 STREET 31 STREET,UNSAFE_CROSSWALK
Illegal Parking Blocked Crosswalk Street/Sidewalk 56 AVENUE 56 AVENUE,UNSAFE_CROSSWALK
Illegal Parking Blocked Crosswalk Street/Sidewalk DEAN STREET DEAN STREET,UNSAFE_CROSSWALK
Traffic Signal Condition Ped Lamp   ,MISSING_SIGNAGE
Street Light Condition Lamppost Leaning  BAY   40 STREET BAY   40 STREET,POOR_LIGHTING
Illegal Parking Blocked Crosswalk Street/Sidewalk 103-26 ALSTYNE AVENUE ALSTYNE AVENUE,UNSAFE_CROSSWALK
Street Light Condition Street Light Out  158-51 78 STREET 78 STREET,POOR_LIGHTING
Illegal Parking Blocked Crosswalk Street/Sidewalk 440 WEST 53 STREET WEST 53 STREET,UNSAFE_CROSSWALK
Illegal Parking Blocked Crosswalk Street/Sidewalk 522 6 AVENUE 6 AVENUE,UNSAFE_CROSSWALK
Illegal Parking Blocked Crosswalk Street/Sidewalk 3515 BROADWAY BROADWAY,UNSAFE_CROSSWALK
Traffic Drag Racing Street/Sidewalk 82 AVENUE 82 AVENUE,SPEEDING
Illegal Parking Blocked Crosswalk Street/Sidewalk 21 COMMERCIAL STREET COMMERCIAL STREET,UNSAFE_CROSSWALK
Illegal Parking Blocked Crosswalk Street/Sidewalk 1188 GRAVESEND NECK ROAD GRAVESEND NECK ROAD,UNSAFE_CROSSWALK
Street Sign - Damaged Bus Stop Street EAST 86 STREET EAST 86 STREET,MISSING_SIGNAGE
Street Light Condition Lamppost Base Door/Cover Open  580 LORIMER STREET LORIMER STREET,POOR_LIGHTING
Illegal Parking Blocked Crosswalk Street/Sidewalk 100 JOHNSON STREET JOHNSON STREET,UNSAFE_CROSSWALK
Illegal Parking Blocked Crosswalk Street/Sidewalk 107-57 123 STREET 123 STREET,UNSAFE_CROSSWALK
Traffic Signal Condition Vehicle Signal   ,MISSING_SIGNAGE
Illegal Parking Blocked Crosswalk Street/Sidewalk 54-06 SKILLMAN AVENUE SKILLMAN AVENUE,UNSAFE_CROSSWALK
Illegal Parking Blocked Crosswalk Street/Sidewalk 54 STREET 54 STREET,UNSAFE_CROSSWALK
Street Sign - Damaged Other/Unknown Street 43-06 DOUGLASTON PARKWAY DOUGLASTON PARKWAY,MISSING_SIGNAGE
Illegal Parking Blocked Crosswalk Street/Sidewalk 440 MCGUINNESS BOULEVARD MCGUINNESS BOULEVARD,UNSAFE_CROSSWALK
Illegal Parking Blocked Crosswalk Street/Sidewalk 29-25 24 AVENUE 24 AVENUE,UNSAFE_CROSSWALK
Street Light Condition Street Light Out  56-52 196 STREET 196 STREET,POOR_LIGHTING
Traffic Signal Condition Veh Signal Head   ,MISSING_SIGNAGE
Illegal Parking Blocked Crosswalk Street/Sidewalk 80-19 95 AVENUE 95 AVENUE,UNSAFE_CROSSWALK
Illegal Parking Blocked Crosswalk Street/Sidewalk 101 WEST 53 STREET WEST 53 STREET,UNSAFE_CROSSWALK
Illegal Parking Blocked Crosswalk Street/Sidewalk 352 TANGLEWOOD DRIVE TANGLEWOOD DRIVE,UNSAFE_CROSSWALK
Illegal Parking Blocked Crosswalk Street/Sidewalk 2284 MCDONALD AVENUE MCDONALD AVENUE,UNSAFE_CROSSWALK
Traffic Signal Condition Ped Multiple Lamps   ,MISSING_SIGNAGE
Street Light Condition Street Light Out  31-02 STEINWAY STREET STEINWAY STREET,POOR_LIGHTING
Illegal Parking Blocked Crosswalk Street/Sidewalk 2890 SHELL ROAD SHELL ROAD,UNSAFE_CROSSWALK
Street Sign - Damaged St Name - Attached to Pole Street 64 RIVERSIDE BOULEVARD RIVERSIDE BOULEVARD,MISSING_SIGNAGE
Street Light Condition Street Light Out  210 EAST  118 STREET EAST  118 STREET,POOR_LIGHTING
Street Light Condition Street Light Out  1490 WEST FARMS ROAD WEST FARMS ROAD,POOR_LIGHTING
Street Light Condition Flood Light Lamp Cycling  1110 EASTERN PARKWAY EASTERN PARKWAY,POOR_LIGHTING
Illegal Parking Blocked Crosswalk Street/Sidewalk 4287 KATONAH AVENUE KATONAH AVENUE,UNSAFE_CROSSWALK
Illegal Parking Blocked Crosswalk Street/Sidewalk 339 HARBOR ROAD HARBOR ROAD,UNSAFE_CROSSWALK
Illegal Parking Blocked Crosswalk Street/Sidewalk 1605 EAST 174 STREET EAST 174 STREET,UNSAFE_CROSSWALK
Traffic Congestion/Gridlock Street/Sidewalk WEST 120 STREET WEST 120 STREET,OTHER
Traffic Drag Racing Street/Sidewalk 1870 BAY RIDGE PARKWAY BAY RIDGE PARKWAY,SPEEDING
Illegal Parking Blocked Crosswalk Street/Sidewalk 288 72 STREET 72 STREET,UNSAFE_CROSSWALK
Illegal Parking Blocked Crosswalk Street/Sidewalk 2109 BAY AVENUE BAY AVENUE,UNSAFE_CROSSWALK
"Street Sign - Damaged No Parking, Standing, Stopping Street 20-30 SEAGIRT BOULEVARD SEAGIRT BOULEVARD",MISSING_SIGNAGE
Illegal Parking Blocked Crosswalk Street/Sidewalk 33-02 BROADWAY BROADWAY,UNSAFE_CROSSWALK
Street Sign - Damaged Yield Street 20-26 SEAGIRT BOULEVARD SEAGIRT BOULEVARD,MISSING_SIGNAGE
Traffic Congestion/Gridlock Street/Sidewalk BROOME STREET BROOME STREET,OTHER
Illegal Parking Blocked Crosswalk Street/Sidewalk 377 CUMBERLAND STREET CUMBERLAND STREET,UNSAFE_CROSSWALK
"Street Sign - Damaged No Parking, Standing, Stopping Street 20-08 SEAGIRT BOULEVARD SEAGIRT BOULEVARD",MISSING_SIGNAGE
Street Sign - Damaged Other/Unknown Street 1654 AMSTERDAM AVENUE AMSTERDAM AVENUE,MISSING_SIGNAGE
Illegal Parking Blocked Crosswalk Street/Sidewalk 59-05 XENIA STREET XENIA STREET,UNSAFE_CROSSWALK
Traffic Signal Condition Veh Signal Lamp   ,MISSING_SIGNAGE
"Street Sign - Damaged No Parking, Standing, Stopping Street 58-27 79 AVENUE 79 AVENUE",MISSING_SIGNAGE
Illegal Parking Blocked Crosswalk Street/Sidewalk 1947 CLINTON AVENUE CLINTON AVENUE,UNSAFE_CROSSWALK
Illegal Parking Blocked Crosswalk Street/Sidewalk 40 STREET 40 STREET,UNSAFE_CROSSWALK
Traffic Congestion/Gridlock Street/Sidewalk 64-20 SAUNDERS STREET SAUNDERS STREET,OTHER
Street Light Condition Street Light Out  100-27 METROPOLITAN AVENUE METROPOLITAN AVENUE,POOR_LIGHTING
Traffic Truck Route Violation Street/Sidewalk 53-11 SPRINGFIELD BOULEVARD SPRINGFIELD BOULEVARD,OTHER
Street Light Condition Fixture/Luminaire Hanging   ,POOR_LIGHTING
Street Sign - Missing Other/Unknown Street 606 KINGS HIGHWAY KINGS HIGHWAY,MISSING_SIGNAGE
Street Sign - Missing St Name - Attached to Pole Street 3200 BROADWAY BROADWAY,MISSING_SIGNAGE
Street Sign - Missing Street Cleaning - ASP Street 606 KINGS HIGHWAY KINGS HIGHWAY,MISSING_SIGNAGE
Traffic Chronic Speeding Street/Sidewalk RIVERSIDE DRIVE RIVERSIDE DRIVE,SPEEDING
Traffic Signal Condition Foundation   ,MISSING_SIGNAGE
Street Light Condition Lamppost Damaged  WEST  156 STREET WEST  156 STREET,POOR_LIGHTING
Illegal Parking Blocked Crosswalk Street/Sidewalk 8-15 27 AVENUE 27 AVENUE,UNSAFE_CROSSWALK
"Street Sign - Damaged No Parking, Standing, Stopping Street 801 NARROWS ROAD NORTH NARROWS ROAD NORTH",MISSING_SIGNAGE
Traffic Congestion/Gridlock Street/Sidewalk EMMONS AVENUE EMMONS AVENUE,OTHER
Illegal Parking Blocked Crosswalk Street/Sidewalk 160 BERRY STREET BERRY STREET,UNSAFE_CROSSWALK
Street Sign - Damaged Construction Street EAST 111 STREET EAST 111 STREET,MISSING_SIGNAGE
Illegal Parking Blocked Crosswalk Street/Sidewalk OCEAN AVENUE OCEAN AVENUE,UNSAFE_CROSSWALK
Traffic Signal Condition APS   ,MISSING_SIGNAGE
Street Light Condition Multiple Street Lights Out  CROSS BRONX EXPY CROSS BRONX EXPY,POOR_LIGHTING
Illegal Parking Blocked Crosswalk Street/Sidewalk 740 4 AVENUE 4 AVENUE,UNSAFE_CROSSWALK
Street Light Condition Lamppost Missing  GRAND CENTRAL PKWY GRAND CENTRAL PKWY,POOR_LIGHTING
Traffic Signal Condition Support Bracket   ,MISSING_SIGNAGE
Traffic Congestion/Gridlock Street/Sidewalk CORONA PLAZA CORONA PLAZA,OTHER
Traffic Signal Condition Post   ,MISSING_SIGNAGE
Traffic Signal Condition Warning Signal   ,MISSING_SIGNAGE
Traffic Signal Condition Veh Signal Visor   ,MISSING_SIGNAGE
Traffic Drag Racing Street/Sidewalk 1954 TROY AVENUE TROY AVENUE,SPEEDING
Traffic Signal Condition Base Door   ,MISSING_SIGNAGE
Illegal Parking Blocked Crosswalk Street/Sidewalk 24-02 49 AVENUE 49 AVENUE,UNSAFE_CROSSWALK
"Street Sign - Damaged No Parking, Standing, Stopping Street 71-11 ELIOT AVENUE ELIOT AVENUE",MISSING_SIGNAGE
Illegal Parking Blocked Crosswalk Street/Sidewalk PERRY STREET PERRY STREET,UNSAFE_CROSSWALK
Illegal Parking Blocked Crosswalk Street/Sidewalk 300 HUNTINGTON STREET HUNTINGTON STREET,UNSAFE_CROSSWALK
Street Sign - Damaged Bus Stop Street CANAL STREET CANAL STREET,MISSING_SIGNAGE
Illegal Parking Blocked Crosswalk Street/Sidewalk 54-20 BROADWAY BROADWAY,UNSAFE_CROSSWALK
Illegal Parking Blocked Crosswalk Street/Sidewalk HERKIMER STREET HERKIMER STREET,UNSAFE_CROSSWALK
Illegal Parking Blocked Crosswalk Street/Sidewalk 122 STREET 122 STREET,UNSAFE_CROSSWALK
Illegal Parking Blocked Crosswalk Street/Sidewalk BELL BOULEVARD BELL BOULEVARD,UNSAFE_CROSSWALK
Traffic Truck Route Violation Street/Sidewalk 64-30 BELL BOULEVARD BELL BOULEVARD,OTHER
Illegal Parking Blocked Crosswalk Street/Sidewalk 53-73 66 STREET 66 STREET,UNSAFE_CROSSWALK
Street Light Condition Street Light Out  143-38 228 STREET 228 STREET,POOR_LIGHTING
"Street Sign - Damaged No Parking, Standing, Stopping Street 97-44 SUTPHIN BOULEVARD SUTPHIN BOULEVARD",MISSING_SIGNAGE
Traffic Truck Route Violation Street/Sidewalk 64-10 BELL BOULEVARD BELL BOULEVARD,OTHER
Street Light Condition Lamppost Base Door/Cover Damaged  862 SOUTHERN BOULEVARD SOUTHERN BOULEVARD,POOR_LIGHTING
Traffic Truck Route Violation Street/Sidewalk 64-29 BELL BOULEVARD BELL BOULEVARD,OTHER
Street Light Condition Street Light Out  43 AVENUE 43 AVENUE,POOR_LIGHTING
Traffic Truck Route Violation Street/Sidewalk 58-27 BELL BOULEVARD BELL BOULEVARD,OTHER
Street Sign - Missing St Name - Attached to Pole Street 3 PIERREPONT STREET PIERREPONT STREET,MISSING_SIGNAGE
Street Light Condition Street Light Out  63 OSWEGO STREET OSWEGO STREET,POOR_LIGHTING
Street Light Condition Street Light Out  COLUMBUS AVENUE COLUMBUS AVENUE,POOR_LIGHTING
Illegal Parking Blocked Crosswalk Street/Sidewalk 142 WEST 54 STREET WEST 54 STREET,UNSAFE_CROSSWALK
Street Sign - Dangling Other/Unknown Street 252 WEST 30 STREET WEST 30 STREET,MISSING_SIGNAGE
Street Light Condition Street Light Out  133 MASON STREET MASON STREET,POOR_LIGHTING
Illegal Parking Blocked Crosswalk Street/Sidewalk 140-16 SPRINGFIELD BOULEVARD SPRINGFIELD BOULEVARD,UNSAFE_CROSSWALK
Street Light Condition Street Light Out  34-12 10 STREET 10 STREET,POOR_LIGHTING
Traffic Chronic Stoplight Violation Street/Sidewalk VICTORY BOULEVARD VICTORY BOULEVARD,MISSING_SIGNAGE
Illegal Parking Blocked Crosswalk Street/Sidewalk 320 JAY STREET JAY STREET,UNSAFE_CROSSWALK
Traffic Congestion/Gridlock Street/Sidewalk 18 STREET 18 STREET,OTHER
Illegal Parking Blocked Crosswalk Street/Sidewalk 1709 PARK AVENUE PARK AVENUE,UNSAFE_CROSSWALK
Traffic Signal Condition Ver Mesage Sign RTPI   ,MISSING_SIGNAGE
"Street Sign - Dangling No Parking, Standing, Stopping Street 71-06 64 STREET 64 STREET",MISSING_SIGNAGE
Illegal Parking Blocked Crosswalk Street/Sidewalk 157-05 91 STREET 91 STREET,UNSAFE_CROSSWALK
Street Light Condition Street Light Out  FORT TRYON PARK FORT TRYON PARK,POOR_LIGHTING
Street Sign - Dangling Stop Street 243-62 145 AVENUE 145 AVENUE,MISSING_SIGNAGE
Illegal Parking Blocked Crosswalk Street/Sidewalk 32-11 33 STREET 33 STREET,UNSAFE_CROSSWALK
Street Light Condition Street Light Out  73-41 52 AVENUE 52 AVENUE,POOR_LIGHTING
Traffic Congestion/Gridlock Street/Sidewalk 10 AVENUE 10 AVENUE,OTHER
Illegal Parking Blocked Crosswalk Street/Sidewalk 430 EAST 63 STREET EAST 63 STREET,UNSAFE_CROSSWALK
"Street Sign - Dangling No Parking, Standing, Stopping Street 139-03 QUEENS BOULEVARD QUEENS BOULEVARD",MISSING_SIGNAGE
Street Sign - Damaged Street Cleaning - ASP Street 2922 AVENUE L AVENUE L,MISSING_SIGNAGE
Street Light Condition Street Light Out  33-39 13 STREET 13 STREET,POOR_LIGHTING
Illegal Parking Blocked Crosswalk Street/Sidewalk 53-70 66 STREET 66 STREET,UNSAFE_CROSSWALK
Illegal Parking Blocked Crosswalk Street/Sidewalk 393 PACIFIC STREET PACIFIC STREET,UNSAFE_CROSSWALK
Street Sign - Missing Other/Unknown Street EAST 9 STREET EAST 9 STREET,MISSING_SIGNAGE
Street Sign - Dangling Street Cleaning - ASP Street 464 FLUSHING AVENUE FLUSHING AVENUE,MISSING_SIGNAGE
"Street Sign - Missing No Parking, Standing, Stopping Street 251 SEELEY STREET SEELEY STREET",MISSING_SIGNAGE
Illegal Parking Blocked Crosswalk Street/Sidewalk FIRST AVENUE FIRST AVENUE,UNSAFE_CROSSWALK
Street Sign - Damaged One Way Street MILLER AVENUE MILLER AVENUE,MISSING_SIGNAGE
Street Light Condition Multiple Street Lights Out   ,POOR_LIGHTING
Illegal Parking Blocked Crosswalk Street/Sidewalk 280 EAST HOUSTON STREET EAST HOUSTON STREET,UNSAFE_CROSSWALK
Illegal Parking Blocked Crosswalk Street/Sidewalk 29 UNION SQUARE WEST UNION SQUARE WEST,UNSAFE_CROSSWALK
Illegal Parking Blocked Crosswalk Street/Sidewalk 91-01 31 AVENUE 31 AVENUE,UNSAFE_CROSSWALK
Illegal Parking Blocked Crosswalk Street/Sidewalk 189-04 64 AVENUE 64 AVENUE,UNSAFE_CROSSWALK
Illegal Parking Blocked Crosswalk Street/Sidewalk 240 STREET 240 STREET,UNSAFE_CROSSWALK
"Street Sign - Dangling No Parking, Standing, Stopping Street 35-50 24 STREET 24 STREET",MISSING_SIGNAGE
Illegal Parking Blocked Crosswalk Street/Sidewalk 174 7 AVENUE SOUTH 7 AVENUE SOUTH,UNSAFE_CROSSWALK
Illegal Parking Blocked Crosswalk Street/Sidewalk 83 SPRING STREET SPRING STREET,UNSAFE_CROSSWALK
Traffic Congestion/Gridlock Street/Sidewalk 501 EAST 60 STREET EAST 60 STREET,OTHER
Street Light Condition Multiple Street Lights Out  CLEARVIEW EXPY CLEARVIEW EXPY,POOR_LIGHTING
Street Light Condition Street Light Out  WASHINGTONS WALK WASHINGTONS WALK,POOR_LIGHTING
Street Light Condition Street Light Out  90 STREET 90 STREET,POOR_LIGHTING
Illegal Parking Blocked Crosswalk Street/Sidewalk LURTING AVENUE LURTING AVENUE,UNSAFE_CROSSWALK
Illegal Parking Blocked Crosswalk Street/Sidewalk 90 OLD BROADWAY OLD BROADWAY,UNSAFE_CROSSWALK
Street Light Condition Multiple Street Lights Out  977 FOX STREET FOX STREET,POOR_LIGHTING
Illegal Parking Blocked Crosswalk Street/Sidewalk 10-01 36 AVENUE 36 AVENUE,UNSAFE_CROSSWALK
Street Light Condition Street Light Out  EAST RIVER EAST RIVER,POOR_LIGHTING
Traffic Chronic Stoplight Violation Street/Sidewalk 92 WEST TREMONT AVENUE WEST TREMONT AVENUE,MISSING_SIGNAGE
Illegal Parking Blocked Crosswalk Street/Sidewalk 2501 TILDEN AVENUE TILDEN AVENUE,UNSAFE_CROSSWALK
Traffic Signal Condition Veh Sgnl Mult Lamps   ,MISSING_SIGNAGE
Illegal Parking Blocked Crosswalk Street/Sidewalk 49 AVENUE 49 AVENUE,UNSAFE_CROSSWALK
Street Light Condition Street Light Out  60 KENSINGTON AVENUE KENSINGTON AVENUE,POOR_LIGHTING
Illegal Parking Blocked Crosswalk Street/Sidewalk 150 OCEAN AVENUE OCEAN AVENUE,UNSAFE_CROSSWALK
Illegal Parking Blocked Crosswalk Street/Sidewalk 80 SOUTH GOFF AVENUE SOUTH GOFF AVENUE,UNSAFE_CROSSWALK
Illegal Parking Blocked Crosswalk Street/Sidewalk 6747 COLONIAL ROAD COLONIAL ROAD,UNSAFE_CROSSWALK
Traffic Congestion/Gridlock Street/Sidewalk LIVONIA AVENUE LIVONIA AVENUE,OTHER
Illegal Parking Blocked Crosswalk Street/Sidewalk 7525 6 AVENUE 6 AVENUE,UNSAFE_CROSSWALK
Traffic Congestion/Gridlock Street/Sidewalk 144 AVENUE 144 AVENUE,OTHER
Illegal Parking Blocked Crosswalk Street/Sidewalk 298 HOLLYWOOD AVENUE HOLLYWOOD AVENUE,UNSAFE_CROSSWALK
Illegal Parking Blocked Crosswalk Street/Sidewalk 48-09 CENTER BOULEVARD CENTER BOULEVARD,UNSAFE_CROSSWALK
Illegal Parking Blocked Crosswalk Street/Sidewalk 55 STREET 55 STREET,UNSAFE_CROSSWALK
Illegal Parking Blocked Crosswalk Street/Sidewalk CORLEAR AVENUE CORLEAR AVENUE,UNSAFE_CROSSWALK
Illegal Parking Blocked Crosswalk Street/Sidewalk 711 SEAGIRT AVENUE SEAGIRT AVENUE,UNSAFE_CROSSWALK
Street Sign - Damaged Other/Unknown Street 62-54 97 PLACE 97 PLACE,MISSING_SIGNAGE
Illegal Parking Blocked Crosswalk Street/Sidewalk 125 NORWOOD AVENUE NORWOOD AVENUE,UNSAFE_CROSSWALK
Illegal Parking Blocked Crosswalk Street/Sidewalk 1977 GERRITSEN AVENUE GERRITSEN AVENUE,UNSAFE_CROSSWALK
Illegal Parking Blocked Crosswalk Street/Sidewalk 122 CLAY STREET CLAY STREET,UNSAFE_CROSSWALK
Illegal Parking Blocked Crosswalk Street/Sidewalk 301 EAST 21 STREET EAST 21 STREET,UNSAFE_CROSSWALK
Traffic Drag Racing Street/Sidewalk 45-01 20 AVENUE 20 AVENUE,SPEEDING
Street Sign - Missing Other/Unknown Street 2040 BRONXDALE AVENUE BRONXDALE AVENUE,MISSING_SIGNAGE
Street Sign - Dangling Other/Unknown Street 68-21 ROCKAWAY BEACH BOULEVARD ROCKAWAY BEACH BOULEVARD,MISSING_SIGNAGE
Street Light Condition Street Light Out  45-41 UTOPIA PARKWAY UTOPIA PARKWAY,POOR_LIGHTING
Illegal Parking Blocked Crosswalk Street/Sidewalk EAST 110 STREET EAST 110 STREET,UNSAFE_CROSSWALK
Illegal Parking Blocked Crosswalk Street/Sidewalk 55-70 66 STREET 66 STREET,UNSAFE_CROSSWALK
Street Sign - Missing Street Cleaning - ASP Street 836 EAST 147 STREET EAST 147 STREET,MISSING_SIGNAGE
Illegal Parking Blocked Crosswalk Street/Sidewalk NARROWS AVENUE NARROWS AVENUE,UNSAFE_CROSSWALK
Illegal Parking Blocked Crosswalk Street/Sidewalk 905 WEST END AVENUE WEST END AVENUE,UNSAFE_CROSSWALK
Illegal Parking Blocked Crosswalk Street/Sidewalk 119-19 14 ROAD 14 ROAD,UNSAFE_CROSSWALK
Illegal Parking Blocked Crosswalk Street/Sidewalk 50 STREET 50 STREET,UNSAFE_CROSSWALK
Illegal Parking Blocked Crosswalk Street/Sidewalk 80-20 95 AVENUE 95 AVENUE,UNSAFE_CROSSWALK
Illegal Parking Blocked Crosswalk Street/Sidewalk 2306 THIRD AVENUE THIRD AVENUE,UNSAFE_CROSSWALK
Illegal Parking Blocked Crosswalk Street/Sidewalk 23 DUFFIELD STREET DUFFIELD STREET,UNSAFE_CROSSWALK
Street Light Condition Street Light Out  PS22 PLGD PS22 PLGD,POOR_LIGHTING
Illegal Parking Blocked Crosswalk Street/Sidewalk 5249 BROADWAY BROADWAY,UNSAFE_CROSSWALK
Illegal Parking Blocked Crosswalk Street/Sidewalk 2602 VOORHIES AVENUE VOORHIES AVENUE,UNSAFE_CROSSWALK
Street Sign - Dangling Stop Street 80-22 CALDWELL AVENUE CALDWELL AVENUE,MISSING_SIGNAGE
Illegal Parking Blocked Crosswalk Street/Sidewalk 3030 EMMONS AVENUE EMMONS AVENUE,UNSAFE_CROSSWALK
Traffic Signal Condition Cable   ,MISSING_SIGNAGE
Illegal Parking Blocked Crosswalk Street/Sidewalk COLFAX AVENUE COLFAX AVENUE,UNSAFE_CROSSWALK
Illegal Parking Blocked Crosswalk Street/Sidewalk 21-65 79 STREET 79 STREET,UNSAFE_CROSSWALK
Street Light Condition Street Light Out  1236 EAST   80 STREET EAST   80 STREET,POOR_LIGHTING
Illegal Parking Blocked Crosswalk Street/Sidewalk SANFORD AVENUE SANFORD AVENUE,UNSAFE_CROSSWALK
Illegal Parking Blocked Crosswalk Street/Sidewalk 62-02 60 STREET 60 STREET,UNSAFE_CROSSWALK
Illegal Parking Blocked Crosswalk Street/Sidewalk 20-30 149 STREET 149 STREET,UNSAFE_CROSSWALK
Street Light Condition Street Light Out  TROY AVENUE TROY AVENUE,POOR_LIGHTING
Illegal Parking Blocked Crosswalk Street/Sidewalk 34 AVENUE 34 AVENUE,UNSAFE_CROSSWALK
Illegal Parking Blocked Crosswalk Street/Sidewalk 2514 EAST 7 STREET EAST 7 STREET,UNSAFE_CROSSWALK
Illegal Parking Blocked Crosswalk Street/Sidewalk 516 SCHROEDERS AVENUE SCHROEDERS AVENUE,UNSAFE_CROSSWALK
Illegal Parking Blocked Crosswalk Street/Sidewalk 53-02 97 STREET 97 STREET,UNSAFE_CROSSWALK
Street Light Condition Lamppost Base Door/Cover Missing  96 WEST  163 STREET WEST  163 STREET,POOR_LIGHTING
Illegal Parking Blocked Crosswalk Street/Sidewalk 4323 NINTH AVENUE NINTH AVENUE,UNSAFE_CROSSWALK
Street Light Condition Street Light Out  48 STREET 48 STREET,POOR_LIGHTING
Illegal Parking Blocked Crosswalk Street/Sidewalk 3043 EMMONS AVENUE EMMONS AVENUE,UNSAFE_CROSSWALK
Illegal Parking Blocked Crosswalk Street/Sidewalk 2785 BROWN STREET BROWN STREET,UNSAFE_CROSSWALK
Illegal Parking Blocked Crosswalk Street/Sidewalk 3085 EMMONS AVENUE EMMONS AVENUE,UNSAFE_CROSSWALK
Illegal Parking Blocked Crosswalk Street/Sidewalk 42-29 94 STREET 94 STREET,UNSAFE_CROSSWALK
Street Light Condition Street Light Out  1317 NOSTRAND AVENUE NOSTRAND AVENUE,POOR_LIGHTING
Illegal Parking Blocked Crosswalk Street/Sidewalk 35-01 191 STREET 191 STREET,UNSAFE_CROSSWALK
Street Light Condition Street Light Out  2931 WILSON AVENUE WILSON AVENUE,POOR_LIGHTING
Street Light Condition Street Light Out  1856 63 STREET 63 STREET,POOR_LIGHTING
Street Light Condition Street Light Out  333 4 AVENUE 4 AVENUE,POOR_LIGHTING
Street Light Condition Street Light Out  1660 TOPPING AVENUE TOPPING AVENUE,POOR_LIGHTING
Illegal Parking Blocked Crosswalk Street/Sidewalk 1802 EAST 28 STREET EAST 28 STREET,UNSAFE_CROSSWALK
Illegal Parking Blocked Crosswalk Street/Sidewalk 1741 EAST 26 STREET EAST 26 STREET,UNSAFE_CROSSWALK
Street Light Condition Street Light Out  6129 FIELDSTON ROAD FIELDSTON ROAD,POOR_LIGHTING
Illegal Parking Blocked Crosswalk Street/Sidewalk 1721 EAST 26 STREET EAST 26 STREET,UNSAFE_CROSSWALK
Street Light Condition Street Light Out  59 MORSE AVENUE MORSE AVENUE,POOR_LIGHTING
Street Light Condition Street Light Out  617 EAST  139 STREET EAST  139 STREET,POOR_LIGHTING
Illegal Parking Blocked Crosswalk Street/Sidewalk 6824 5 AVENUE 5 AVENUE,UNSAFE_CROSSWALK
Illegal Parking Blocked Crosswalk Street/Sidewalk 58 STREET 58 STREET,UNSAFE_CROSSWALK
Traffic Signal Condition Underground   ,MISSING_SIGNAGE
Street Light Condition Street Light Out  -999 EAST   92 STREET EAST   92 STREET,POOR_LIGHTING
Illegal Parking Blocked Crosswalk Street/Sidewalk 101 EAST 120 STREET EAST 120 STREET,UNSAFE_CROSSWALK
Street Light Condition Street Light Out  87-16 110 STREET 110 STREET,POOR_LIGHTING
Illegal Parking Blocked Crosswalk Street/Sidewalk 21-51 SHORE BOULEVARD SHORE BOULEVARD,UNSAFE_CROSSWALK
Street Light Condition Street Light Out  3617 FORT HAMILTON PARKWAY FORT HAMILTON PARKWAY,POOR_LIGHTING
Street Light Condition Street Light Out  30-28 93 STREET 93 STREET,POOR_LIGHTING
Street Sign - Dangling Street Cleaning - ASP Street 3800 CARPENTER AVENUE CARPENTER AVENUE,MISSING_SIGNAGE
Illegal Parking Blocked Crosswalk Street/Sidewalk 388 CLINTON STREET CLINTON STREET,UNSAFE_CROSSWALK
Street Light Condition Street Light Lamp Dim  50-56 41 STREET 41 STREET,POOR_LIGHTING
Illegal Parking Blocked Crosswalk Street/Sidewalk 1981 PILGRIM AVENUE PILGRIM AVENUE,UNSAFE_CROSSWALK
Street Light Condition Street Light Out  999 NOSTRAND AVENUE NOSTRAND AVENUE,POOR_LIGHTING
Illegal Parking Blocked Crosswalk Street/Sidewalk 2997 WESTCHESTER AVENUE WESTCHESTER AVENUE,UNSAFE_CROSSWALK
Illegal Parking Blocked Crosswalk Street/Sidewalk 26 THURSTON STREET THURSTON STREET,UNSAFE_CROSSWALK
Illegal Parking Blocked Crosswalk Street/Sidewalk 4901 NEW UTRECHT AVENUE NEW UTRECHT AVENUE,UNSAFE_CROSSWALK
Illegal Parking Blocked Crosswalk Street/Sidewalk 2940 OCEAN PARKWAY OCEAN PARKWAY,UNSAFE_CROSSWALK
Street Light Condition Street Light Out  1279 REV JAMES A POLITE AVENUE REV JAMES A POLITE AVENUE,POOR_LIGHTING
Street Light Condition Street Light Out  1291 CHISHOLM STREET CHISHOLM STREET,POOR_LIGHTING
Street Light Condition Street Light Out  975 OCEAN AVENUE OCEAN AVENUE,POOR_LIGHTING
Illegal Parking Blocked Crosswalk Street/Sidewalk 19 PERRY STREET PERRY STREET,UNSAFE_CROSSWALK
Street Light Condition Street Light Out  49 WEST   64 STREET WEST   64 STREET,POOR_LIGHTING
Illegal Parking Blocked Crosswalk Street/Sidewalk 3842 18 AVENUE 18 AVENUE,UNSAFE_CROSSWALK
Illegal Parking Blocked Crosswalk Street/Sidewalk 134 ROCKAWAY AVENUE ROCKAWAY AVENUE,UNSAFE_CROSSWALK
Street Light Condition Street Light Out  TRIBORO BRIDGE TRIBORO BRIDGE,POOR_LIGHTING
Street Light Condition Street Light Out  1704 PITKIN AVENUE PITKIN AVENUE,POOR_LIGHTING
Illegal Parking Blocked Crosswalk Street/Sidewalk HIMROD STREET HIMROD STREET,UNSAFE_CROSSWALK
Illegal Parking Blocked Crosswalk Street/Sidewalk 1362 EAST 2 STREET EAST 2 STREET,UNSAFE_CROSSWALK
Illegal Parking Blocked Crosswalk Street/Sidewalk 1755 BENSON AVENUE BENSON AVENUE,UNSAFE_CROSSWALK
Illegal Parking Blocked Crosswalk Street/Sidewalk 1431 1 AVENUE 1 AVENUE,UNSAFE_CROSSWALK
Illegal Parking Blocked Crosswalk Street/Sidewalk 808 9 AVENUE 9 AVENUE,UNSAFE_CROSSWALK
Traffic Drag Racing Street/Sidewalk 1001 AVENUE H AVENUE H,SPEEDING
Illegal Parking Blocked Crosswalk Street/Sidewalk 3157 SANDS PLACE SANDS PLACE,UNSAFE_CROSSWALK
Illegal Parking Blocked Crosswalk Street/Sidewalk 2259 LIGHT STREET LIGHT STREET,UNSAFE_CROSSWALK
Street Sign - Missing Other/Unknown Street 1506 UNION STREET UNION STREET,MISSING_SIGNAGE
Street Light Condition Street Light Out  1697 PARK PLACE PARK PLACE,POOR_LIGHTING
Street Light Condition Street Light Out  70 PALADINO AVENUE PALADINO AVENUE,POOR_LIGHTING
Street Sign - Damaged Other/Unknown Street 5 AVENUE 5 AVENUE,MISSING_SIGNAGE
Street Sign - Damaged Other/Unknown Street 92 THROOP AVENUE THROOP AVENUE,MISSING_SIGNAGE
Illegal Parking Blocked Crosswalk Street/Sidewalk 2534 WEST 15 STREET WEST 15 STREET,UNSAFE_CROSSWALK
Street Sign - Missing St Name - Attached to Pole Street 150 STOCKTON STREET STOCKTON STREET,MISSING_SIGNAGE
Street Sign - Dangling Stop Street 120 AVENUE 120 AVENUE,MISSING_SIGNAGE
Illegal Parking Blocked Crosswalk Street/Sidewalk 23-02 42 ROAD 42 ROAD,UNSAFE_CROSSWALK
Street Light Condition Lamppost Base Door/Cover Damaged  45 WEST   11 STREET WEST   11 STREET,POOR_LIGHTING
Illegal Parking Blocked Crosswalk Street/Sidewalk 400 BROADWAY BROADWAY,UNSAFE_CROSSWALK
Illegal Parking Blocked Crosswalk Street/Sidewalk 215-20 43 AVENUE 43 AVENUE,UNSAFE_CROSSWALK
Traffic Signal Condition Warning Signal Lamp   ,MISSING_SIGNAGE
Street Sign - Damaged Other/Unknown Street 102 HUNTINGTON STREET HUNTINGTON STREET,MISSING_SIGNAGE
"Street Sign - Damaged No Parking, Standing, Stopping Street 702 EAST 10 STREET EAST 10 STREET",MISSING_SIGNAGE
Street Sign - Damaged Other/Unknown Street 225 PROSPECT PLACE PROSPECT PLACE,MISSING_SIGNAGE
Street Sign - Damaged Other/Unknown Street 124-11 23 AVENUE 23 AVENUE,MISSING_SIGNAGE
Illegal Parking Blocked Crosswalk Street/Sidewalk 164-02 43 AVENUE 43 AVENUE,UNSAFE_CROSSWALK
Street Light Condition Street Light Out  94-20 GUY R BREWER BOULEVARD GUY R BREWER BOULEVARD,POOR_LIGHTING
Illegal Parking Blocked Crosswalk Street/Sidewalk 59-04 108 STREET 108 STREET,UNSAFE_CROSSWALK
Illegal Parking Blocked Crosswalk Street/Sidewalk 1335 6 AVENUE 6 AVENUE,UNSAFE_CROSSWALK
"Street Sign - Missing No Parking, Standing, Stopping Street 9 WEST 137 STREET WEST 137 STREET",MISSING_SIGNAGE
Street Sign - Missing Street Cleaning - ASP Street 1840 SCHIEFFELIN AVENUE SCHIEFFELIN AVENUE,MISSING_SIGNAGE
Street Light Condition Street Light Out  145-58 221 STREET 221 STREET,POOR_LIGHTING
Street Light Condition Street Light Out  3091 GLENNON PLACE GLENNON PLACE,POOR_LIGHTING
Street Light Condition Street Light Out  4714 SURF AVENUE SURF AVENUE,POOR_LIGHTING
Illegal Parking Blocked Crosswalk Street/Sidewalk 23 HILLEL PLACE HILLEL PLACE,UNSAFE_CROSSWALK
"Street Sign - Missing No Parking, Standing, Stopping Street 280 ANNADALE ROAD ANNADALE ROAD",MISSING_SIGNAGE
Street Light Condition Multiple Street Lights Out  FLUSHING MUNI PARKING 4 FLUSHING MUNI PARKING 4,POOR_LIGHTING
Illegal Parking Blocked Crosswalk Street/Sidewalk 2377 WASHINGTON AVENUE WASHINGTON AVENUE,UNSAFE_CROSSWALK
Traffic Congestion/Gridlock Street/Sidewalk 1 DELANCEY STREET DELANCEY STREET,OTHER
Street Light Condition Street Light Out  2205 EAST   12 STREET EAST   12 STREET,POOR_LIGHTING
"Street Sign - Missing No Parking, Standing, Stopping Street 215-10 HEMPSTEAD AVENUE HEMPSTEAD AVENUE",MISSING_SIGNAGE
Illegal Parking Blocked Crosswalk Street/Sidewalk 650 GRAND CONCOURSE GRAND CONCOURSE,UNSAFE_CROSSWALK
Street Sign - Damaged Other/Unknown Street 3220 WESTCHESTER AVENUE WESTCHESTER AVENUE,MISSING_SIGNAGE
Street Sign - Damaged Stop Street 3220 WESTCHESTER AVENUE WESTCHESTER AVENUE,MISSING_SIGNAGE
Illegal Parking Blocked Crosswalk Street/Sidewalk 60-50 71 AVENUE 71 AVENUE,UNSAFE_CROSSWALK
Illegal Parking Blocked Crosswalk Street/Sidewalk 70-02 60 LANE 60 LANE,UNSAFE_CROSSWALK
Illegal Parking Blocked Crosswalk Street/Sidewalk 299 BRIGHTON BEACH AVENUE BRIGHTON BEACH AVENUE,UNSAFE_CROSSWALK
Traffic Signal Condition On Messenger   ,MISSING_SIGNAGE
Illegal Parking Blocked Crosswalk Street/Sidewalk BOOTH STREET BOOTH STREET,UNSAFE_CROSSWALK
Illegal Parking Blocked Crosswalk Street/Sidewalk 2137 2 AVENUE 2 AVENUE,UNSAFE_CROSSWALK
"Street Sign - Missing No Parking, Standing, Stopping Street 3800 JEROME AVENUE JEROME AVENUE",MISSING_SIGNAGE
Illegal Parking Blocked Crosswalk Street/Sidewalk 424 EAST 81 STREET EAST 81 STREET,UNSAFE_CROSSWALK
Street Light Condition Fixture/Luminaire Damaged  BELT PKWY BELT PKWY,POOR_LIGHTING
Illegal Parking Blocked Crosswalk Street/Sidewalk 106 GRAND STREET GRAND STREET,UNSAFE_CROSSWALK
Street Light Condition Street Light Out  JULES DR JULES DR,POOR_LIGHTING
Traffic Truck Route Violation Street/Sidewalk EAST 66 STREET EAST 66 STREET,OTHER
Street Light Condition Street Light Out  155 ANDROVETTE STREET ANDROVETTE STREET,POOR_LIGHTING
"Street Sign - Missing No Parking, Standing, Stopping Street CROTON PLACE CROTON PLACE",MISSING_SIGNAGE
Traffic Signal Condition Bike Signal   ,MISSING_SIGNAGE
Illegal Parking Blocked Crosswalk Street/Sidewalk 3861 SEDGWICK AVENUE SEDGWICK AVENUE,UNSAFE_CROSSWALK
Illegal Parking Blocked Crosswalk Street/Sidewalk 5566 WHITTY LANE WHITTY LANE,UNSAFE_CROSSWALK
Illegal Parking Blocked Crosswalk Street/Sidewalk 108 COOPER STREET COOPER STREET,UNSAFE_CROSSWALK
Street Light Condition Street Light Lamp Dim  FDR DR FDR DR,POOR_LIGHTING
Street Sign - Damaged Other/Unknown Street 501 BROADWAY BROADWAY,MISSING_SIGNAGE
Illegal Parking Blocked Crosswalk Street/Sidewalk 2 WEST 48 STREET WEST 48 STREET,UNSAFE_CROSSWALK
"Street Sign - Dangling No Parking, Standing, Stopping Street 196-35 PECK AVENUE PECK AVENUE",MISSING_SIGNAGE
Illegal Parking Blocked Crosswalk Street/Sidewalk 1418 2 AVENUE 2 AVENUE,UNSAFE_CROSSWALK
Street Light Condition Street Light Out  2757 BARNES AVENUE BARNES AVENUE,POOR_LIGHTING
Street Light Condition Street Light Out  CARL SCHURZ PARK CARL SCHURZ PARK,POOR_LIGHTING
Traffic Truck Route Violation Street/Sidewalk 15 AVENUE 15 AVENUE,OTHER
Street Light Condition Lamppost Damaged  350 GURLEY AVENUE GURLEY AVENUE,POOR_LIGHTING
Street Light Condition Multiple Street Lights Out  219-66 HARTLAND AVENUE HARTLAND AVENUE,POOR_LIGHTING
Traffic Signal Condition LED Pedestrian Unit   ,UNSAFE_CROSSWALK
Traffic Signal Condition Controller Flasher   ,MISSING_SIGNAGE
Street Sign - Dangling Other/Unknown Street 284 WILSON AVENUE WILSON AVENUE,MISSING_SIGNAGE
Traffic Signal Condition Junction Box   ,MISSING_SIGNAGE
Traffic Signal Condition Flashing Hazard   ,MISSING_SIGNAGE
Street Light Condition Street Light Out  188-12 TURIN DRIVE TURIN DRIVE,POOR_LIGHTING
Street Sign - Damaged Other/Unknown Street 62-59 69 STREET 69 STREET,MISSING_SIGNAGE
Illegal Parking Blocked Crosswalk Street/Sidewalk 68 AVENUE 68 AVENUE,UNSAFE_CROSSWALK
Street Sign - Damaged Other/Unknown Street 2354 CAMBRELENG AVENUE CAMBRELENG AVENUE,MISSING_SIGNAGE
Street Light Condition Street Light Out  3115 KINGS HIGHWAY KINGS HIGHWAY,POOR_LIGHTING
Traffic Signal Condition Turn Signal   ,MISSING_SIGNAGE
Street Light Condition Street Light Out  CROSS ISL PKWY CROSS ISL PKWY,POOR_LIGHTING
Street Sign - Dangling St Name - Attached to Pole Street TAFT AVENUE TAFT AVENUE,MISSING_SIGNAGE
Illegal Parking Blocked Crosswalk Street/Sidewalk 1669 PARK AVENUE PARK AVENUE,UNSAFE_CROSSWALK
Illegal Parking Blocked Crosswalk Street/Sidewalk 67-87 BOOTH STREET BOOTH STREET,UNSAFE_CROSSWALK
Illegal Parking Blocked Crosswalk Street/Sidewalk 1647 PARK AVENUE PARK AVENUE,UNSAFE_CROSSWALK
Illegal Parking Blocked Crosswalk Street/Sidewalk 608 WEST 191 STREET WEST 191 STREET,UNSAFE_CROSSWALK
Traffic Congestion/Gridlock Street/Sidewalk 67-11 BELL BOULEVARD BELL BOULEVARD,OTHER
Illegal Parking Blocked Crosswalk Street/Sidewalk 2 GRAND CENTRAL TOWER GRAND CENTRAL TOWER,UNSAFE_CROSSWALK
Traffic Congestion/Gridlock Street/Sidewalk 737 UTICA AVENUE UTICA AVENUE,OTHER
Street Sign - Dangling School Crossing Street 634 86 STREET 86 STREET,MISSING_SIGNAGE
Illegal Parking Blocked Crosswalk Street/Sidewalk 1-50 50 AVENUE 50 AVENUE,UNSAFE_CROSSWALK
Illegal Parking Blocked Crosswalk Street/Sidewalk PERRY AVENUE PERRY AVENUE,UNSAFE_CROSSWALK
Illegal Parking Blocked Crosswalk Street/Sidewalk 2539 WEST 15 STREET WEST 15 STREET,UNSAFE_CROSSWALK
Street Light Condition Street Light Out  WATER STREET WATER STREET,POOR_LIGHTING
Street Light Condition Street Light Out  181 EAST   80 STREET EAST   80 STREET,POOR_LIGHTING
Street Light Condition Street Light Out  3730 BARNES AVENUE BARNES AVENUE,POOR_LIGHTING
Street Sign - Dangling St Name - Attached to Pole Street 1002 BAY 25 STREET BAY 25 STREET,MISSING_SIGNAGE
Street Light Condition Street Light Out  437 ROCKAWAY AVENUE ROCKAWAY AVENUE,POOR_LIGHTING
Street Light Condition Street Light Out  811 EAST   15 STREET EAST   15 STREET,POOR_LIGHTING
Illegal Parking Blocked Crosswalk Street/Sidewalk 1310 DECATUR STREET DECATUR STREET,UNSAFE_CROSSWALK
Illegal Parking Blocked Crosswalk Street/Sidewalk EAST 9 STREET EAST 9 STREET,UNSAFE_CROSSWALK
Street Sign - Damaged Other/Unknown Street 530 EAST 76 STREET EAST 76 STREET,MISSING_SIGNAGE
Street Light Condition Street Light Out  200 MYRTLE AVENUE MYRTLE AVENUE,POOR_LIGHTING
Street Light Condition Street Light Out  327 MYRTLE AVENUE MYRTLE AVENUE,POOR_LIGHTING
Illegal Parking Blocked Crosswalk Street/Sidewalk 80 COLUMBIA HEIGHTS COLUMBIA HEIGHTS,UNSAFE_CROSSWALK
Traffic Congestion/Gridlock Street/Sidewalk FREEMAN STREET FREEMAN STREET,OTHER
"Street Sign - Damaged No Parking, Standing, Stopping Street 111-08 LEFFERTS BOULEVARD LEFFERTS BOULEVARD",MISSING_SIGNAGE
Street Sign - Missing Stop Street 260 SHIRLEY AVENUE SHIRLEY AVENUE,MISSING_SIGNAGE
Illegal Parking Blocked Crosswalk Street/Sidewalk 2 DEVOE STREET DEVOE STREET,UNSAFE_CROSSWALK
Illegal Parking Blocked Crosswalk Street/Sidewalk 95-06 ASTORIA BOULEVARD ASTORIA BOULEVARD,UNSAFE_CROSSWALK
Street Sign - Damaged Stop Street 307 BEACH 20 STREET BEACH 20 STREET,MISSING_SIGNAGE
"Street Sign - Damaged No Parking, Standing, Stopping Street 80-44 CYPRESS AVENUE CYPRESS AVENUE",MISSING_SIGNAGE
Street Light Condition Street Light Out  BETSY HEAD PARK BETSY HEAD PARK,POOR_LIGHTING
Illegal Parking Blocked Crosswalk Street/Sidewalk 15 AVENUE 15 AVENUE,UNSAFE_CROSSWALK
Illegal Parking Blocked Crosswalk Street/Sidewalk 462 IRVING AVENUE IRVING AVENUE,UNSAFE_CROSSWALK
Traffic Congestion/Gridlock Street/Sidewalk 55 EAST 49 STREET EAST 49 STREET,OTHER
Street Light Condition Street Light Out  ZION TRIANGLE ZION TRIANGLE,POOR_LIGHTING
Traffic Congestion/Gridlock Street/Sidewalk 243-02 SOUTH CONDUIT AVENUE SOUTH CONDUIT AVENUE,OTHER
Street Light Condition Street Light Out  PS41 PLGD PS41 PLGD,POOR_LIGHTING
Illegal Parking Blocked Crosswalk Street/Sidewalk 28-04 DITMARS BOULEVARD DITMARS BOULEVARD,UNSAFE_CROSSWALK
Illegal Parking Blocked Crosswalk Street/Sidewalk 452 WYCKOFF AVENUE WYCKOFF AVENUE,UNSAFE_CROSSWALK
Street Light Condition Street Light Lamp Dim  184-05 HENLEY ROAD HENLEY ROAD,POOR_LIGHTING
"Street Sign - Damaged No Parking, Standing, Stopping Street 8 AVENUE 8 AVENUE",MISSING_SIGNAGE
Street Light Condition Street Light Out  IS   55 PLGD IS   55 PLGD,POOR_LIGHTING
Street Light Condition Street Light Dayburning   ,POOR_LIGHTING
Illegal Parking Blocked Crosswalk Street/Sidewalk 26 REEVE PLACE REEVE PLACE,UNSAFE_CROSSWALK
Traffic Congestion/Gridlock Street/Sidewalk 9 AVENUE 9 AVENUE,OTHER
Street Sign - Missing Stop Street 586 PUGSLEY AVENUE PUGSLEY AVENUE,MISSING_SIGNAGE
Illegal Parking Blocked Crosswalk Street/Sidewalk 2319 THIRD AVENUE THIRD AVENUE,UNSAFE_CROSSWALK
Illegal Parking Blocked Crosswalk Street/Sidewalk 23 STREET 23 STREET,UNSAFE_CROSSWALK
Illegal Parking Blocked Crosswalk Street/Sidewalk IRVING AVENUE IRVING AVENUE,UNSAFE_CROSSWALK
Traffic Truck Route Violation Street/Sidewalk 58-12 OCEANIA STREET OCEANIA STREET,OTHER
Illegal Parking Blocked Crosswalk Street/Sidewalk 284 ST JAMES PLACE ST JAMES PLACE,UNSAFE_CROSSWALK
Street Sign - Damaged Stop Street 4816 BEDFORD AVENUE BEDFORD AVENUE,MISSING_SIGNAGE
Traffic Signal Condition Controller  AMENDOLA PLAZA AMENDOLA PLAZA,MISSING_SIGNAGE
"Street Sign - Missing No Parking, Standing, Stopping Street 1305 DELMAR LOOP DELMAR LOOP",MISSING_SIGNAGE
Traffic Congestion/Gridlock Street/Sidewalk FRANCIS LEWIS BOULEVARD FRANCIS LEWIS BOULEVARD,OTHER
Street Light Condition Multiple Street Lights Out  HARLEM PIERS W HARLEM PIERS W,POOR_LIGHTING
Illegal Parking Blocked Crosswalk Street/Sidewalk 648 WEST 183 STREET WEST 183 STREET,UNSAFE_CROSSWALK
Street Light Condition Multiple Street Lights Out  BLEEKER PLGD BLEEKER PLGD,POOR_LIGHTING
Street Light Condition Lamppost Knocked Down  JEWEL AVE JEWEL AVE,POOR_LIGHTING
Street Light Condition Multiple Street Lights Out  THOMAS JEFFERSON PARK THOMAS JEFFERSON PARK,POOR_LIGHTING
Street Light Condition Multiple Street Lights Out  HARLEM ART PARK HARLEM ART PARK,POOR_LIGHTING
Illegal Parking Blocked Crosswalk Street/Sidewalk 26-20 HOYT AVENUE SOUTH HOYT AVENUE SOUTH,UNSAFE_CROSSWALK
Street Sign - Missing Other/Unknown Street MOTT STREET MOTT STREET,MISSING_SIGNAGE
Illegal Parking Blocked Crosswalk Street/Sidewalk 51-64 65 PLACE 65 PLACE,UNSAFE_CROSSWALK
Illegal Parking Blocked Crosswalk Street/Sidewalk 44 STREET 44 STREET,UNSAFE_CROSSWALK
Illegal Parking Blocked Crosswalk Street/Sidewalk 158-45 84 STREET 84 STREET,UNSAFE_CROSSWALK
Street Light Condition Street Light Out  558 74 STREET 74 STREET,POOR_LIGHTING
"Street Sign - Missing No Parking, Standing, Stopping Street 175 ARDSLEY LOOP ARDSLEY LOOP",MISSING_SIGNAGE
Illegal Parking Blocked Crosswalk Street/Sidewalk THOMPSON AVENUE THOMPSON AVENUE,UNSAFE_CROSSWALK
Street Light Condition Street Light Out  69-30 230 STREET 230 STREET,POOR_LIGHTING
Street Light Condition Street Light Out  1545 EAST   12 STREET EAST   12 STREET,POOR_LIGHTING
Street Sign - Dangling Stop Street 103 STREET 103 STREET,MISSING_SIGNAGE
"Street Sign - Missing No Parking, Standing, Stopping Street 200 CADMAN PLAZA WEST CADMAN PLAZA WEST",MISSING_SIGNAGE
Illegal Parking Blocked Crosswalk Street/Sidewalk 111 CLAY STREET CLAY STREET,UNSAFE_CROSSWALK
Illegal Parking Blocked Crosswalk Street/Sidewalk 4306 BROADWAY BROADWAY,UNSAFE_CROSSWALK
Illegal Parking Blocked Crosswalk Street/Sidewalk 2322 AVENUE P AVENUE P,UNSAFE_CROSSWALK
Illegal Parking Blocked Crosswalk Street/Sidewalk PIERCE AVENUE PIERCE AVENUE,UNSAFE_CROSSWALK
Illegal Parking Blocked Crosswalk Street/Sidewalk 2322 EAST 24 STREET EAST 24 STREET,UNSAFE_CROSSWALK
Illegal Parking Blocked Crosswalk Street/Sidewalk 60-64 CATALPA AVENUE CATALPA AVENUE,UNSAFE_CROSSWALK
Illegal Parking Blocked Crosswalk Street/Sidewalk 7014 12 AVENUE 12 AVENUE,UNSAFE_CROSSWALK
Street Sign - Dangling St Name - Attached to Pole Street HAWTREE CREEK ROAD HAWTREE CREEK ROAD,MISSING_SIGNAGE
Traffic Chronic Speeding Street/Sidewalk PEARTREE AVENUE PEARTREE AVENUE,SPEEDING
Illegal Parking Blocked Crosswalk Street/Sidewalk 914 RHINELANDER AVENUE RHINELANDER AVENUE,UNSAFE_CROSSWALK
Street Sign - Missing Other/Unknown Street 825 4 AVENUE 4 AVENUE,MISSING_SIGNAGE
Illegal Parking Blocked Crosswalk Street/Sidewalk 23-01 42 ROAD 42 ROAD,UNSAFE_CROSSWALK
Traffic Chronic Stoplight Violation Street/Sidewalk ASCH LOOP ASCH LOOP,MISSING_SIGNAGE
Traffic Chronic Speeding Street/Sidewalk CO-OP CITY BOULEVARD CO-OP CITY BOULEVARD,SPEEDING
Street Sign - Missing Other/Unknown Street 54 LITTLE WEST 12 STREET LITTLE WEST 12 STREET,MISSING_SIGNAGE
Street Sign - Missing Other/Unknown Street 1 AVENUE 1 AVENUE,MISSING_SIGNAGE
Illegal Parking Blocked Crosswalk Street/Sidewalk WILLIAMS AVENUE WILLIAMS AVENUE,UNSAFE_CROSSWALK
Illegal Parking Blocked Crosswalk Street/Sidewalk 80 WEST 180 STREET WEST 180 STREET,UNSAFE_CROSSWALK
Illegal Parking Blocked Crosswalk Street/Sidewalk 75 SMITH STREET SMITH STREET,UNSAFE_CROSSWALK
Traffic Congestion/Gridlock Street/Sidewalk 135 STREET 135 STREET,OTHER
Illegal Parking Blocked Crosswalk Street/Sidewalk AVENUE T AVENUE T,UNSAFE_CROSSWALK
Illegal Parking Blocked Crosswalk Street/Sidewalk 114-17 101 AVENUE 101 AVENUE,UNSAFE_CROSSWALK
Illegal Parking Blocked Crosswalk Street/Sidewalk 10-32 117 STREET 117 STREET,UNSAFE_CROSSWALK
Traffic Drag Racing Street/Sidewalk 37 AVENUE 37 AVENUE,SPEEDING
Illegal Parking Blocked Crosswalk Street/Sidewalk 2363 MCDONALD AVENUE MCDONALD AVENUE,UNSAFE_CROSSWALK
Illegal Parking Blocked Crosswalk Street/Sidewalk 290 QUENTIN ROAD QUENTIN ROAD,UNSAFE_CROSSWALK
Illegal Parking Blocked Crosswalk Street/Sidewalk 1160 BRYANT AVENUE BRYANT AVENUE,UNSAFE_CROSSWALK
Street Sign - Damaged Other/Unknown Street 558 WYONA STREET WYONA STREET,MISSING_SIGNAGE
Street Light Condition Fixture/Luminaire Hanging  2750 LAFAYETTE AVENUE LAFAYETTE AVENUE,POOR_LIGHTING
Street Sign - Damaged Bus Stop Street 3001 EMMONS AVENUE EMMONS AVENUE,MISSING_SIGNAGE
Illegal Parking Blocked Crosswalk Street/Sidewalk AUBURN PLACE AUBURN PLACE,UNSAFE_CROSSWALK
Street Light Condition Street Light Out  217 EAST   10 STREET EAST   10 STREET,POOR_LIGHTING
Street Light Condition Street Light Out  2169 WEST   13 STREET WEST   13 STREET,POOR_LIGHTING
Street Light Condition Street Light Out  2873 WILKINSON AVENUE WILKINSON AVENUE,POOR_LIGHTING
Illegal Parking Blocked Crosswalk Street/Sidewalk 79-04 91 AVENUE 91 AVENUE,UNSAFE_CROSSWALK
Illegal Parking Blocked Crosswalk Street/Sidewalk 60 PLACE 60 PLACE,UNSAFE_CROSSWALK
Illegal Parking Blocked Crosswalk Street/Sidewalk 10 AVENUE 10 AVENUE,UNSAFE_CROSSWALK
Illegal Parking Blocked Crosswalk Street/Sidewalk 85-02 60 DRIVE 60 DRIVE,UNSAFE_CROSSWALK
Illegal Parking Blocked Crosswalk Street/Sidewalk 20-47 SHORE BOULEVARD SHORE BOULEVARD,UNSAFE_CROSSWALK
Illegal Parking Blocked Crosswalk Street/Sidewalk 55 AVENUE 55 AVENUE,UNSAFE_CROSSWALK
Traffic Drag Racing Street/Sidewalk CRAIG AVENUE CRAIG AVENUE,SPEEDING
Street Light Condition Street Light Out  141-19 CHERRY AVENUE CHERRY AVENUE,POOR_LIGHTING
Illegal Parking Blocked Crosswalk Street/Sidewalk 150 MARINE AVENUE MARINE AVENUE,UNSAFE_CROSSWALK
Illegal Parking Blocked Crosswalk Street/Sidewalk 71-21 52 AVENUE 52 AVENUE,UNSAFE_CROSSWALK
Street Light Condition Street Light Out  CASSIDY PLACE CASSIDY PLACE,POOR_LIGHTING
Street Light Condition Street Light Out  EAST   13 STREET EAST   13 STREET,POOR_LIGHTING
Street Light Condition Street Light Out  944 ALABAMA AVENUE ALABAMA AVENUE,POOR_LIGHTING
Street Light Condition Street Light Out  1795 TILLOTSON AVENUE TILLOTSON AVENUE,POOR_LIGHTING
Street Light Condition Street Light Out  273 16 STREET 16 STREET,POOR_LIGHTING
Street Light Condition Street Light Out  345 MILTON AVENUE MILTON AVENUE,POOR_LIGHTING
Street Light Condition Street Light Out  289 6 STREET 6 STREET,POOR_LIGHTING
Traffic Congestion/Gridlock Street/Sidewalk 2 AVENUE 2 AVENUE,OTHER
Street Light Condition Street Light Out  81-44 267 STREET 267 STREET,POOR_LIGHTING
Illegal Parking Blocked Crosswalk Street/Sidewalk 22-25 JACKSON AVENUE JACKSON AVENUE,UNSAFE_CROSSWALK
Illegal Parking Blocked Crosswalk Street/Sidewalk 106-60 150 STREET 150 STREET,UNSAFE_CROSSWALK
Street Light Condition Street Light Out  36 BANGOR STREET BANGOR STREET,POOR_LIGHTING
Street Light Condition Street Light Out  18 ANDREA PLACE ANDREA PLACE,POOR_LIGHTING
Illegal Parking Blocked Crosswalk Street/Sidewalk 81-27 LEFFERTS BOULEVARD LEFFERTS BOULEVARD,UNSAFE_CROSSWALK
Street Light Condition Street Light Out  3159 FLATBUSH AVENUE FLATBUSH AVENUE,POOR_LIGHTING
Illegal Parking Blocked Crosswalk Street/Sidewalk 148 RIVINGTON STREET RIVINGTON STREET,UNSAFE_CROSSWALK
Illegal Parking Blocked Crosswalk Street/Sidewalk 99-10 METROPOLITAN AVENUE METROPOLITAN AVENUE,UNSAFE_CROSSWALK
Illegal Parking Blocked Crosswalk Street/Sidewalk 2886 ATLANTIC AVENUE ATLANTIC AVENUE,UNSAFE_CROSSWALK
Street Sign - Dangling Other/Unknown Street 96-01 NORTHERN BOULEVARD NORTHERN BOULEVARD,MISSING_SIGNAGE
Illegal Parking Blocked Crosswalk Street/Sidewalk 500 EAST 75 STREET EAST 75 STREET,UNSAFE_CROSSWALK
Illegal Parking Blocked Crosswalk Street/Sidewalk 3011 DECATUR AVENUE DECATUR AVENUE,UNSAFE_CROSSWALK
Street Light Condition Street Light Out  1456 EAST   21 STREET EAST   21 STREET,POOR_LIGHTING
Illegal Parking Blocked Crosswalk Street/Sidewalk 396 EAST 75 STREET EAST 75 STREET,UNSAFE_CROSSWALK
Street Light Condition Street Light Out  2229 CROSS BRONX EXPRESSWAY CROSS BRONX EXPRESSWAY,POOR_LIGHTING
Illegal Parking Blocked Crosswalk Street/Sidewalk 2207 DE REIMER AVENUE DE REIMER AVENUE,UNSAFE_CROSSWALK
Street Light Condition Street Light Out  SHARPE AVENUE SHARPE AVENUE,POOR_LIGHTING
Illegal Parking Blocked Crosswalk Street/Sidewalk 7-24 166 STREET 166 STREET,UNSAFE_CROSSWALK
Street Sign - Dangling Speed Limit Street 217-19 136 ROAD 136 ROAD,MISSING_SIGNAGE
Illegal Parking Blocked Crosswalk Street/Sidewalk WEST 164 STREET WEST 164 STREET,UNSAFE_CROSSWALK
Illegal Parking Blocked Crosswalk Street/Sidewalk 632 ST JOHNS PLACE ST JOHNS PLACE,UNSAFE_CROSSWALK
Illegal Parking Blocked Crosswalk Street/Sidewalk 7701 5 AVENUE 5 AVENUE,UNSAFE_CROSSWALK
Illegal Parking Blocked Crosswalk Street/Sidewalk 4202 4 AVENUE 4 AVENUE,UNSAFE_CROSSWALK
Illegal Parking Blocked Crosswalk Street/Sidewalk 72 PLACE 72 PLACE,UNSAFE_CROSSWALK
Illegal Parking Blocked Crosswalk Street/Sidewalk 1595 EAST 9 STREET EAST 9 STREET,UNSAFE_CROSSWALK
Illegal Parking Blocked Crosswalk Street/Sidewalk 709 WEST 169 STREET WEST 169 STREET,UNSAFE_CROSSWALK
Illegal Parking Blocked Crosswalk Street/Sidewalk 65 AVENUE 65 AVENUE,UNSAFE_CROSSWALK
Illegal Parking Blocked Crosswalk Street/Sidewalk 37-05 UNION STREET UNION STREET,UNSAFE_CROSSWALK
Illegal Parking Blocked Crosswalk Street/Sidewalk 2361 MCDONALD AVENUE MCDONALD AVENUE,UNSAFE_CROSSWALK
Street Light Condition Street Light Out  78-20 WOODSIDE AVENUE WOODSIDE AVENUE,POOR_LIGHTING
Illegal Parking Blocked Crosswalk Street/Sidewalk 76-01 JAMAICA AVENUE JAMAICA AVENUE,UNSAFE_CROSSWALK
Street Light Condition Lamppost Leaning  819 UTICA AVENUE UTICA AVENUE,POOR_LIGHTING
Illegal Parking Blocked Crosswalk Street/Sidewalk 265 MCCLELLAN STREET MCCLELLAN STREET,UNSAFE_CROSSWALK
Illegal Parking Blocked Crosswalk Street/Sidewalk 2678 OCEAN AVENUE OCEAN AVENUE,UNSAFE_CROSSWALK
Street Light Condition Traffic Signal Light   ,POOR_LIGHTING
Street Sign - Damaged Other/Unknown Street KOSSUTH PLACE KOSSUTH PLACE,MISSING_SIGNAGE
Street Sign - Damaged Other/Unknown Street 40 WEST 137 STREET WEST 137 STREET,MISSING_SIGNAGE
Illegal Parking Blocked Crosswalk Street/Sidewalk 4330 KATONAH AVENUE KATONAH AVENUE,UNSAFE_CROSSWALK
Illegal Parking Blocked Crosswalk Street/Sidewalk 79-03 CYPRESS AVENUE CYPRESS AVENUE,UNSAFE_CROSSWALK
Illegal Parking Blocked Crosswalk Street/Sidewalk 111 WEST 43 STREET WEST 43 STREET,UNSAFE_CROSSWALK
Illegal Parking Blocked Crosswalk Street/Sidewalk 27-01 40 AVENUE 40 AVENUE,UNSAFE_CROSSWALK
Street Sign - Damaged Other/Unknown Street 177-53 MEADOW DRIVE MEADOW DRIVE,MISSING_SIGNAGE
Street Light Condition Lamppost Knocked Down  291 KINGSTON AVENUE KINGSTON AVENUE,POOR_LIGHTING
Illegal Parking Blocked Crosswalk Street/Sidewalk 92 WEST TREMONT AVENUE WEST TREMONT AVENUE,UNSAFE_CROSSWALK
Street Sign - Dangling Other/Unknown Street 7-01 126 STREET 126 STREET,MISSING_SIGNAGE
Street Sign - Dangling Street Cleaning - ASP Street 35 AVENUE 35 AVENUE,MISSING_SIGNAGE
Illegal Parking Blocked Crosswalk Street/Sidewalk 201 97 STREET 97 STREET,UNSAFE_CROSSWALK
"Street Sign - Damaged No Parking, Standing, Stopping Street 1075 SENECA AVENUE SENECA AVENUE",MISSING_SIGNAGE
Street Sign - Missing Yield Street 23-02 49 AVENUE 49 AVENUE,MISSING_SIGNAGE
Illegal Parking Blocked Crosswalk Street/Sidewalk 1282 BEDFORD AVENUE BEDFORD AVENUE,UNSAFE_CROSSWALK
Street Sign - Damaged St Name - Attached to Pole Street 1820 WOOD AVENUE WOOD AVENUE,MISSING_SIGNAGE
Illegal Parking Blocked Crosswalk Street/Sidewalk 188 AVENUE OF THE AMERICAS AVENUE OF THE AMERICAS,UNSAFE_CROSSWALK
Street Light Condition Street Light Out  1090 OLYMPIA BOULEVARD OLYMPIA BOULEVARD,POOR_LIGHTING
Street Sign - Dangling Other/Unknown Street 36-23 31 STREET 31 STREET,MISSING_SIGNAGE
Illegal Parking Blocked Crosswalk Street/Sidewalk 79-11 CYPRESS AVENUE CYPRESS AVENUE,UNSAFE_CROSSWALK
Illegal Parking Blocked Crosswalk Street/Sidewalk 172 EAST 61 STREET EAST 61 STREET,UNSAFE_CROSSWALK
Street Light Condition Street Light Out  65-18 173 STREET 173 STREET,POOR_LIGHTING
Illegal Parking Blocked Crosswalk Street/Sidewalk 1690 METROPOLITAN AVENUE METROPOLITAN AVENUE,UNSAFE_CROSSWALK
Illegal Parking Blocked Crosswalk Street/Sidewalk 375 72 STREET 72 STREET,UNSAFE_CROSSWALK
Street Light Condition Fixture/Luminaire Missing   ,POOR_LIGHTING
Street Light Condition Fixture/Luminaire Door Open   ,POOR_LIGHTING
Street Sign - Missing Yield Street 1229 AVENUE V AVENUE V,MISSING_SIGNAGE
Street Light Condition Street Light Out  153 CLOVE ROAD CLOVE ROAD,POOR_LIGHTING
Illegal Parking Blocked Crosswalk Street/Sidewalk 810 PELHAM PARKWAY SOUTH PELHAM PARKWAY SOUTH,UNSAFE_CROSSWALK
Illegal Parking Blocked Crosswalk Street/Sidewalk 3 EAST 183 STREET EAST 183 STREET,UNSAFE_CROSSWALK
Traffic Chronic Stoplight Violation Street/Sidewalk 612 11 AVENUE 11 AVENUE,MISSING_SIGNAGE
Street Light Condition Lamppost Knocked Down   ,POOR_LIGHTING
Illegal Parking Blocked Crosswalk Street/Sidewalk 45-45 CENTER BOULEVARD CENTER BOULEVARD,UNSAFE_CROSSWALK
Street Sign - Damaged One Way Street 68 STREET 68 STREET,MISSING_SIGNAGE
Traffic Chronic Stoplight Violation Street/Sidewalk ATLANTIC AVENUE ATLANTIC AVENUE,MISSING_SIGNAGE
Street Light Condition Street Light Out  200 KATAN AVENUE KATAN AVENUE,POOR_LIGHTING
Street Light Condition Fixture/Luminaire Hanging  KISSENA CORRIDOR PARK EAST KISSENA CORRIDOR PARK EAST,POOR_LIGHTING
Street Light Condition Lamppost Base Door/Cover Damaged  5002 5 AVENUE 5 AVENUE,POOR_LIGHTING
Street Light Condition Street Light Out  4925 5 AVENUE 5 AVENUE,POOR_LIGHTING
Street Sign - Dangling Stop Street COURSEN PLACE COURSEN PLACE,MISSING_SIGNAGE
Street Light Condition Lamppost Leaning   ,POOR_LIGHTING
Street Light Condition Street Light Out  86 FREMONT AVENUE FREMONT AVENUE,POOR_LIGHTING
Illegal Parking Blocked Crosswalk Street/Sidewalk 46-25 188 STREET 188 STREET,UNSAFE_CROSSWALK
Street Light Condition Street Light Out  RUFUS KING PARK RUFUS KING PARK,POOR_LIGHTING
"Street Sign - Missing No Parking, Standing, Stopping Street 987 EAST 21 STREET EAST 21 STREET",MISSING_SIGNAGE
Street Sign - Damaged Other/Unknown Street 33-12 29 STREET 29 STREET,MISSING_SIGNAGE
Street Light Condition Street Light Out  2117 71 STREET 71 STREET,POOR_LIGHTING
Street Light Condition Street Light Out  3 AVENUE 3 AVENUE,POOR_LIGHTING
Street Sign - Damaged Other/Unknown Street 201 EAST 18 STREET EAST 18 STREET,MISSING_SIGNAGE
Street Light Condition Street Light Lamp Dim  55 KNOLLS CRESCENT KNOLLS CRESCENT,POOR_LIGHTING
Illegal Parking Blocked Crosswalk Street/Sidewalk 200-04 58 AVENUE 58 AVENUE,UNSAFE_CROSSWALK
Illegal Parking Blocked Crosswalk Street/Sidewalk TOMPKINS PLACE TOMPKINS PLACE,UNSAFE_CROSSWALK
Street Light Condition Fixture/Luminaire Hanging  BELT PKWY BELT PKWY,POOR_LIGHTING
Traffic Signal Condition Veh Signal Sec Door   ,MISSING_SIGNAGE
Street Sign - Dangling St Name - Attached to Pole Street AVENUE R AVENUE R,MISSING_SIGNAGE
Street Light Condition Lamppost Knocked Down  GRAND CENTRAL PARKWAY GRAND CENTRAL PARKWAY,POOR_LIGHTING
"Street Sign - Dangling No Parking, Standing, Stopping Street 138 WEST 48 STREET WEST 48 STREET",MISSING_SIGNAGE
Illegal Parking Blocked Crosswalk Street/Sidewalk 301 ALBEMARLE ROAD ALBEMARLE ROAD,UNSAFE_CROSSWALK
Illegal Parking Blocked Crosswalk Street/Sidewalk 200 EAST END AVENUE EAST END AVENUE,UNSAFE_CROSSWALK
Traffic Truck Route Violation Street/Sidewalk 1602 KINGS HIGHWAY KINGS HIGHWAY,OTHER
Illegal Parking Blocked Crosswalk Street/Sidewalk 2101 QUIMBY AVENUE QUIMBY AVENUE,UNSAFE_CROSSWALK
Street Light Condition Street Light Out  2964 PERRY AVENUE PERRY AVENUE,POOR_LIGHTING
"Street Sign - Dangling No Parking, Standing, Stopping Street 47-06 GRAND AVENUE GRAND AVENUE",MISSING_SIGNAGE
Street Light Condition Street Light Out  342 VERNON AVENUE VERNON AVENUE,POOR_LIGHTING
Street Sign - Damaged Speed Limit Street 111-22 ROCKAWAY BEACH BOULEVARD ROCKAWAY BEACH BOULEVARD,MISSING_SIGNAGE
Illegal Parking Blocked Crosswalk Street/Sidewalk 280 BERGEN STREET BERGEN STREET,UNSAFE_CROSSWALK
Street Light Condition Street Light Out  79-01 BROADWAY BROADWAY,POOR_LIGHTING
Illegal Parking Blocked Crosswalk Street/Sidewalk 160 STREET 160 STREET,UNSAFE_CROSSWALK
"Street Sign - Dangling No Parking, Standing, Stopping Street 2326 WEST 8 STREET WEST 8 STREET",MISSING_SIGNAGE
Traffic Chronic Stoplight Violation Street/Sidewalk 40-01 FORLEY STREET FORLEY STREET,MISSING_SIGNAGE
"Street Sign - Damaged No Parking, Standing, Stopping Street 608 EAST 86 STREET EAST 86 STREET",MISSING_SIGNAGE
Street Light Condition Street Light Out  292 WILLOW POND RD WILLOW POND RD,POOR_LIGHTING
Traffic Chronic Stoplight Violation Street/Sidewalk MANOR ROAD MANOR ROAD,MISSING_SIGNAGE
Illegal Parking Blocked Crosswalk Street/Sidewalk 10-76 JACKSON AVENUE JACKSON AVENUE,UNSAFE_CROSSWALK
Illegal Parking Blocked Crosswalk Street/Sidewalk 3803 FT HAMILTON PARKWAY FT HAMILTON PARKWAY,UNSAFE_CROSSWALK
Illegal Parking Blocked Crosswalk Street/Sidewalk 1441 1 AVENUE 1 AVENUE,UNSAFE_CROSSWALK
Illegal Parking Blocked Crosswalk Street/Sidewalk GRANGER STREET GRANGER STREET,UNSAFE_CROSSWALK
Street Sign - Damaged Other/Unknown Street 702 EAST 10 STREET EAST 10 STREET,MISSING_SIGNAGE
Illegal Parking Blocked Crosswalk Street/Sidewalk 51 BRIELLE AVENUE BRIELLE AVENUE,UNSAFE_CROSSWALK
"Street Sign - Missing No Parking, Standing, Stopping Street 516 SCHROEDERS AVENUE SCHROEDERS AVENUE",MISSING_SIGNAGE
Illegal Parking Blocked Crosswalk Street/Sidewalk 163-01 65 AVENUE 65 AVENUE,UNSAFE_CROSSWALK
Street Light Condition Street Light Out  89 VEDDER AVENUE VEDDER AVENUE,POOR_LIGHTING
Street Sign - Damaged Other/Unknown Street 1755 YORK AVENUE YORK AVENUE,MISSING_SIGNAGE
Street Light Condition Street Light Out  67-32 181 STREET 181 STREET,POOR_LIGHTING
Street Sign - Damaged Bus Stop Street 35-00 48 STREET 48 STREET,MISSING_SIGNAGE
Street Light Condition Street Light Out  3029 BRIGGS AVENUE BRIGGS AVENUE,POOR_LIGHTING
Illegal Parking Blocked Crosswalk Street/Sidewalk 411 5 AVENUE 5 AVENUE,UNSAFE_CROSSWALK
Illegal Parking Blocked Crosswalk Street/Sidewalk STERLING PLACE STERLING PLACE,UNSAFE_CROSSWALK
Street Sign - Damaged One Way Street ESSEX STREET ESSEX STREET,MISSING_SIGNAGE
Traffic Drag Racing Highway  ,SPEEDING
Street Sign - Damaged Other/Unknown Street 87-71 253 STREET 253 STREET,MISSING_SIGNAGE
Street Sign - Damaged Stop Street 353 EAST MOSHOLU PARKWAY NORTH EAST MOSHOLU PARKWAY NORTH,MISSING_SIGNAGE
Illegal Parking Blocked Crosswalk Street/Sidewalk 85 STREET 85 STREET,UNSAFE_CROSSWALK
Street Light Condition Street Light Out  JEFFERSON AVENUE JEFFERSON AVENUE,POOR_LIGHTING
Street Light Condition Street Light Out  137 EAST   96 STREET EAST   96 STREET,POOR_LIGHTING
Illegal Parking Blocked Crosswalk Street/Sidewalk 462 1 AVENUE 1 AVENUE,UNSAFE_CROSSWALK
Street Light Condition Street Light Out  235 EAST   83 STREET EAST   83 STREET,POOR_LIGHTING
Illegal Parking Blocked Crosswalk Street/Sidewalk 25-58 18 STREET 18 STREET,UNSAFE_CROSSWALK
Illegal Parking Blocked Crosswalk Street/Sidewalk 605 LOUISIANA AVENUE LOUISIANA AVENUE,UNSAFE_CROSSWALK
Illegal Parking Blocked Crosswalk Street/Sidewalk 1125 UNIVERSITY AVENUE UNIVERSITY AVENUE,UNSAFE_CROSSWALK
Traffic Congestion/Gridlock Street/Sidewalk 91 AVENUE 91 AVENUE,OTHER
Illegal Parking Blocked Crosswalk Street/Sidewalk 2534 CRESTON AVENUE CRESTON AVENUE,UNSAFE_CROSSWALK
Street Light Condition Street Light Out  61 MANOR COURT MANOR COURT,POOR_LIGHTING
Illegal Parking Blocked Crosswalk Street/Sidewalk 168 HOYT STREET HOYT STREET,UNSAFE_CROSSWALK
Illegal Parking Blocked Crosswalk Street/Sidewalk 84 SPRING STREET SPRING STREET,UNSAFE_CROSSWALK
Street Light Condition Fixture/Luminaire Damaged  60 WHITE STREET WHITE STREET,POOR_LIGHTING
Illegal Parking Blocked Crosswalk Street/Sidewalk 29 EAST 64 STREET EAST 64 STREET,UNSAFE_CROSSWALK
Street Light Condition Street Light Out  1814 55 STREET 55 STREET,POOR_LIGHTING
Illegal Parking Blocked Crosswalk Street/Sidewalk 131 WYCKOFF STREET WYCKOFF STREET,UNSAFE_CROSSWALK
Street Sign - Damaged Stop Street 461 WEST 14 STREET WEST 14 STREET,MISSING_SIGNAGE
Street Sign - Damaged Bus Stop Street 591 BROADWAY BROADWAY,MISSING_SIGNAGE
Street Light Condition Street Light Out  123-21 MILBURN STREET MILBURN STREET,POOR_LIGHTING
Illegal Parking Blocked Crosswalk Street/Sidewalk 66-01 77 STREET 77 STREET,UNSAFE_CROSSWALK
Street Light Condition Street Light Out  ROCKAWAY BEACH BOARDWALK ROCKAWAY BEACH BOARDWALK,POOR_LIGHTING
Street Light Condition Street Light Out  ATLANTIC OCEAN ATLANTIC OCEAN,POOR_LIGHTING
Street Light Condition Street Light Out  407 STONEHAM STREET STONEHAM STREET,POOR_LIGHTING
Traffic Chronic Speeding Street/Sidewalk FLUSHING AVENUE FLUSHING AVENUE,SPEEDING
Illegal Parking Blocked Crosswalk Street/Sidewalk 6 AVENUE 6 AVENUE,UNSAFE_CROSSWALK
"Street Sign - Missing No Parking, Standing, Stopping Street 1 CITY ISLAND ROAD CITY ISLAND ROAD",MISSING_SIGNAGE
Street Light Condition Street Light Out  3541 CARPENTER AVENUE CARPENTER AVENUE,POOR_LIGHTING
Street Sign - Missing Other/Unknown Street 109-50 142 STREET 142 STREET,MISSING_SIGNAGE
Street Light Condition Street Light Out  HAGGERTY PARK HAGGERTY PARK,POOR_LIGHTING
Illegal Parking Blocked Crosswalk Street/Sidewalk 1810 CORTELYOU ROAD CORTELYOU ROAD,UNSAFE_CROSSWALK
Illegal Parking Blocked Crosswalk Street/Sidewalk COLONIAL ROAD COLONIAL ROAD,UNSAFE_CROSSWALK
Illegal Parking Blocked Crosswalk Street/Sidewalk 300 AVENUE U AVENUE U,UNSAFE_CROSSWALK
Street Light Condition Street Light Out  EAST   53 STREET EAST   53 STREET,POOR_LIGHTING
Traffic Drag Racing Street/Sidewalk 59 PROSPECT PARK SOUTHWEST PROSPECT PARK SOUTHWEST,SPEEDING
Traffic Truck Route Violation Street/Sidewalk PALMETTO STREET PALMETTO STREET,OTHER
Street Sign - Missing St Name - Attached to Pole Street 361 CASANOVA STREET CASANOVA STREET,MISSING_SIGNAGE
Street Light Condition Street Light Out  20 ZECK COURT ZECK COURT,POOR_LIGHTING
Illegal Parking Blocked Crosswalk Street/Sidewalk 1301 MERRIAM AVENUE MERRIAM AVENUE,UNSAFE_CROSSWALK
Street Light Condition Street Light Out  LINCOLN TERRACE PARK LINCOLN TERRACE PARK,POOR_LIGHTING
Illegal Parking Blocked Crosswalk Street/Sidewalk BRABANT STREET BRABANT STREET,UNSAFE_CROSSWALK
Street Light Condition Street Light Out  ST JOHNS RECREATION CENTER ST JOHNS RECREATION CENTER,POOR_LIGHTING
Street Light Condition Street Light Out  PS  289 PLGD PS  289 PLGD,POOR_LIGHTING
Street Light Condition Street Light Out  185 TYSENS LANE TYSENS LANE,POOR_LIGHTING
Traffic Truck Route Violation Street/Sidewalk 45 AVENUE 45 AVENUE,OTHER
Street Sign - Damaged Other/Unknown Street 1000 TELLER AVENUE TELLER AVENUE,MISSING_SIGNAGE
Illegal Parking Blocked Crosswalk Street/Sidewalk 12-02 152 STREET 152 STREET,UNSAFE_CROSSWALK
Traffic Truck Route Violation Street/Sidewalk 46 AVENUE 46 AVENUE,OTHER
Street Sign - Dangling St Name - Attached to Pole Street 452 B 72 STREET B 72 STREET,MISSING_SIGNAGE
Street Sign - Dangling St Name - Attached to Pole Street 69-57 GOUVERNEUR AVENUE GOUVERNEUR AVENUE,MISSING_SIGNAGE
Illegal Parking Blocked Crosswalk Street/Sidewalk 9000 4 AVENUE 4 AVENUE,UNSAFE_CROSSWALK
Traffic Congestion/Gridlock Street/Sidewalk CROSS BAY BOULEVARD CROSS BAY BOULEVARD,OTHER
Illegal Parking Blocked Crosswalk Street/Sidewalk 548 5 STREET 5 STREET,UNSAFE_CROSSWALK
Illegal Parking Blocked Crosswalk Street/Sidewalk 23-02 49 AVENUE 49 AVENUE,UNSAFE_CROSSWALK
Street Light Condition Street Light Out  DITMARS MUNICIPAL PARKING 2 DITMARS MUNICIPAL PARKING 2,POOR_LIGHTING
Illegal Parking Blocked Crosswalk Street/Sidewalk 142-62 56 ROAD 56 ROAD,UNSAFE_CROSSWALK
"Street Sign - Damaged No Parking, Standing, Stopping Street 566 LORIMER STREET LORIMER STREET",MISSING_SIGNAGE
Street Sign - Dangling Other/Unknown Street 1001 EAST 45 STREET EAST 45 STREET,MISSING_SIGNAGE
Street Light Condition Lamppost Wire Exposed   ,POOR_LIGHTING
Illegal Parking Blocked Crosswalk Street/Sidewalk SEAVIEW AVENUE SEAVIEW AVENUE,UNSAFE_CROSSWALK
Illegal Parking Blocked Crosswalk Street/Sidewalk 4318 ONEIDA AVENUE ONEIDA AVENUE,UNSAFE_CROSSWALK
"Street Sign - Missing No Parking, Standing, Stopping Street 155 MIDDLETON STREET MIDDLETON STREET",MISSING_SIGNAGE
Traffic Chronic Stoplight Violation Street/Sidewalk 34 AVENUE 34 AVENUE,MISSING_SIGNAGE
Street Light Condition New Con Ed Service Request   ,POOR_LIGHTING
Illegal Parking Blocked Crosswalk Street/Sidewalk 1148 EAST TREMONT AVENUE EAST TREMONT AVENUE,UNSAFE_CROSSWALK
Illegal Parking Blocked Crosswalk Street/Sidewalk 350 WEST 124 STREET WEST 124 STREET,UNSAFE_CROSSWALK
Street Sign - Missing Stop Street NAUGHTON AVENUE NAUGHTON AVENUE,MISSING_SIGNAGE
Illegal Parking Blocked Crosswalk Street/Sidewalk 478 EMPIRE BOULEVARD EMPIRE BOULEVARD,UNSAFE_CROSSWALK
Illegal Parking Blocked Crosswalk Street/Sidewalk MYRTLE AVENUE MYRTLE AVENUE,UNSAFE_CROSSWALK
Illegal Parking Blocked Crosswalk Street/Sidewalk 212 EAST 182 STREET EAST 182 STREET,UNSAFE_CROSSWALK
Illegal Parking Blocked Crosswalk Street/Sidewalk 4006 NEW UTRECHT AVENUE NEW UTRECHT AVENUE,UNSAFE_CROSSWALK
Illegal Parking Blocked Crosswalk Street/Sidewalk 1573 EDISON AVENUE EDISON AVENUE,UNSAFE_CROSSWALK
Traffic Signal Condition Controller  MACOMBS DAM BRIDGE MACOMBS DAM BRIDGE,MISSING_SIGNAGE
Illegal Parking Blocked Crosswalk Street/Sidewalk 212 DUPONT STREET DUPONT STREET,UNSAFE_CROSSWALK
Illegal Parking Blocked Crosswalk Street/Sidewalk 150 WEST 52 STREET WEST 52 STREET,UNSAFE_CROSSWALK
Illegal Parking Blocked Crosswalk Street/Sidewalk 2801 WEST 8 STREET WEST 8 STREET,UNSAFE_CROSSWALK
Illegal Parking Blocked Crosswalk Street/Sidewalk 82-01 ROCKAWAY BOULEVARD ROCKAWAY BOULEVARD,UNSAFE_CROSSWALK
Street Sign - Dangling Speed Limit Street 217 EAST 83 STREET EAST 83 STREET,MISSING_SIGNAGE
Illegal Parking Blocked Crosswalk Street/Sidewalk 114-13 101 AVENUE 101 AVENUE,UNSAFE_CROSSWALK
Illegal Parking Blocked Crosswalk Street/Sidewalk 103-01 126 STREET 126 STREET,UNSAFE_CROSSWALK
Street Sign - Missing Other/Unknown Street 129 LAFAYETTE STREET LAFAYETTE STREET,MISSING_SIGNAGE
Illegal Parking Blocked Crosswalk Street/Sidewalk 2908 EMMONS AVENUE EMMONS AVENUE,UNSAFE_CROSSWALK
Street Light Condition Lamppost Base Door/Cover Missing   ,POOR_LIGHTING
Traffic Signal Condition Enclosure Cap   ,MISSING_SIGNAGE
Illegal Parking Blocked Crosswalk Street/Sidewalk 49-19 66 STREET 66 STREET,UNSAFE_CROSSWALK
Street Light Condition Street Light Out  EAST   52 STREET EAST   52 STREET,POOR_LIGHTING
Illegal Parking Blocked Crosswalk Street/Sidewalk 41 DONGAN AVENUE DONGAN AVENUE,UNSAFE_CROSSWALK
Traffic Truck Route Violation Street/Sidewalk 5 AVENUE 5 AVENUE,OTHER
Illegal Parking Blocked Crosswalk Street/Sidewalk 15-26 NEW HAVEN AVENUE NEW HAVEN AVENUE,UNSAFE_CROSSWALK
Street Sign - Dangling Other/Unknown Street 345 CHAMBERS STREET CHAMBERS STREET,MISSING_SIGNAGE
Street Light Condition Street Light Out  2414 PONTON AVENUE PONTON AVENUE,POOR_LIGHTING
Street Light Condition Street Light Out  890 ZEREGA AVENUE ZEREGA AVENUE,POOR_LIGHTING
Street Light Condition Street Light Out  1385 BLONDELL AVENUE BLONDELL AVENUE,POOR_LIGHTING
Street Light Condition Street Light Lamp Missing   ,POOR_LIGHTING
Illegal Parking Blocked Crosswalk Street/Sidewalk 105-20 OTIS AVENUE OTIS AVENUE,UNSAFE_CROSSWALK
Illegal Parking Blocked Crosswalk Street/Sidewalk 105-02 OTIS AVENUE OTIS AVENUE,UNSAFE_CROSSWALK
Illegal Parking Blocked Crosswalk Street/Sidewalk 65-02 CENTRAL AVENUE CENTRAL AVENUE,UNSAFE_CROSSWALK
Street Light Condition Street Light Out  COMBS AVENUE COMBS AVENUE,POOR_LIGHTING
Illegal Parking Blocked Crosswalk Street/Sidewalk 3504 FORT INDEPENDENCE STREET FORT INDEPENDENCE STREET,UNSAFE_CROSSWALK
Illegal Parking Blocked Crosswalk Street/Sidewalk 86-02 58 AVENUE 58 AVENUE,UNSAFE_CROSSWALK
Street Light Condition Street Light Cycling   ,POOR_LIGHTING
Illegal Parking Blocked Crosswalk Street/Sidewalk 1052 EAST 96 STREET EAST 96 STREET,UNSAFE_CROSSWALK
Street Sign - Dangling One Way Street 92-31 57 AVENUE 57 AVENUE,MISSING_SIGNAGE
Street Light Condition Street Light Out  826 WESTCHESTER AVENUE WESTCHESTER AVENUE,POOR_LIGHTING
Street Sign - Damaged Street Cleaning - ASP Street JUNCTION BOULEVARD JUNCTION BOULEVARD,MISSING_SIGNAGE
Street Sign - Damaged Street Cleaning - ASP Street 96-05 40 ROAD 40 ROAD,MISSING_SIGNAGE
Illegal Parking Blocked Crosswalk Street/Sidewalk 1048 OLMSTEAD AVENUE OLMSTEAD AVENUE,UNSAFE_CROSSWALK
Illegal Parking Blocked Crosswalk Street/Sidewalk 2037 HOBART AVENUE HOBART AVENUE,UNSAFE_CROSSWALK
Illegal Parking Blocked Crosswalk Street/Sidewalk 100 EAST 18 STREET EAST 18 STREET,UNSAFE_CROSSWALK
Traffic Signal Condition Ped Flasher   ,MISSING_SIGNAGE
Illegal Parking Blocked Crosswalk Street/Sidewalk 72 AVENUE 72 AVENUE,UNSAFE_CROSSWALK
Illegal Parking Blocked Crosswalk Street/Sidewalk 4652 MANHATTAN COLLEGE PARKWAY MANHATTAN COLLEGE PARKWAY,UNSAFE_CROSSWALK
Street Sign - Dangling Other/Unknown Street NORTHERN BOULEVARD NORTHERN BOULEVARD,MISSING_SIGNAGE
Illegal Parking Blocked Crosswalk Street/Sidewalk 300 EAST 197 STREET EAST 197 STREET,UNSAFE_CROSSWALK
Illegal Parking Blocked Crosswalk Street/Sidewalk 76-02 JAMAICA AVENUE JAMAICA AVENUE,UNSAFE_CROSSWALK
Street Light Condition Multiple Street Lights Out  BELT PKWY BELT PKWY,POOR_LIGHTING
Street Light Condition Street Light Out  71 EAST   77 STREET EAST   77 STREET,POOR_LIGHTING
Illegal Parking Blocked Crosswalk Street/Sidewalk 32-02 86 STREET 86 STREET,UNSAFE_CROSSWALK
Illegal Parking Blocked Crosswalk Street/Sidewalk 3073 EMMONS AVENUE EMMONS AVENUE,UNSAFE_CROSSWALK
Illegal Parking Blocked Crosswalk Street/Sidewalk 345 PARK AVENUE PARK AVENUE,UNSAFE_CROSSWALK
Illegal Parking Blocked Crosswalk Street/Sidewalk 191-02 35 AVENUE 35 AVENUE,UNSAFE_CROSSWALK
Traffic Chronic Stoplight Violation Street/Sidewalk 69 SUTTON PLACE SOUTH SUTTON PLACE SOUTH,MISSING_SIGNAGE
Street Light Condition Street Light Out  BOWNE PARK BOWNE PARK,POOR_LIGHTING
Illegal Parking Blocked Crosswalk Street/Sidewalk 141 FEATHERBED LANE FEATHERBED LANE,UNSAFE_CROSSWALK
Illegal Parking Blocked Crosswalk Street/Sidewalk 720 EAST 8 STREET EAST 8 STREET,UNSAFE_CROSSWALK
Illegal Parking Blocked Crosswalk Street/Sidewalk 130 WEST 176 STREET WEST 176 STREET,UNSAFE_CROSSWALK
Illegal Parking Blocked Crosswalk Street/Sidewalk EAST 152 STREET EAST 152 STREET,UNSAFE_CROSSWALK
Street Light Condition Street Light Out  42-35 ELBERTSON STREET ELBERTSON STREET,POOR_LIGHTING
Illegal Parking Blocked Crosswalk Street/Sidewalk NAMEOKE STREET NAMEOKE STREET,UNSAFE_CROSSWALK
Illegal Parking Blocked Crosswalk Street/Sidewalk 57 STREET 57 STREET,UNSAFE_CROSSWALK
Street Light Condition Street Light Out  101 AVENUE D AVENUE D,POOR_LIGHTING
Street Light Condition Street Light Out  GRAND CENTRAL PKWY GRAND CENTRAL PKWY,POOR_LIGHTING
Street Light Condition Street Light Out  4 XENIA STREET XENIA STREET,POOR_LIGHTING
Street Light Condition Street Light Out  1374 CROMWELL AVENUE CROMWELL AVENUE,POOR_LIGHTING
Street Light Condition Street Light Out  77-01 JAMAICA AVENUE JAMAICA AVENUE,POOR_LIGHTING
Street Light Condition Street Light Out  19 WEST   73 STREET WEST   73 STREET,POOR_LIGHTING
Street Light Condition Street Light Out  4682 PARK AVENUE PARK AVENUE,POOR_LIGHTING
Illegal Parking Blocked Crosswalk Street/Sidewalk 2602 EAST 15 STREET EAST 15 STREET,UNSAFE_CROSSWALK
Traffic Drag Racing Street/Sidewalk SARATOGA PARK SARATOGA PARK,SPEEDING
Street Light Condition Street Light Out  114-22 208 STREET 208 STREET,POOR_LIGHTING
Street Light Condition Street Light Out  2518 WILSON AVENUE WILSON AVENUE,POOR_LIGHTING
Illegal Parking Blocked Crosswalk Street/Sidewalk 28-08 23 AVENUE 23 AVENUE,UNSAFE_CROSSWALK
Street Light Condition Street Light Out  3111 EDSON AVENUE EDSON AVENUE,POOR_LIGHTING
Street Light Condition Street Light Out  1976 74 STREET 74 STREET,POOR_LIGHTING
Illegal Parking Blocked Crosswalk Street/Sidewalk 1902 59 STREET 59 STREET,UNSAFE_CROSSWALK
Illegal Parking Blocked Crosswalk Street/Sidewalk 5901 19 AVENUE 19 AVENUE,UNSAFE_CROSSWALK
Illegal Parking Blocked Crosswalk Street/Sidewalk 2771 FREDERICK DOUGLASS BOULEVARD FREDERICK DOUGLASS BOULEVARD,UNSAFE_CROSSWALK
Street Light Condition Street Light Out  43 TUDOR STREET TUDOR STREET,POOR_LIGHTING
Street Light Condition Street Light Out  231-06 137 AVENUE 137 AVENUE,POOR_LIGHTING
Illegal Parking Blocked Crosswalk Street/Sidewalk 198 STREET 198 STREET,UNSAFE_CROSSWALK
Street Light Condition Street Light Out  728 MACON STREET MACON STREET,POOR_LIGHTING
Street Light Condition Street Light Out  127-16 103 ROAD 103 ROAD,POOR_LIGHTING
Street Light Condition Street Light Out  722 DRUMGOOLE ROAD WEST DRUMGOOLE ROAD WEST,POOR_LIGHTING
Illegal Parking Blocked Crosswalk Street/Sidewalk 4369 KATONAH AVENUE KATONAH AVENUE,UNSAFE_CROSSWALK
Traffic Signal Condition Door Lock   ,MISSING_SIGNAGE
Illegal Parking Blocked Crosswalk Street/Sidewalk 62-01 METROPOLITAN AVENUE METROPOLITAN AVENUE,UNSAFE_CROSSWALK
Illegal Parking Blocked Crosswalk Street/Sidewalk 2130 8 AVENUE 8 AVENUE,UNSAFE_CROSSWALK
"Street Sign - Dangling No Parking, Standing, Stopping Street 3300 CONNER STREET CONNER STREET",MISSING_SIGNAGE
Street Sign - Damaged Other/Unknown Street 506 GRAND AVENUE GRAND AVENUE,MISSING_SIGNAGE
"Street Sign - Damaged No Parking, Standing, Stopping Street 182 EAST 210 STREET EAST 210 STREET",MISSING_SIGNAGE
Illegal Parking Blocked Crosswalk Street/Sidewalk 452 GREENWICH STREET GREENWICH STREET,UNSAFE_CROSSWALK
Illegal Parking Blocked Crosswalk Street/Sidewalk 296 FLATBUSH AVENUE FLATBUSH AVENUE,UNSAFE_CROSSWALK
Street Sign - Dangling Other/Unknown Street AVENUE N AVENUE N,MISSING_SIGNAGE
Illegal Parking Blocked Crosswalk Street/Sidewalk 38 HIMROD STREET HIMROD STREET,UNSAFE_CROSSWALK
Illegal Parking Blocked Crosswalk Street/Sidewalk 2 WATER STREET WATER STREET,UNSAFE_CROSSWALK
Illegal Parking Blocked Crosswalk Street/Sidewalk 1 OLD FULTON STREET OLD FULTON STREET,UNSAFE_CROSSWALK
Illegal Parking Blocked Crosswalk Street/Sidewalk 749 BERGEN STREET BERGEN STREET,UNSAFE_CROSSWALK
Illegal Parking Blocked Crosswalk Street/Sidewalk 67-15 242 STREET 242 STREET,UNSAFE_CROSSWALK
Street Light Condition Street Light Out  123 ATLANTIC AVENUE ATLANTIC AVENUE,POOR_LIGHTING
Street Light Condition Street Light Lamp Missing  169-23 21 ROAD 21 ROAD,POOR_LIGHTING
Traffic Signal Condition Street Light Feed   ,POOR_LIGHTING
Traffic Drag Racing Street/Sidewalk 24-42 STEINWAY STREET STEINWAY STREET,SPEEDING
Illegal Parking Blocked Crosswalk Street/Sidewalk 381 1 AVENUE 1 AVENUE,UNSAFE_CROSSWALK
Traffic Drag Racing Street/Sidewalk 122-14 116 AVENUE 116 AVENUE,SPEEDING
Street Sign - Damaged Other/Unknown Street 1587 WESTCHESTER AVENUE WESTCHESTER AVENUE,MISSING_SIGNAGE
Illegal Parking Blocked Crosswalk Street/Sidewalk 898 WHEELER AVENUE WHEELER AVENUE,UNSAFE_CROSSWALK
Illegal Parking Blocked Crosswalk Street/Sidewalk 4501 NEW UTRECHT AVENUE NEW UTRECHT AVENUE,UNSAFE_CROSSWALK
Traffic Congestion/Gridlock Street/Sidewalk 1854 EAST 14 STREET EAST 14 STREET,OTHER
Traffic Congestion/Gridlock Street/Sidewalk EASTERN PARKWAY EASTERN PARKWAY,OTHER
Illegal Parking Blocked Crosswalk Street/Sidewalk 913 DRIGGS AVENUE DRIGGS AVENUE,UNSAFE_CROSSWALK
Illegal Parking Blocked Crosswalk Street/Sidewalk 381 AUDUBON AVENUE AUDUBON AVENUE,UNSAFE_CROSSWALK
Illegal Parking Blocked Crosswalk Street/Sidewalk 393 MCGUINNESS BOULEVARD MCGUINNESS BOULEVARD,UNSAFE_CROSSWALK
Illegal Parking Blocked Crosswalk Street/Sidewalk 65-04 174 STREET 174 STREET,UNSAFE_CROSSWALK
Street Light Condition Street Light Out  46-28 SPRINGFIELD BOULEVARD SPRINGFIELD BOULEVARD,POOR_LIGHTING
Illegal Parking Blocked Crosswalk Street/Sidewalk 2890 SEDGWICK AVENUE SEDGWICK AVENUE,UNSAFE_CROSSWALK
Traffic Signal Condition Veh Signal Lamp  FLOYD BENNETT FIELD FLOYD BENNETT FIELD,MISSING_SIGNAGE
Illegal Parking Blocked Crosswalk Street/Sidewalk CENTRAL PARK WEST CENTRAL PARK WEST,UNSAFE_CROSSWALK
Street Light Condition Street Light Out  STRONG AVENUE STRONG AVENUE,POOR_LIGHTING
Illegal Parking Blocked Crosswalk Street/Sidewalk 475 LOCKE STREET LOCKE STREET,UNSAFE_CROSSWALK
Street Sign - Missing Street Cleaning - ASP Street 97-11 SUTPHIN BOULEVARD SUTPHIN BOULEVARD,MISSING_SIGNAGE
Illegal Parking Blocked Crosswalk Street/Sidewalk 81 WASHINGTON STREET WASHINGTON STREET,UNSAFE_CROSSWALK
Street Sign - Missing Street Cleaning - ASP Street 1808 MOHEGAN AVENUE MOHEGAN AVENUE,MISSING_SIGNAGE
Illegal Parking Blocked Crosswalk Street/Sidewalk 7301 3 AVENUE 3 AVENUE,UNSAFE_CROSSWALK
Street Light Condition Street Light Out  WALTHAM STREET WALTHAM STREET,POOR_LIGHTING
Traffic Congestion/Gridlock Street/Sidewalk DIVISION AVENUE DIVISION AVENUE,OTHER
Illegal Parking Blocked Crosswalk Street/Sidewalk 4 AVENUE 4 AVENUE,UNSAFE_CROSSWALK
Illegal Parking Blocked Crosswalk Street/Sidewalk KINGSBRIDGE AVENUE KINGSBRIDGE AVENUE,UNSAFE_CROSSWALK
Illegal Parking Blocked Crosswalk Street/Sidewalk 152 DEGRAW STREET DEGRAW STREET,UNSAFE_CROSSWALK
Illegal Parking Blocked Crosswalk Street/Sidewalk 40 OVERLOOK TERRACE OVERLOOK TERRACE,UNSAFE_CROSSWALK
Street Light Condition Street Light Out  16 GADSEN PLACE GADSEN PLACE,POOR_LIGHTING
Illegal Parking Blocked Crosswalk Street/Sidewalk 103 STREET 103 STREET,UNSAFE_CROSSWALK
Street Light Condition Street Light Out  41 WELLINGTON COURT WELLINGTON COURT,POOR_LIGHTING
Street Sign - Dangling Stop Street 109-05 72 AVENUE 72 AVENUE,MISSING_SIGNAGE
Street Sign - Damaged St Name - Attached to Pole Street 143-45 14 AVENUE 14 AVENUE,MISSING_SIGNAGE
Street Sign - Damaged Bus Stop Street NEREID AVENUE NEREID AVENUE,MISSING_SIGNAGE
Illegal Parking Blocked Crosswalk Street/Sidewalk 9614 DITMAS AVENUE DITMAS AVENUE,UNSAFE_CROSSWALK
Illegal Parking Blocked Crosswalk Street/Sidewalk 10018 4 AVENUE 4 AVENUE,UNSAFE_CROSSWALK
"Street Sign - Damaged No Parking, Standing, Stopping Street 125-10 QUEENS BOULEVARD QUEENS BOULEVARD",MISSING_SIGNAGE
Street Light Condition Lamppost Leaning  WEST  131 STREET WEST  131 STREET,POOR_LIGHTING
Traffic Signal Condition Controller Cabinet   ,MISSING_SIGNAGE
Street Sign - Damaged Bus Stop Street 654 BAY RIDGE PARKWAY BAY RIDGE PARKWAY,MISSING_SIGNAGE
Traffic Chronic Speeding Street/Sidewalk 6625 BAY PARKWAY BAY PARKWAY,SPEEDING
Street Light Condition Street Light Out  SHORE PKWY SHORE PKWY,POOR_LIGHTING
Illegal Parking Blocked Crosswalk Street/Sidewalk 187 WADSWORTH AVENUE WADSWORTH AVENUE,UNSAFE_CROSSWALK
"Street Sign - Damaged No Parking, Standing, Stopping Street 2465 BATHGATE AVENUE BATHGATE AVENUE",MISSING_SIGNAGE
Street Sign - Dangling Stop Street 1660 RICHMOND AVENUE RICHMOND AVENUE,MISSING_SIGNAGE
Traffic Congestion/Gridlock Street/Sidewalk 31 AVENUE 31 AVENUE,OTHER
Traffic Signal Condition In Post Base   ,MISSING_SIGNAGE
Street Light Condition Street Light Out  61 OAKVILLE STREET OAKVILLE STREET,POOR_LIGHTING
Traffic Signal Condition Blank Out Matrix Sgn   ,MISSING_SIGNAGE
Street Light Condition Street Light Out  177-25 135 AVENUE 135 AVENUE,POOR_LIGHTING
Traffic Congestion/Gridlock Street/Sidewalk 11 AVENUE 11 AVENUE,OTHER
Street Sign - Damaged St Name - Over Intersection Street HART STREET HART STREET,MISSING_SIGNAGE
Illegal Parking Blocked Crosswalk Street/Sidewalk 65 DRIVE 65 DRIVE,UNSAFE_CROSSWALK
Illegal Parking Blocked Crosswalk Street/Sidewalk 464 WEST BROADWAY WEST BROADWAY,UNSAFE_CROSSWALK
Illegal Parking Blocked Crosswalk Street/Sidewalk QUEENS BOULEVARD QUEENS BOULEVARD,UNSAFE_CROSSWALK
Street Sign - Damaged Other/Unknown Street 15 HART STREET HART STREET,MISSING_SIGNAGE
Illegal Parking Blocked Crosswalk Street/Sidewalk 444 SCHROEDERS AVENUE SCHROEDERS AVENUE,UNSAFE_CROSSWALK
Traffic Congestion/Gridlock Street/Sidewalk 391 EMPIRE BOULEVARD EMPIRE BOULEVARD,OTHER
Illegal Parking Blocked Crosswalk Street/Sidewalk 67-28 PARSONS BOULEVARD PARSONS BOULEVARD,UNSAFE_CROSSWALK
Traffic Drag Racing Street/Sidewalk 865 EAST 138 STREET EAST 138 STREET,SPEEDING
Illegal Parking Blocked Crosswalk Street/Sidewalk 870 FREEMAN STREET FREEMAN STREET,UNSAFE_CROSSWALK
Street Light Condition Street Light Out  1144 METCALF AVENUE METCALF AVENUE,POOR_LIGHTING
Illegal Parking Blocked Crosswalk Street/Sidewalk 64-37 70 STREET 70 STREET,UNSAFE_CROSSWALK
Street Sign - Damaged Speed Limit Street 78-11 KEW FOREST LANE KEW FOREST LANE,MISSING_SIGNAGE
Illegal Parking Blocked Crosswalk Street/Sidewalk 433 VANDALIA AVENUE VANDALIA AVENUE,UNSAFE_CROSSWALK
Street Light Condition Street Light Out  SHORE ROAD PARK SHORE ROAD PARK,POOR_LIGHTING
Street Light Condition Street Light Out  WINCHESTER BLVD WINCHESTER BLVD,POOR_LIGHTING
Street Sign - Dangling Stop Street 109-15 QUEENS BOULEVARD QUEENS BOULEVARD,MISSING_SIGNAGE
Street Light Condition Street Light Out  553 ST LAWRENCE AVENUE ST LAWRENCE AVENUE,POOR_LIGHTING
Illegal Parking Blocked Crosswalk Street/Sidewalk 792 10 AVENUE 10 AVENUE,UNSAFE_CROSSWALK
Street Light Condition Street Light Out  60-01 70 AVENUE 70 AVENUE,POOR_LIGHTING
Illegal Parking Blocked Crosswalk Street/Sidewalk 8411 21 AVENUE 21 AVENUE,UNSAFE_CROSSWALK
Illegal Parking Blocked Crosswalk Street/Sidewalk 201 EAST 68 STREET EAST 68 STREET,UNSAFE_CROSSWALK
Street Light Condition Street Light Lamp Dim  217-07 132 AVENUE 132 AVENUE,POOR_LIGHTING
Street Sign - Damaged Construction Street 49 BOX STREET BOX STREET,MISSING_SIGNAGE
Traffic Drag Racing Street/Sidewalk 126-19 20 AVENUE 20 AVENUE,SPEEDING
Illegal Parking Blocked Crosswalk Street/Sidewalk 38 WASHINGTON STREET WASHINGTON STREET,UNSAFE_CROSSWALK
Illegal Parking Blocked Crosswalk Street/Sidewalk 101 BOERUM PLACE BOERUM PLACE,UNSAFE_CROSSWALK
Street Light Condition Street Light Out  136 SEGUINE AVENUE SEGUINE AVENUE,POOR_LIGHTING
Street Light Condition Street Light Out  78-03 79 PLACE 79 PLACE,POOR_LIGHTING
Illegal Parking Blocked Crosswalk Street/Sidewalk 1319 6 AVENUE 6 AVENUE,UNSAFE_CROSSWALK
Traffic Chronic Stoplight Violation Street/Sidewalk 137-21 LIBERTY AVENUE LIBERTY AVENUE,MISSING_SIGNAGE
Street Light Condition Fixture/Luminaire Hanging  PELHAM BAY PARK PELHAM BAY PARK,POOR_LIGHTING
"Street Sign - Dangling No Parking, Standing, Stopping Street 150-42 76 ROAD 76 ROAD",MISSING_SIGNAGE
Traffic Truck Route Violation Highway  ,OTHER
Street Sign - Damaged St Name - Attached to Pole Street 160 WILCOX STREET WILCOX STREET,MISSING_SIGNAGE
Street Sign - Damaged Stop Street 186-11 122 AVENUE 122 AVENUE,MISSING_SIGNAGE
Traffic Congestion/Gridlock Street/Sidewalk EAST NEW YORK AVENUE EAST NEW YORK AVENUE,OTHER
Traffic Chronic Stoplight Violation Street/Sidewalk 169-10 GOETHALS AVENUE GOETHALS AVENUE,MISSING_SIGNAGE
Street Light Condition Street Light Out  435 EAST  119 STREET EAST  119 STREET,POOR_LIGHTING
Street Light Condition Street Light Out  446 WEST   26 STREET WEST   26 STREET,POOR_LIGHTING
Street Sign - Damaged Stop Street 3929 EMMONS AVENUE EMMONS AVENUE,MISSING_SIGNAGE
Illegal Parking Blocked Crosswalk Street/Sidewalk 1528 MYRTLE AVENUE MYRTLE AVENUE,UNSAFE_CROSSWALK
Street Sign - Dangling One Way Street 315 EAST KINGSBRIDGE ROAD EAST KINGSBRIDGE ROAD,MISSING_SIGNAGE
Street Sign - Damaged St Name - Attached to Pole Street LUDLOW STREET LUDLOW STREET,MISSING_SIGNAGE
Illegal Parking Blocked Crosswalk Street/Sidewalk 707 SOUTH AVENUE SOUTH AVENUE,UNSAFE_CROSSWALK
"Street Sign - Missing No Parking, Standing, Stopping Street 266-16 78 AVENUE 78 AVENUE",MISSING_SIGNAGE
Street Sign - Damaged Stop Street 82 BERRY STREET BERRY STREET,MISSING_SIGNAGE
Street Light Condition Multiple Street Lights Out  KOREAN WAR VETERANS PKWY KOREAN WAR VETERANS PKWY,POOR_LIGHTING
Street Sign - Damaged Bus Stop Street KATONAH AVENUE KATONAH AVENUE,MISSING_SIGNAGE
Illegal Parking Blocked Crosswalk Street/Sidewalk 609 FIFTH AVENUE FIFTH AVENUE,UNSAFE_CROSSWALK
"Street Sign - Missing No Parking, Standing, Stopping Street 605 WEST 47 STREET WEST 47 STREET",MISSING_SIGNAGE
Illegal Parking Blocked Crosswalk Street/Sidewalk 3820 MERRITT AVENUE MERRITT AVENUE,UNSAFE_CROSSWALK
Street Sign - Missing Other/Unknown Street 5 AVENUE 5 AVENUE,MISSING_SIGNAGE
Traffic Congestion/Gridlock Street/Sidewalk 135-18 LIBERTY AVENUE LIBERTY AVENUE,OTHER
Illegal Parking Blocked Crosswalk Street/Sidewalk 34-90 77 STREET 77 STREET,UNSAFE_CROSSWALK
Street Sign - Missing Street Cleaning - ASP Street SHELL ROAD SHELL ROAD,MISSING_SIGNAGE
Street Light Condition Lamppost Wire Exposed  832 AVENUE OF THE AMERICAS AVENUE OF THE AMERICAS,POOR_LIGHTING
Illegal Parking Blocked Crosswalk Street/Sidewalk 920 TELLER AVENUE TELLER AVENUE,UNSAFE_CROSSWALK
Illegal Parking Blocked Crosswalk Street/Sidewalk 2237 CONEY ISLAND AVENUE CONEY ISLAND AVENUE,UNSAFE_CROSSWALK
Street Light Condition Street Light Out  ALABAMA AVENUE ALABAMA AVENUE,POOR_LIGHTING
Illegal Parking Blocked Crosswalk Street/Sidewalk 68-27 JAY AVENUE JAY AVENUE,UNSAFE_CROSSWALK
Illegal Parking Blocked Crosswalk Street/Sidewalk 9202 4 AVENUE 4 AVENUE,UNSAFE_CROSSWALK
Street Light Condition Street Light Out  230-14 58 ROAD 58 ROAD,POOR_LIGHTING
Street Light Condition Street Light Out  89 SEELEY STREET SEELEY STREET,POOR_LIGHTING
Illegal Parking Blocked Crosswalk Street/Sidewalk 32-04 38 AVENUE 38 AVENUE,UNSAFE_CROSSWALK
Street Sign - Damaged Stop Street 570 2 AVENUE 2 AVENUE,MISSING_SIGNAGE
Street Light Condition Street Light Out  MOUNT PROSPECT PARK MOUNT PROSPECT PARK,POOR_LIGHTING
Illegal Parking Blocked Crosswalk Street/Sidewalk 65-82 TERRACE COURT TERRACE COURT,UNSAFE_CROSSWALK
Street Light Condition Street Light Out  61 EASTERN PARKWAY EASTERN PARKWAY,POOR_LIGHTING
Street Light Condition Street Light Out  7 MONROE PLACE MONROE PLACE,POOR_LIGHTING
Street Light Condition Street Light Out  1623 BERGEN STREET BERGEN STREET,POOR_LIGHTING
Illegal Parking Blocked Crosswalk Street/Sidewalk 3102 AVENUE D AVENUE D,UNSAFE_CROSSWALK
Illegal Parking Blocked Crosswalk Street/Sidewalk 30-30 47 AVENUE 47 AVENUE,UNSAFE_CROSSWALK
Traffic Congestion/Gridlock Street/Sidewalk 61-49 188 STREET 188 STREET,OTHER
Street Light Condition Street Light Out  12 UNDERHILL AVENUE UNDERHILL AVENUE,POOR_LIGHTING
Street Sign - Damaged Other/Unknown Street 186 STERLING PLACE STERLING PLACE,MISSING_SIGNAGE
Traffic Congestion/Gridlock Street/Sidewalk AVENUE R AVENUE R,OTHER
Traffic Congestion/Gridlock Street/Sidewalk 75-41 164 STREET 164 STREET,OTHER
Illegal Parking Blocked Crosswalk Street/Sidewalk BOSTON ROAD BOSTON ROAD,UNSAFE_CROSSWALK
Street Light Condition Street Light Out  30-46 86 STREET 86 STREET,POOR_LIGHTING
Illegal Parking Blocked Crosswalk Street/Sidewalk 421 MCGUINNESS BOULEVARD MCGUINNESS BOULEVARD,UNSAFE_CROSSWALK
Illegal Parking Blocked Crosswalk Street/Sidewalk 175 DIVISION AVENUE DIVISION AVENUE,UNSAFE_CROSSWALK
Street Sign - Damaged Street Cleaning - ASP Street 77 TRUXTON STREET TRUXTON STREET,MISSING_SIGNAGE
Street Sign - Damaged Construction Street 730 CONCOURSE VILLAGE WEST CONCOURSE VILLAGE WEST,MISSING_SIGNAGE
Street Sign - Dangling Stop Street 815 EAST 152 STREET EAST 152 STREET,MISSING_SIGNAGE
Street Light Condition Lamppost Damaged   ,POOR_LIGHTING
Traffic Chronic Speeding Street/Sidewalk PROSPECT PLACE PROSPECT PLACE,SPEEDING
Illegal Parking Blocked Crosswalk Street/Sidewalk 4292 BROADWAY BROADWAY,UNSAFE_CROSSWALK
Illegal Parking Blocked Crosswalk Street/Sidewalk 71-62 160 STREET 160 STREET,UNSAFE_CROSSWALK
Illegal Parking Blocked Crosswalk Street/Sidewalk 26-19 23 AVENUE 23 AVENUE,UNSAFE_CROSSWALK
Illegal Parking Blocked Crosswalk Street/Sidewalk 4331 KATONAH AVENUE KATONAH AVENUE,UNSAFE_CROSSWALK
Street Sign - Missing Stop Street 503 WEST 259 STREET WEST 259 STREET,MISSING_SIGNAGE
Street Sign - Damaged Other/Unknown Street 1598 AVENUE J AVENUE J,MISSING_SIGNAGE
Illegal Parking Blocked Crosswalk Street/Sidewalk DITMAS AVENUE DITMAS AVENUE,UNSAFE_CROSSWALK
Street Sign - Dangling Other/Unknown Street ST PETERS AVENUE ST PETERS AVENUE,MISSING_SIGNAGE
Illegal Parking Blocked Crosswalk Street/Sidewalk 31-11 21 STREET 21 STREET,UNSAFE_CROSSWALK
Illegal Parking Blocked Crosswalk Street/Sidewalk 10203 AVENUE D AVENUE D,UNSAFE_CROSSWALK
Illegal Parking Blocked Crosswalk Street/Sidewalk 8220 15 AVENUE 15 AVENUE,UNSAFE_CROSSWALK
Street Light Condition Lamppost Base Door/Cover Damaged  SOUTHBEACH PROMENADE SOUTHBEACH PROMENADE,POOR_LIGHTING
Illegal Parking Blocked Crosswalk Street/Sidewalk 31 STREET 31 STREET,UNSAFE_CROSSWALK
Illegal Parking Blocked Crosswalk Street/Sidewalk 74 STREET 74 STREET,UNSAFE_CROSSWALK
Illegal Parking Blocked Crosswalk Street/Sidewalk 4012 NEW UTRECHT AVENUE NEW UTRECHT AVENUE,UNSAFE_CROSSWALK
Street Light Condition Street Light Out  18 IRVING PLACE IRVING PLACE,POOR_LIGHTING
Illegal Parking Blocked Crosswalk Street/Sidewalk 81 STREET 81 STREET,UNSAFE_CROSSWALK
Illegal Parking Blocked Crosswalk Street/Sidewalk 101-19 134 STREET 134 STREET,UNSAFE_CROSSWALK
Street Light Condition Lamppost Base Door/Cover Missing  7405 5 AVENUE 5 AVENUE,POOR_LIGHTING
Traffic Congestion/Gridlock Street/Sidewalk 137-21 LIBERTY AVENUE LIBERTY AVENUE,OTHER
Illegal Parking Blocked Crosswalk Street/Sidewalk 235 RIDGEWOOD AVENUE RIDGEWOOD AVENUE,UNSAFE_CROSSWALK
Street Light Condition Street Light Out  1815 HARING STREET HARING STREET,POOR_LIGHTING
Illegal Parking Blocked Crosswalk Street/Sidewalk LAFAYETTE AVENUE LAFAYETTE AVENUE,UNSAFE_CROSSWALK
Street Light Condition Street Light Out  1617 LURTING AVENUE LURTING AVENUE,POOR_LIGHTING
Traffic Signal Condition Push Button   ,MISSING_SIGNAGE
Illegal Parking Blocked Crosswalk Street/Sidewalk 53-66 66 STREET 66 STREET,UNSAFE_CROSSWALK
Street Light Condition Street Light Out  524 WEST  162 STREET WEST  162 STREET,POOR_LIGHTING
Illegal Parking Blocked Crosswalk Street/Sidewalk 124-01 133 AVENUE 133 AVENUE,UNSAFE_CROSSWALK
Illegal Parking Blocked Crosswalk Street/Sidewalk 74 BEECHWOOD PLACE BEECHWOOD PLACE,UNSAFE_CROSSWALK
Illegal Parking Blocked Crosswalk Street/Sidewalk 1768 WALTON AVENUE WALTON AVENUE,UNSAFE_CROSSWALK
Traffic Chronic Stoplight Violation Street/Sidewalk ST PAULS AVENUE ST PAULS AVENUE,MISSING_SIGNAGE
Illegal Parking Blocked Crosswalk Street/Sidewalk WEST 3 STREET WEST 3 STREET,UNSAFE_CROSSWALK
Illegal Parking Blocked Crosswalk Street/Sidewalk 2505 OLINVILLE AVENUE OLINVILLE AVENUE,UNSAFE_CROSSWALK
Street Light Condition Street Light Out  3573 BRUCKNER BOULEVARD BRUCKNER BOULEVARD,POOR_LIGHTING
Illegal Parking Blocked Crosswalk Street/Sidewalk 106 STREET 106 STREET,UNSAFE_CROSSWALK
Street Light Condition Street Light Out  1205 PELHAM PARKWAY NORTH PELHAM PARKWAY NORTH,POOR_LIGHTING
Street Sign - Damaged St Name - Attached to Pole Street 1412 COMMONWEALTH AVENUE COMMONWEALTH AVENUE,MISSING_SIGNAGE
Illegal Parking Blocked Crosswalk Street/Sidewalk 2042 HOBART AVENUE HOBART AVENUE,UNSAFE_CROSSWALK
Illegal Parking Blocked Crosswalk Street/Sidewalk 130 EAST 77 STREET EAST 77 STREET,UNSAFE_CROSSWALK
Traffic Signal Condition Wireless   ,MISSING_SIGNAGE
Street Light Condition Street Light Out  801 CLERMONT AVENUE CLERMONT AVENUE,POOR_LIGHTING
Illegal Parking Blocked Crosswalk Street/Sidewalk 1598 ST MARKS AVENUE ST MARKS AVENUE,UNSAFE_CROSSWALK
Street Light Condition Street Light Out  574 WEST END AVENUE WEST END AVENUE,POOR_LIGHTING
Street Sign - Missing Street Cleaning - ASP Street 32-09 112 PLACE 112 PLACE,MISSING_SIGNAGE
Illegal Parking Blocked Crosswalk Street/Sidewalk 147-05 70 ROAD 70 ROAD,UNSAFE_CROSSWALK
Street Sign - Dangling Do Not Enter Street AVENUE V AVENUE V,MISSING_SIGNAGE
Illegal Parking Blocked Crosswalk Street/Sidewalk 2779 BATCHELDER STREET BATCHELDER STREET,UNSAFE_CROSSWALK
Illegal Parking Blocked Crosswalk Street/Sidewalk 62-43 138 STREET 138 STREET,UNSAFE_CROSSWALK
Illegal Parking Blocked Crosswalk Street/Sidewalk 4004 NEW UTRECHT AVENUE NEW UTRECHT AVENUE,UNSAFE_CROSSWALK
Street Light Condition Street Light Out  314 EAST  100 STREET EAST  100 STREET,POOR_LIGHTING
Street Sign - Damaged Other/Unknown Street 107 DICTUM COURT DICTUM COURT,MISSING_SIGNAGE
Street Light Condition Street Light Out  657 VANDERBILT AVENUE VANDERBILT AVENUE,POOR_LIGHTING
Street Light Condition Lamppost Knocked Down  BELT PKWY BELT PKWY,POOR_LIGHTING
Illegal Parking Blocked Crosswalk Street/Sidewalk 43 AVENUE 43 AVENUE,UNSAFE_CROSSWALK
Street Light Condition Street Light Lamp Dim   ,POOR_LIGHTING
Illegal Parking Blocked Crosswalk Street/Sidewalk 401 WEST 145 STREET WEST 145 STREET,UNSAFE_CROSSWALK
Illegal Parking Blocked Crosswalk Street/Sidewalk 62 AVENUE 62 AVENUE,UNSAFE_CROSSWALK
Illegal Parking Blocked Crosswalk Street/Sidewalk 1255 PURITAN AVENUE PURITAN AVENUE,UNSAFE_CROSSWALK
Street Light Condition Street Light Out  164 SULLIVAN PLACE SULLIVAN PLACE,POOR_LIGHTING
Street Sign - Damaged Stop Street 182 SKILLMAN STREET SKILLMAN STREET,MISSING_SIGNAGE
Street Sign - Dangling Bus Stop Street 47-20 BROADWAY BROADWAY,MISSING_SIGNAGE
Illegal Parking Blocked Crosswalk Street/Sidewalk 301 WEST 30 STREET WEST 30 STREET,UNSAFE_CROSSWALK
Street Light Condition Street Light Out  33 ALBERTA AVENUE ALBERTA AVENUE,POOR_LIGHTING
Street Sign - Missing Stop Street HERKIMER STREET HERKIMER STREET,MISSING_SIGNAGE
Illegal Parking Blocked Crosswalk Street/Sidewalk 2123 AVENUE Z AVENUE Z,UNSAFE_CROSSWALK
Illegal Parking Blocked Crosswalk Street/Sidewalk 78-11 KEW FOREST LANE KEW FOREST LANE,UNSAFE_CROSSWALK
Illegal Parking Blocked Crosswalk Street/Sidewalk 401 EAST 11 STREET EAST 11 STREET,UNSAFE_CROSSWALK
Street Light Condition Street Light Out  3012 BARKLEY AVENUE BARKLEY AVENUE,POOR_LIGHTING
Street Light Condition Street Light Out  77 ELTINGE STREET ELTINGE STREET,POOR_LIGHTING
Street Light Condition Street Light Out  70 POILLON AVENUE POILLON AVENUE,POOR_LIGHTING
Street Light Condition Street Light Out  297 MAYFAIR DRIVE NORTH MAYFAIR DRIVE NORTH,POOR_LIGHTING
Street Light Condition Street Light Out  NICHOLAS N HEYWARD JR PARK NICHOLAS N HEYWARD JR PARK,POOR_LIGHTING
Traffic Drag Racing Street/Sidewalk 26-18 21 STREET 21 STREET,SPEEDING
Street Light Condition Street Light Out  CHELSEA STREET CHELSEA STREET,POOR_LIGHTING
Street Light Condition Street Light Out  80-25 57 STREET 57 STREET,POOR_LIGHTING
Street Light Condition Street Light Out  1272 EAST   54 STREET EAST   54 STREET,POOR_LIGHTING
Street Light Condition Street Light Out  144-08 133 AVENUE 133 AVENUE,POOR_LIGHTING
Street Light Condition Street Light Out  714 MANOR COURT MANOR COURT,POOR_LIGHTING
Illegal Parking Blocked Crosswalk Street/Sidewalk 779 EAST 3 STREET EAST 3 STREET,UNSAFE_CROSSWALK
Illegal Parking Blocked Crosswalk Street/Sidewalk WEST 106 STREET WEST 106 STREET,UNSAFE_CROSSWALK
Street Light Condition Street Light Out  142 HENRY STREET HENRY STREET,POOR_LIGHTING
Illegal Parking Blocked Crosswalk Street/Sidewalk 551 EAST 3 STREET EAST 3 STREET,UNSAFE_CROSSWALK
Street Light Condition Street Light Lamp Dim  270 5 STREET 5 STREET,POOR_LIGHTING
Street Light Condition Street Light Out  123 SENATOR STREET SENATOR STREET,POOR_LIGHTING
Illegal Parking Blocked Crosswalk Street/Sidewalk 332 FOSTER AVENUE FOSTER AVENUE,UNSAFE_CROSSWALK
Illegal Parking Blocked Crosswalk Street/Sidewalk 557 EAST 3 STREET EAST 3 STREET,UNSAFE_CROSSWALK
Illegal Parking Blocked Crosswalk Street/Sidewalk 937 60 STREET 60 STREET,UNSAFE_CROSSWALK
Traffic Drag Racing Street/Sidewalk 2260 BRONX PARK EAST BRONX PARK EAST,SPEEDING
Street Light Condition Street Light Out  78-03 151 AVENUE 151 AVENUE,POOR_LIGHTING
Street Light Condition Street Light Out  1786 LACOMBE AVENUE LACOMBE AVENUE,POOR_LIGHTING
Illegal Parking Blocked Crosswalk Street/Sidewalk 2112 FREDERICK DOUGLASS BOULEVARD FREDERICK DOUGLASS BOULEVARD,UNSAFE_CROSSWALK
Street Light Condition Street Light Out  60 STREET 60 STREET,POOR_LIGHTING
Street Light Condition Street Light Cycling  11 DONGAN PLACE DONGAN PLACE,POOR_LIGHTING
Illegal Parking Blocked Crosswalk Street/Sidewalk NAGLE AVENUE NAGLE AVENUE,UNSAFE_CROSSWALK
Illegal Parking Blocked Crosswalk Street/Sidewalk 64-03 CATALPA AVENUE CATALPA AVENUE,UNSAFE_CROSSWALK
Illegal Parking Blocked Crosswalk Street/Sidewalk 86-25 DEXTER COURT DEXTER COURT,UNSAFE_CROSSWALK
Illegal Parking Blocked Crosswalk Street/Sidewalk 6820 17 AVENUE 17 AVENUE,UNSAFE_CROSSWALK
Traffic Drag Racing Street/Sidewalk OCEAN PARKWAY OCEAN PARKWAY,SPEEDING
Street Light Condition Street Light Out  1911 WOODBINE STREET WOODBINE STREET,POOR_LIGHTING
Street Light Condition Street Light Out  4216 ROBINSON STREET ROBINSON STREET,POOR_LIGHTING
Street Light Condition Street Light Out  1401 BURKE AVENUE BURKE AVENUE,POOR_LIGHTING
Street Sign - Damaged St Name - Attached to Pole Street HUGH J GRANT CIRCLE HUGH J GRANT CIRCLE,MISSING_SIGNAGE
Street Sign - Damaged St Name - Attached to Pole Street 86 LUDLOW STREET LUDLOW STREET,MISSING_SIGNAGE
"Street Sign - Damaged No Parking, Standing, Stopping Street 140-38 POPLAR AVENUE POPLAR AVENUE",MISSING_SIGNAGE
Street Light Condition Lamppost Base Door/Cover Damaged   ,POOR_LIGHTING
Illegal Parking Blocked Crosswalk Street/Sidewalk 153 WEST 54 STREET WEST 54 STREET,UNSAFE_CROSSWALK
Illegal Parking Blocked Crosswalk Street/Sidewalk 46 NINTH STREET NINTH STREET,UNSAFE_CROSSWALK
Illegal Parking Blocked Crosswalk Street/Sidewalk 9 STREET 9 STREET,UNSAFE_CROSSWALK
Illegal Parking Blocked Crosswalk Street/Sidewalk 6223 23 AVENUE 23 AVENUE,UNSAFE_CROSSWALK
Illegal Parking Blocked Crosswalk Street/Sidewalk 1154 FLUSHING AVENUE FLUSHING AVENUE,UNSAFE_CROSSWALK
Illegal Parking Blocked Crosswalk Street/Sidewalk 1555 LINDEN BOULEVARD LINDEN BOULEVARD,UNSAFE_CROSSWALK
Street Light Condition Street Light Out  50 JANSEN STREET JANSEN STREET,POOR_LIGHTING
Street Light Condition Street Light Out  34-50 87 STREET 87 STREET,POOR_LIGHTING
Illegal Parking Blocked Crosswalk Street/Sidewalk 18 AVENUE 18 AVENUE,UNSAFE_CROSSWALK
Street Sign - Missing Other/Unknown Street 186 FRONT STREET FRONT STREET,MISSING_SIGNAGE
Illegal Parking Blocked Crosswalk Street/Sidewalk 449 VANDERVOORT AVENUE VANDERVOORT AVENUE,UNSAFE_CROSSWALK
Street Light Condition Street Light Out  38 ADRIAN AVENUE ADRIAN AVENUE,POOR_LIGHTING
Street Light Condition Multiple St Lts Dayburning  WILLIAMSBRIDGE OVAL WILLIAMSBRIDGE OVAL,POOR_LIGHTING
Illegal Parking Blocked Crosswalk Street/Sidewalk 80-50 CYPRESS AVENUE CYPRESS AVENUE,UNSAFE_CROSSWALK
Illegal Parking Blocked Crosswalk Street/Sidewalk 100 NORTH MOORE STREET NORTH MOORE STREET,UNSAFE_CROSSWALK
Illegal Parking Blocked Crosswalk Street/Sidewalk ASCAN AVENUE ASCAN AVENUE,UNSAFE_CROSSWALK
Street Sign - Missing Speed Limit Street 2424 BATCHELDER STREET BATCHELDER STREET,MISSING_SIGNAGE
Street Light Condition Street Light Out  778 TYSENS LANE TYSENS LANE,POOR_LIGHTING
Street Sign - Dangling Other/Unknown Street FRANCIS LEWIS BOULEVARD FRANCIS LEWIS BOULEVARD,MISSING_SIGNAGE
Street Light Condition Street Light Out  450 NEW JERSEY AVENUE NEW JERSEY AVENUE,POOR_LIGHTING
Illegal Parking Blocked Crosswalk Street/Sidewalk 375 EAST 188 STREET EAST 188 STREET,UNSAFE_CROSSWALK
Street Sign - Damaged Other/Unknown Street LEFFERTS AVENUE LEFFERTS AVENUE,MISSING_SIGNAGE
Illegal Parking Blocked Crosswalk Street/Sidewalk 4622 3 AVENUE 3 AVENUE,UNSAFE_CROSSWALK
"Street Sign - Missing No Parking, Standing, Stopping Street 77-15 19 ROAD 19 ROAD",MISSING_SIGNAGE
Street Light Condition Street Light Out  89-14 DESARC ROAD DESARC ROAD,POOR_LIGHTING
Street Light Condition Street Light Out  117-21 124 STREET 124 STREET,POOR_LIGHTING
Street Sign - Damaged Other/Unknown Street 1001 FOSTER AVENUE FOSTER AVENUE,MISSING_SIGNAGE
Illegal Parking Blocked Crosswalk Street/Sidewalk 218-16 67 AVENUE 67 AVENUE,UNSAFE_CROSSWALK
Street Sign - Damaged Street Cleaning - ASP Street 1750 BATHGATE AVENUE BATHGATE AVENUE,MISSING_SIGNAGE
Street Sign - Damaged Other/Unknown Street 923 FOSTER AVENUE FOSTER AVENUE,MISSING_SIGNAGE
"Street Sign - Missing No Parking, Standing, Stopping Street 72-14 CYPRESS HILLS STREET CYPRESS HILLS STREET",MISSING_SIGNAGE
Street Sign - Damaged Bus Stop Street 3936 BAILEY AVENUE BAILEY AVENUE,MISSING_SIGNAGE
Street Sign - Damaged One Way Street 132 JORALEMON STREET JORALEMON STREET,MISSING_SIGNAGE
Street Sign - Damaged Other/Unknown Street 920 FOSTER AVENUE FOSTER AVENUE,MISSING_SIGNAGE
Street Sign - Damaged Bus Stop Street WEST 238 STREET WEST 238 STREET,MISSING_SIGNAGE
Illegal Parking Blocked Crosswalk Street/Sidewalk VERMONT STREET VERMONT STREET,UNSAFE_CROSSWALK
Street Light Condition Street Light Out  86 LAKE AVENUE LAKE AVENUE,POOR_LIGHTING
Traffic Signal Condition Ped Visor   ,MISSING_SIGNAGE
Street Sign - Dangling Street Cleaning - ASP Street 233 WYCKOFF STREET WYCKOFF STREET,MISSING_SIGNAGE
Illegal Parking Blocked Crosswalk Street/Sidewalk 221 FORBELL STREET FORBELL STREET,UNSAFE_CROSSWALK
Street Light Condition Street Light Out  571 FOX STREET FOX STREET,POOR_LIGHTING
Street Light Condition Street Light Out  2924 SUMMIT PLACE SUMMIT PLACE,POOR_LIGHTING
Street Light Condition Glassware Hanging   ,POOR_LIGHTING
Street Light Condition Lamppost Base Door/Cover Open   ,POOR_LIGHTING
Street Sign - Missing Other/Unknown Street 173-21 140 AVENUE 140 AVENUE,MISSING_SIGNAGE
Street Sign - Damaged Other/Unknown Street 214 BEACH 3 STREET BEACH 3 STREET,MISSING_SIGNAGE
Illegal Parking Blocked Crosswalk Street/Sidewalk 4302 NEW UTRECHT AVENUE NEW UTRECHT AVENUE,UNSAFE_CROSSWALK
"Street Sign - Dangling No Parking, Standing, Stopping Street 106-20 SHOREFRONT PARKWAY SHOREFRONT PARKWAY",MISSING_SIGNAGE
Street Sign - Damaged Other/Unknown Street WOODPOINT ROAD WOODPOINT ROAD,MISSING_SIGNAGE
Illegal Parking Blocked Crosswalk Street/Sidewalk 25-33 22 STREET 22 STREET,UNSAFE_CROSSWALK
Illegal Parking Blocked Crosswalk Street/Sidewalk 421 WEST 145 STREET WEST 145 STREET,UNSAFE_CROSSWALK
"Street Sign - Missing No Parking, Standing, Stopping Street 39 SOUTH STREET SOUTH STREET",MISSING_SIGNAGE
Street Light Condition Multiple Street Lights Out  FORT WASHINGTON PARK FORT WASHINGTON PARK,POOR_LIGHTING
Street Light Condition Street Light Out  HUDSON RIVER HUDSON RIVER,POOR_LIGHTING
Street Light Condition Multiple Street Lights Out  HUDSON RIVER HUDSON RIVER,POOR_LIGHTING
Street Light Condition Street Light Out  SAKURA PARK SAKURA PARK,POOR_LIGHTING
Street Light Condition Multiple Street Lights Out  RIVERSIDE DR PARKS RIVERSIDE DR PARKS,POOR_LIGHTING
Illegal Parking Blocked Crosswalk Street/Sidewalk 73-13 57 ROAD 57 ROAD,UNSAFE_CROSSWALK
Street Light Condition Fixture/Luminaire Damaged   ,POOR_LIGHTING
Street Light Condition Street Light Out  459 STOCKHOLM STREET STOCKHOLM STREET,POOR_LIGHTING
Street Light Condition Multiple Street Lights Out  MADISON SQUARE GARDEN MADISON SQUARE GARDEN,POOR_LIGHTING
Street Light Condition Multiple Street Lights Out  DR GERTRUDE B KELLY PLGD DR GERTRUDE B KELLY PLGD,POOR_LIGHTING
Street Light Condition Multiple Street Lights Out  CHELSEA PARK CHELSEA PARK,POOR_LIGHTING
Street Light Condition Multiple Street Lights Out  DE WITT CLINTON PARK DE WITT CLINTON PARK,POOR_LIGHTING
Street Light Condition Multiple Street Lights Out  RAMON APONTE PARK RAMON APONTE PARK,POOR_LIGHTING
Street Light Condition Street Light Out  MATTHEWS PALMER PLGD MATTHEWS PALMER PLGD,POOR_LIGHTING
Illegal Parking Blocked Crosswalk Street/Sidewalk 1116 AVENUE X AVENUE X,UNSAFE_CROSSWALK
Illegal Parking Blocked Crosswalk Street/Sidewalk 134 MABEL WAYNE PLACE MABEL WAYNE PLACE,UNSAFE_CROSSWALK
Street Sign - Damaged Other/Unknown Street 250 BERRY STREET BERRY STREET,MISSING_SIGNAGE
Street Light Condition Street Light Out  105 RUTLAND ROAD RUTLAND ROAD,POOR_LIGHTING
Street Light Condition Street Light Out  147 LUDLOW STREET LUDLOW STREET,POOR_LIGHTING
Street Light Condition Fixture/Luminaire Damaged  1436 ALLERTON AVENUE ALLERTON AVENUE,POOR_LIGHTING
Illegal Parking Blocked Crosswalk Street/Sidewalk 2567 POE PLACE POE PLACE,UNSAFE_CROSSWALK
Street Sign - Damaged Stop Street 1295 GRAND CONCOURSE GRAND CONCOURSE,MISSING_SIGNAGE
Street Sign - Damaged Bus Stop Street RIVERDALE AVENUE RIVERDALE AVENUE,MISSING_SIGNAGE
Street Light Condition Street Light Out  -999 81 STREET 81 STREET,POOR_LIGHTING
Street Sign - Damaged Stop Street 175 CLAREMONT AVENUE CLAREMONT AVENUE,MISSING_SIGNAGE
Illegal Parking Blocked Crosswalk Street/Sidewalk 29-24 23 ROAD 23 ROAD,UNSAFE_CROSSWALK
Illegal Parking Blocked Crosswalk Street/Sidewalk BEDFORD AVENUE BEDFORD AVENUE,UNSAFE_CROSSWALK
Illegal Parking Blocked Crosswalk Street/Sidewalk 140 WEST 55 STREET WEST 55 STREET,UNSAFE_CROSSWALK
"Street Sign - Damaged No Parking, Standing, Stopping Street 64-28 METROPOLITAN AVENUE METROPOLITAN AVENUE",MISSING_SIGNAGE
Street Light Condition Street Light Cycling  82-15 BELL BOULEVARD BELL BOULEVARD,POOR_LIGHTING
"Street Sign - Dangling No Parking, Standing, Stopping Street 427 MANOR ROAD MANOR ROAD",MISSING_SIGNAGE
Illegal Parking Blocked Crosswalk Street/Sidewalk ARLENE STREET ARLENE STREET,UNSAFE_CROSSWALK
Street Sign - Missing Speed Limit Street 2985 AVENUE X AVENUE X,MISSING_SIGNAGE
Illegal Parking Blocked Crosswalk Street/Sidewalk 72-42 CALDWELL AVENUE CALDWELL AVENUE,UNSAFE_CROSSWALK
Illegal Parking Blocked Crosswalk Street/Sidewalk 56-03 UTOPIA PARKWAY UTOPIA PARKWAY,UNSAFE_CROSSWALK
Illegal Parking Blocked Crosswalk Street/Sidewalk 2 PROSPECT PLACE PROSPECT PLACE,UNSAFE_CROSSWALK
Illegal Parking Blocked Crosswalk Street/Sidewalk 640 FIFTH AVENUE FIFTH AVENUE,UNSAFE_CROSSWALK
Street Light Condition Street Light Out  1501 CORTELYOU ROAD CORTELYOU ROAD,POOR_LIGHTING
Street Sign - Dangling Bus Stop Street SHELL ROAD SHELL ROAD,MISSING_SIGNAGE
Street Sign - Missing Other/Unknown Street 30-35 WHITE PLACE WHITE PLACE,MISSING_SIGNAGE
Traffic Signal Condition Warning Buzzer   ,MISSING_SIGNAGE
Traffic Chronic Speeding Street/Sidewalk 58-21 43 AVENUE 43 AVENUE,SPEEDING
Illegal Parking Blocked Crosswalk Street/Sidewalk 78-01 35 AVENUE 35 AVENUE,UNSAFE_CROSSWALK
Street Light Condition Lamppost Missing  427 WEST  147 STREET WEST  147 STREET,POOR_LIGHTING
Illegal Parking Blocked Crosswalk Street/Sidewalk 61 BROADWAY BROADWAY,UNSAFE_CROSSWALK
Illegal Parking Blocked Crosswalk Street/Sidewalk 71-30 BEACH CHANNEL DRIVE BEACH CHANNEL DRIVE,UNSAFE_CROSSWALK
Street Sign - Damaged Bus Stop Street WEST 181 STREET WEST 181 STREET,MISSING_SIGNAGE
Street Light Condition Multiple Street Lights Out  BKLYN QUEENS EXPY BKLYN QUEENS EXPY,POOR_LIGHTING
Illegal Parking Blocked Crosswalk Street/Sidewalk 535 MARCY AVENUE MARCY AVENUE,UNSAFE_CROSSWALK
Street Sign - Damaged Other/Unknown Street 511 EAST 20 STREET EAST 20 STREET,MISSING_SIGNAGE
Street Sign - Dangling Other/Unknown Street 3153 BROADWAY BROADWAY,MISSING_SIGNAGE
Street Sign - Dangling Other/Unknown Street 315 EAST 47 STREET EAST 47 STREET,MISSING_SIGNAGE
Street Light Condition Street Light Out  CHERRY CLINTON PLGD CHERRY CLINTON PLGD,POOR_LIGHTING
Traffic Truck Route Violation Street/Sidewalk 9 AVENUE 9 AVENUE,OTHER
Illegal Parking Blocked Crosswalk Street/Sidewalk 72-44 CALDWELL AVENUE CALDWELL AVENUE,UNSAFE_CROSSWALK
Street Sign - Damaged Other/Unknown Street 133-47 41 ROAD 41 ROAD,MISSING_SIGNAGE
Street Light Condition Street Light Out  GRAND STREET GRAND STREET,POOR_LIGHTING
Street Light Condition Street Light Out  QUEENSBORO BRIDGE QUEENSBORO BRIDGE,POOR_LIGHTING
Illegal Parking Blocked Crosswalk Street/Sidewalk 155 ELMIRA LOOP ELMIRA LOOP,UNSAFE_CROSSWALK
Illegal Parking Blocked Crosswalk Street/Sidewalk 735 RUGBY ROAD RUGBY ROAD,UNSAFE_CROSSWALK
Street Sign - Missing Other/Unknown Street FRANCIS LEWIS BOULEVARD FRANCIS LEWIS BOULEVARD,MISSING_SIGNAGE
Street Light Condition Street Light Out  GRAND ST GRAND ST,POOR_LIGHTING
Street Sign - Dangling One Way Street 2227 WEST 1 STREET WEST 1 STREET,MISSING_SIGNAGE
Illegal Parking Blocked Crosswalk Street/Sidewalk 3404 BRUNER AVENUE BRUNER AVENUE,UNSAFE_CROSSWALK
Street Light Condition Street Light Out  123 WEST   20 STREET WEST   20 STREET,POOR_LIGHTING
Street Light Condition Lamppost Base Door/Cover Open  HINTON PARK HINTON PARK,POOR_LIGHTING
Street Light Condition Street Light Out  FATHER DEMO SQR FATHER DEMO SQR,POOR_LIGHTING
Street Light Condition Street Light Out  BLEECKER ST BLEECKER ST,POOR_LIGHTING
Illegal Parking Blocked Crosswalk Street/Sidewalk 5615 ARLINGTON AVENUE ARLINGTON AVENUE,UNSAFE_CROSSWALK
Illegal Parking Blocked Crosswalk Street/Sidewalk 9824 AVENUE M AVENUE M,UNSAFE_CROSSWALK
Illegal Parking Blocked Crosswalk Street/Sidewalk 4360 BOYD AVENUE BOYD AVENUE,UNSAFE_CROSSWALK
Illegal Parking Blocked Crosswalk Street/Sidewalk 608 PACIFIC STREET PACIFIC STREET,UNSAFE_CROSSWALK
Illegal Parking Blocked Crosswalk Street/Sidewalk 1000 NEILL AVENUE NEILL AVENUE,UNSAFE_CROSSWALK
Street Light Condition Street Light Out  69 WADSWORTH AVENUE WADSWORTH AVENUE,POOR_LIGHTING
Street Sign - Damaged Street Cleaning - ASP Street 567 FOX STREET FOX STREET,MISSING_SIGNAGE
Illegal Parking Blocked Crosswalk Street/Sidewalk 163 DIVISION AVENUE DIVISION AVENUE,UNSAFE_CROSSWALK
Illegal Parking Blocked Crosswalk Street/Sidewalk 144 WEST 54 STREET WEST 54 STREET,UNSAFE_CROSSWALK
Illegal Parking Blocked Crosswalk Street/Sidewalk 56 LEWIS AVENUE LEWIS AVENUE,UNSAFE_CROSSWALK
Illegal Parking Blocked Crosswalk Street/Sidewalk SHALER AVENUE SHALER AVENUE,UNSAFE_CROSSWALK
Traffic Congestion/Gridlock Street/Sidewalk SCHENECTADY AVENUE SCHENECTADY AVENUE,OTHER
Street Light Condition Street Light Out  1060 EAST   24 STREET EAST   24 STREET,POOR_LIGHTING
Traffic Congestion/Gridlock Street/Sidewalk CONEY ISLAND AVENUE CONEY ISLAND AVENUE,OTHER
Illegal Parking Blocked Crosswalk Street/Sidewalk 61-60 GATES AVENUE GATES AVENUE,UNSAFE_CROSSWALK
Illegal Parking Blocked Crosswalk Street/Sidewalk 74-30 COMMONWEALTH BOULEVARD COMMONWEALTH BOULEVARD,UNSAFE_CROSSWALK
Illegal Parking Blocked Crosswalk Street/Sidewalk 895 WEST END AVENUE WEST END AVENUE,UNSAFE_CROSSWALK
Illegal Parking Blocked Crosswalk Street/Sidewalk 73-03 57 ROAD 57 ROAD,UNSAFE_CROSSWALK
Illegal Parking Blocked Crosswalk Street/Sidewalk EAST 182 STREET EAST 182 STREET,UNSAFE_CROSSWALK
Illegal Parking Blocked Crosswalk Street/Sidewalk 890 WEST END AVENUE WEST END AVENUE,UNSAFE_CROSSWALK
Illegal Parking Blocked Crosswalk Street/Sidewalk 42-33 24 STREET 24 STREET,UNSAFE_CROSSWALK
Illegal Parking Blocked Crosswalk Street/Sidewalk 64-59 60 AVENUE 60 AVENUE,UNSAFE_CROSSWALK
Illegal Parking Blocked Crosswalk Street/Sidewalk 331 BEACH 35 STREET BEACH 35 STREET,UNSAFE_CROSSWALK
Street Sign - Dangling Street Cleaning - ASP Street 565 LINWOOD STREET LINWOOD STREET,MISSING_SIGNAGE
Illegal Parking Blocked Crosswalk Street/Sidewalk 240 EAST 69 STREET EAST 69 STREET,UNSAFE_CROSSWALK
Illegal Parking Blocked Crosswalk Street/Sidewalk 177 33 STREET 33 STREET,UNSAFE_CROSSWALK
Illegal Parking Blocked Crosswalk Street/Sidewalk 154-02 19 AVENUE 19 AVENUE,UNSAFE_CROSSWALK
Street Light Condition Street Light Out  48 WARD AVENUE WARD AVENUE,POOR_LIGHTING
Illegal Parking Blocked Crosswalk Street/Sidewalk 4930 20 AVENUE 20 AVENUE,UNSAFE_CROSSWALK
Illegal Parking Blocked Crosswalk Street/Sidewalk 301 UNION AVENUE UNION AVENUE,UNSAFE_CROSSWALK
Illegal Parking Blocked Crosswalk Street/Sidewalk 7101 19 AVENUE 19 AVENUE,UNSAFE_CROSSWALK
Illegal Parking Blocked Crosswalk Street/Sidewalk 276 CHESTNUT STREET CHESTNUT STREET,UNSAFE_CROSSWALK
Illegal Parking Blocked Crosswalk Street/Sidewalk 97 4 AVENUE 4 AVENUE,UNSAFE_CROSSWALK
Traffic Signal Condition CMU Communication   ,MISSING_SIGNAGE
Illegal Parking Blocked Crosswalk Street/Sidewalk BEACH 35 STREET BEACH 35 STREET,UNSAFE_CROSSWALK
"Street Sign - Missing No Parking, Standing, Stopping Street 2660 3 AVENUE 3 AVENUE",MISSING_SIGNAGE
Street Sign - Missing Other/Unknown Street 3 AVENUE 3 AVENUE,MISSING_SIGNAGE
Street Sign - Damaged School Crossing Street 58-74 57 STREET 57 STREET,MISSING_SIGNAGE
Street Light Condition Street Light Out  71 COLUMBIA HEIGHTS COLUMBIA HEIGHTS,POOR_LIGHTING
Illegal Parking Blocked Crosswalk Street/Sidewalk 61-47 GATES AVENUE GATES AVENUE,UNSAFE_CROSSWALK
Street Light Condition Street Light Out  CADMAN PLAZA CADMAN PLAZA,POOR_LIGHTING
Street Light Condition Street Light Out  COLUMBUS PARK COLUMBUS PARK,POOR_LIGHTING
Illegal Parking Blocked Crosswalk Street/Sidewalk FRANKLIN AVENUE FRANKLIN AVENUE,UNSAFE_CROSSWALK
Illegal Parking Blocked Crosswalk Street/Sidewalk 43 DONGAN AVENUE DONGAN AVENUE,UNSAFE_CROSSWALK
Illegal Parking Blocked Crosswalk Street/Sidewalk 92-01 95 AVENUE 95 AVENUE,UNSAFE_CROSSWALK
Illegal Parking Blocked Crosswalk Street/Sidewalk 74-26 JAMAICA AVENUE JAMAICA AVENUE,UNSAFE_CROSSWALK
Illegal Parking Blocked Crosswalk Street/Sidewalk 47-50 59 PLACE 59 PLACE,UNSAFE_CROSSWALK
Street Light Condition Street Light Out  201 LITTLE CLOVE ROAD LITTLE CLOVE ROAD,POOR_LIGHTING
"Street Sign - Damaged No Parking, Standing, Stopping Street 307 WEST 26 STREET WEST 26 STREET",MISSING_SIGNAGE
Illegal Parking Blocked Crosswalk Street/Sidewalk SPENCER AVENUE SPENCER AVENUE,UNSAFE_CROSSWALK
Street Light Condition Street Light Out  1514 COLEMAN STREET COLEMAN STREET,POOR_LIGHTING
Street Light Condition Street Light Out  687 WEST  204 STREET WEST  204 STREET,POOR_LIGHTING
Illegal Parking Blocked Crosswalk Street/Sidewalk 50-34 68 STREET 68 STREET,UNSAFE_CROSSWALK
Traffic Drag Racing Street/Sidewalk 116-20 130 STREET 130 STREET,SPEEDING
Illegal Parking Blocked Crosswalk Street/Sidewalk 122-20 OCEAN PROMENADE OCEAN PROMENADE,UNSAFE_CROSSWALK
Street Light Condition Street Light Out  857 MARCY AVENUE MARCY AVENUE,POOR_LIGHTING
Illegal Parking Blocked Crosswalk Street/Sidewalk 1795 PATTERSON AVENUE PATTERSON AVENUE,UNSAFE_CROSSWALK
Street Light Condition Street Light Out  465 WEST  148 STREET WEST  148 STREET,POOR_LIGHTING
Street Light Condition Street Light Out  34 AINSWORTH AVENUE AINSWORTH AVENUE,POOR_LIGHTING
Traffic Chronic Speeding Street/Sidewalk 2819 HYLAN BOULEVARD HYLAN BOULEVARD,SPEEDING
Street Light Condition Street Light Out  119-67 LONG STREET LONG STREET,POOR_LIGHTING
Illegal Parking Blocked Crosswalk Street/Sidewalk 85-05 60 DRIVE 60 DRIVE,UNSAFE_CROSSWALK
Street Sign - Dangling Other/Unknown Street WEST 79 STREET WEST 79 STREET,MISSING_SIGNAGE
Illegal Parking Blocked Crosswalk Street/Sidewalk 40 WINSTON STREET WINSTON STREET,UNSAFE_CROSSWALK
Street Light Condition Street Light Out  163 MULBERRY STREET MULBERRY STREET,POOR_LIGHTING
Street Light Condition Street Light Out  85 STREET 85 STREET,POOR_LIGHTING
Street Light Condition Street Light Out  -999 59 PLACE 59 PLACE,POOR_LIGHTING
Street Light Condition Street Light Out  32-43 110 STREET 110 STREET,POOR_LIGHTING
Illegal Parking Blocked Crosswalk Street/Sidewalk 20-67 SHORE BOULEVARD SHORE BOULEVARD,UNSAFE_CROSSWALK
Street Light Condition Street Light Lamp Dim  250 BROOME STREET BROOME STREET,POOR_LIGHTING
Illegal Parking Blocked Crosswalk Street/Sidewalk 18-08 21 AVENUE 21 AVENUE,UNSAFE_CROSSWALK
Street Light Condition Street Light Out  91-31 183 STREET 183 STREET,POOR_LIGHTING
Street Light Condition Street Light Out  78-18 165 STREET 165 STREET,POOR_LIGHTING
Illegal Parking Blocked Crosswalk Street/Sidewalk GREENWICH STREET GREENWICH STREET,UNSAFE_CROSSWALK
Street Light Condition Street Light Out  40-04 202 STREET 202 STREET,POOR_LIGHTING
Illegal Parking Blocked Crosswalk Street/Sidewalk 1950 EAST 177 STREET EAST 177 STREET,UNSAFE_CROSSWALK
Illegal Parking Blocked Crosswalk Street/Sidewalk 2 MARINE AVENUE MARINE AVENUE,UNSAFE_CROSSWALK
Street Light Condition Street Light Out  172-09 AMELIA ROAD AMELIA ROAD,POOR_LIGHTING
Street Light Condition Street Light Out  139-36 88 ROAD 88 ROAD,POOR_LIGHTING
Street Light Condition Street Light Out  435 EAST  105 STREET EAST  105 STREET,POOR_LIGHTING
Street Light Condition Street Light Lamp Dim  875 COLUMBUS AVENUE COLUMBUS AVENUE,POOR_LIGHTING
Illegal Parking Blocked Crosswalk Street/Sidewalk 75-10 91 AVENUE 91 AVENUE,UNSAFE_CROSSWALK
Illegal Parking Blocked Crosswalk Street/Sidewalk 103-18 OTIS AVENUE OTIS AVENUE,UNSAFE_CROSSWALK
Street Light Condition Fixture/Luminaire Missing  MARINE PARK MARINE PARK,POOR_LIGHTING
Street Sign - Damaged Stop Street 265 GUYON AVENUE GUYON AVENUE,MISSING_SIGNAGE
Illegal Parking Blocked Crosswalk Street/Sidewalk 1 MAIN STREET MAIN STREET,UNSAFE_CROSSWALK
Illegal Parking Blocked Crosswalk Street/Sidewalk 313 STATE STREET STATE STREET,UNSAFE_CROSSWALK
Illegal Parking Blocked Crosswalk Street/Sidewalk WEST 163 STREET WEST 163 STREET,UNSAFE_CROSSWALK
Street Sign - Damaged St Name - Attached to Pole Street 292 WESTERVELT AVENUE WESTERVELT AVENUE,MISSING_SIGNAGE
Street Light Condition Street Light Out  715 EAST  181 STREET EAST  181 STREET,POOR_LIGHTING
Illegal Parking Blocked Crosswalk Street/Sidewalk 4606 FORT HAMILTON PARKWAY FORT HAMILTON PARKWAY,UNSAFE_CROSSWALK
Street Light Condition Street Light Out  2530 LURTING AVENUE LURTING AVENUE,POOR_LIGHTING
Street Sign - Damaged Other/Unknown Street 3703 10 AVENUE 10 AVENUE,MISSING_SIGNAGE
Street Sign - Missing Street Cleaning - ASP Street 1843 SCHIEFFELIN AVENUE SCHIEFFELIN AVENUE,MISSING_SIGNAGE
Illegal Parking Blocked Crosswalk Street/Sidewalk 794 PARK AVENUE PARK AVENUE,UNSAFE_CROSSWALK
Street Light Condition Street Light Out  506 UTICA AVENUE UTICA AVENUE,POOR_LIGHTING
"Street Sign - Damaged No Parking, Standing, Stopping Street 93-11 241 STREET 241 STREET",MISSING_SIGNAGE
Street Light Condition Street Light Out  2003 AVENUE Z AVENUE Z,POOR_LIGHTING
"Street Sign - Dangling No Parking, Standing, Stopping Street 2492 LINDEN BOULEVARD LINDEN BOULEVARD",MISSING_SIGNAGE
Illegal Parking Blocked Crosswalk Street/Sidewalk 5802 AVENUE N AVENUE N,UNSAFE_CROSSWALK
Illegal Parking Blocked Crosswalk Street/Sidewalk 75-01 30 AVENUE 30 AVENUE,UNSAFE_CROSSWALK
Illegal Parking Blocked Crosswalk Street/Sidewalk 70-06 ELIOT AVENUE ELIOT AVENUE,UNSAFE_CROSSWALK
Street Sign - Damaged One Way Street ATKINS AVENUE ATKINS AVENUE,MISSING_SIGNAGE
Illegal Parking Blocked Crosswalk Street/Sidewalk 235 EAST 91 STREET EAST 91 STREET,UNSAFE_CROSSWALK
Street Sign - Damaged Stop Street CLEVELAND STREET CLEVELAND STREET,MISSING_SIGNAGE
Street Light Condition Street Light Out  475 STAFFORD AVENUE STAFFORD AVENUE,POOR_LIGHTING
Street Sign - Damaged Street Cleaning - ASP Street 280 WILLIAMS AVENUE WILLIAMS AVENUE,MISSING_SIGNAGE
Illegal Parking Blocked Crosswalk Street/Sidewalk 448 WYTHE AVENUE WYTHE AVENUE,UNSAFE_CROSSWALK
Illegal Parking Blocked Crosswalk Street/Sidewalk 69-18 242 STREET 242 STREET,UNSAFE_CROSSWALK
Illegal Parking Blocked Crosswalk Street/Sidewalk 232 WEST KINGSBRIDGE ROAD WEST KINGSBRIDGE ROAD,UNSAFE_CROSSWALK
Illegal Parking Blocked Crosswalk Street/Sidewalk 160 RIVERSIDE BOULEVARD RIVERSIDE BOULEVARD,UNSAFE_CROSSWALK
Illegal Parking Blocked Crosswalk Street/Sidewalk 218-18 67 AVENUE 67 AVENUE,UNSAFE_CROSSWALK
Illegal Parking Blocked Crosswalk Street/Sidewalk 61-20 223 PLACE 223 PLACE,UNSAFE_CROSSWALK
Illegal Parking Blocked Crosswalk Street/Sidewalk 45-40 PARSONS BOULEVARD PARSONS BOULEVARD,UNSAFE_CROSSWALK
Street Light Condition Street Light Out  WARING AVENUE WARING AVENUE,POOR_LIGHTING
Illegal Parking Blocked Crosswalk Street/Sidewalk 60-50 CATALPA AVENUE CATALPA AVENUE,UNSAFE_CROSSWALK
Illegal Parking Blocked Crosswalk Street/Sidewalk 76-01 60 LANE 60 LANE,UNSAFE_CROSSWALK
Illegal Parking Blocked Crosswalk Street/Sidewalk 69-15 60 LANE 60 LANE,UNSAFE_CROSSWALK
"Street Sign - Missing No Parking, Standing, Stopping Street 988 EAST 21 STREET EAST 21 STREET",MISSING_SIGNAGE
Illegal Parking Blocked Crosswalk Street/Sidewalk 40 AMSTERDAM AVENUE AMSTERDAM AVENUE,UNSAFE_CROSSWALK
Street Sign - Dangling St Name - Over Intersection Street 135 WEST 78 STREET WEST 78 STREET,MISSING_SIGNAGE
Illegal Parking Blocked Crosswalk Street/Sidewalk 37-07 62 STREET 62 STREET,UNSAFE_CROSSWALK
Traffic Congestion/Gridlock Street/Sidewalk 123 COLUMBIA STREET COLUMBIA STREET,OTHER
Illegal Parking Blocked Crosswalk Street/Sidewalk 790 RIVERSIDE DRIVE RIVERSIDE DRIVE,UNSAFE_CROSSWALK
Illegal Parking Blocked Crosswalk Street/Sidewalk 76-15 35 AVENUE 35 AVENUE,UNSAFE_CROSSWALK
Street Light Condition Street Light Out  2609 BRIGGS AVENUE BRIGGS AVENUE,POOR_LIGHTING
Illegal Parking Blocked Crosswalk Street/Sidewalk 1180 THIRD AVENUE THIRD AVENUE,UNSAFE_CROSSWALK
Street Sign - Dangling Other/Unknown Street 211 STREET 211 STREET,MISSING_SIGNAGE
Street Sign - Damaged Stop Street 1183 BEDFORD AVENUE BEDFORD AVENUE,MISSING_SIGNAGE
Illegal Parking Blocked Crosswalk Street/Sidewalk WASHINGTON STREET WASHINGTON STREET,UNSAFE_CROSSWALK
"Street Sign - Dangling No Parking, Standing, Stopping Street 380 CHAUNCEY STREET CHAUNCEY STREET",MISSING_SIGNAGE
Street Sign - Missing Stop Street 12 STREET 12 STREET,MISSING_SIGNAGE
Illegal Parking Blocked Crosswalk Street/Sidewalk 4432 BRUNER AVENUE BRUNER AVENUE,UNSAFE_CROSSWALK
Illegal Parking Blocked Crosswalk Street/Sidewalk WEST 183 STREET WEST 183 STREET,UNSAFE_CROSSWALK
Traffic Congestion/Gridlock Street/Sidewalk ELIZABETH STREET ELIZABETH STREET,OTHER
Illegal Parking Blocked Crosswalk Street/Sidewalk GRAND STREET GRAND STREET,UNSAFE_CROSSWALK
Illegal Parking Blocked Crosswalk Street/Sidewalk 1502 MERMAID AVENUE MERMAID AVENUE,UNSAFE_CROSSWALK
Illegal Parking Blocked Crosswalk Street/Sidewalk 4310 KEPLER AVENUE KEPLER AVENUE,UNSAFE_CROSSWALK
Street Light Condition Street Light Out  89-35 RUTLEDGE AVENUE RUTLEDGE AVENUE,POOR_LIGHTING
Illegal Parking Blocked Crosswalk Street/Sidewalk 22-76 41 STREET 41 STREET,UNSAFE_CROSSWALK
Street Sign - Dangling Stop Street GUYON AVENUE GUYON AVENUE,MISSING_SIGNAGE
Street Sign - Dangling St Name - Attached to Pole Street LANGDALE STREET LANGDALE STREET,MISSING_SIGNAGE
Street Sign - Dangling St Name - Attached to Pole Street WEST 79 STREET WEST 79 STREET,MISSING_SIGNAGE
Street Sign - Dangling Stop Street 16 PUTNAM AVENUE PUTNAM AVENUE,MISSING_SIGNAGE
Street Sign - Dangling Other/Unknown Street 10 LINCOLN CENTER PLAZA LINCOLN CENTER PLAZA,MISSING_SIGNAGE
Illegal Parking Blocked Crosswalk Street/Sidewalk WEST STREET WEST STREET,UNSAFE_CROSSWALK
Traffic Congestion/Gridlock Street/Sidewalk 710 KNICKERBOCKER AVENUE KNICKERBOCKER AVENUE,OTHER
Street Light Condition Street Light Out  11 COMSTOCK AVENUE COMSTOCK AVENUE,POOR_LIGHTING
Traffic Congestion/Gridlock Street/Sidewalk EAST 149 STREET EAST 149 STREET,OTHER
Illegal Parking Blocked Crosswalk Street/Sidewalk 95-01 103 STREET 103 STREET,UNSAFE_CROSSWALK
Street Sign - Dangling Stop Street 233 STREET 233 STREET,MISSING_SIGNAGE
Illegal Parking Blocked Crosswalk Street/Sidewalk 1 LINCOLN ROAD LINCOLN ROAD,UNSAFE_CROSSWALK
Illegal Parking Blocked Crosswalk Street/Sidewalk 1544 WASHINGTON AVENUE WASHINGTON AVENUE,UNSAFE_CROSSWALK
Illegal Parking Blocked Crosswalk Street/Sidewalk 1799 FULTON STREET FULTON STREET,UNSAFE_CROSSWALK
Illegal Parking Blocked Crosswalk Street/Sidewalk 621 WEST 227 STREET WEST 227 STREET,UNSAFE_CROSSWALK
Illegal Parking Blocked Crosswalk Street/Sidewalk 1520 GRANVILLE PAYNE AVENUE GRANVILLE PAYNE AVENUE,UNSAFE_CROSSWALK
Illegal Parking Blocked Crosswalk Street/Sidewalk BEACH 90 STREET BEACH 90 STREET,UNSAFE_CROSSWALK
Illegal Parking Blocked Crosswalk Street/Sidewalk 773 CONCOURSE VILLAGE EAST CONCOURSE VILLAGE EAST,UNSAFE_CROSSWALK
Illegal Parking Blocked Crosswalk Street/Sidewalk 200 TRANTOR PLACE TRANTOR PLACE,UNSAFE_CROSSWALK
Illegal Parking Blocked Crosswalk Street/Sidewalk 102-02 135 STREET 135 STREET,UNSAFE_CROSSWALK
Illegal Parking Blocked Crosswalk Street/Sidewalk 25-03 23 STREET 23 STREET,UNSAFE_CROSSWALK
Street Sign - Missing Stop Street 108 AVENUE 108 AVENUE,MISSING_SIGNAGE
Street Sign - Damaged Other/Unknown Street 51-09 2 STREET 2 STREET,MISSING_SIGNAGE
Illegal Parking Blocked Crosswalk Street/Sidewalk 50-09 SECOND STREET SECOND STREET,UNSAFE_CROSSWALK
Illegal Parking Blocked Crosswalk Street/Sidewalk 68-01 79 STREET 79 STREET,UNSAFE_CROSSWALK
Illegal Parking Blocked Crosswalk Street/Sidewalk 47-59 59 STREET 59 STREET,UNSAFE_CROSSWALK
Illegal Parking Blocked Crosswalk Street/Sidewalk 72-54 65 PLACE 65 PLACE,UNSAFE_CROSSWALK
Illegal Parking Blocked Crosswalk Street/Sidewalk 8691 18 AVENUE 18 AVENUE,UNSAFE_CROSSWALK
Traffic Congestion/Gridlock Street/Sidewalk LENOX AVENUE LENOX AVENUE,OTHER
Illegal Parking Blocked Crosswalk Street/Sidewalk 26-23 18 STREET 18 STREET,UNSAFE_CROSSWALK
Illegal Parking Blocked Crosswalk Street/Sidewalk 5 RAINBOW AVENUE RAINBOW AVENUE,UNSAFE_CROSSWALK
Illegal Parking Blocked Crosswalk Street/Sidewalk 5 AVENUE 5 AVENUE,UNSAFE_CROSSWALK
Street Light Condition Street Light Out  82-27 GRENFELL AVENUE GRENFELL AVENUE,POOR_LIGHTING
Street Sign - Damaged St Name - Attached to Pole Street STERLING STREET STERLING STREET,MISSING_SIGNAGE
Illegal Parking Blocked Crosswalk Street/Sidewalk 210 LIVINGSTON STREET LIVINGSTON STREET,UNSAFE_CROSSWALK
Illegal Parking Blocked Crosswalk Street/Sidewalk 497 BALTIC STREET BALTIC STREET,UNSAFE_CROSSWALK
Street Light Condition Street Light Out  GRACE PLGD GRACE PLGD,POOR_LIGHTING
Street Sign - Dangling Bus Stop Street 3 AVENUE 3 AVENUE,MISSING_SIGNAGE
Illegal Parking Blocked Crosswalk Street/Sidewalk AVENUE N AVENUE N,UNSAFE_CROSSWALK
Illegal Parking Blocked Crosswalk Street/Sidewalk 82 CENTRAL AVENUE CENTRAL AVENUE,UNSAFE_CROSSWALK
Illegal Parking Blocked Crosswalk Street/Sidewalk 7524 15 AVENUE 15 AVENUE,UNSAFE_CROSSWALK
Illegal Parking Blocked Crosswalk Street/Sidewalk POST ROAD POST ROAD,UNSAFE_CROSSWALK
Illegal Parking Blocked Crosswalk Street/Sidewalk 2649 KINGSBRIDGE TERRACE KINGSBRIDGE TERRACE,UNSAFE_CROSSWALK
Street Light Condition Street Light Out  LIONS PRIDE PLAYGROUND LIONS PRIDE PLAYGROUND,POOR_LIGHTING
Illegal Parking Blocked Crosswalk Street/Sidewalk 685 AUTUMN AVENUE AUTUMN AVENUE,UNSAFE_CROSSWALK
Street Light Condition Street Light Out  JHS  136 JHS  136,POOR_LIGHTING
Illegal Parking Blocked Crosswalk Street/Sidewalk 70-20 CALDWELL AVENUE CALDWELL AVENUE,UNSAFE_CROSSWALK
Illegal Parking Blocked Crosswalk Street/Sidewalk 422 VANDALIA AVENUE VANDALIA AVENUE,UNSAFE_CROSSWALK
Street Sign - Dangling Other/Unknown Street EAST 109 STREET EAST 109 STREET,MISSING_SIGNAGE
Illegal Parking Blocked Crosswalk Street/Sidewalk 164-33 46 AVENUE 46 AVENUE,UNSAFE_CROSSWALK
Illegal Parking Blocked Crosswalk Street/Sidewalk 54-05 71 STREET 71 STREET,UNSAFE_CROSSWALK
Illegal Parking Blocked Crosswalk Street/Sidewalk 73 STREET 73 STREET,UNSAFE_CROSSWALK
Illegal Parking Blocked Crosswalk Street/Sidewalk 100-02 SPRUCE STREET SPRUCE STREET,UNSAFE_CROSSWALK
Illegal Parking Blocked Crosswalk Street/Sidewalk 87-19 SUTTER AVENUE SUTTER AVENUE,UNSAFE_CROSSWALK
Illegal Parking Blocked Crosswalk Street/Sidewalk 23-49 31 DRIVE 31 DRIVE,UNSAFE_CROSSWALK
Illegal Parking Blocked Crosswalk Street/Sidewalk 53-20 102 STREET 102 STREET,UNSAFE_CROSSWALK
Street Sign - Damaged One Way Street BEACH 40 STREET BEACH 40 STREET,MISSING_SIGNAGE
Illegal Parking Blocked Crosswalk Street/Sidewalk BROAD STREET BROAD STREET,UNSAFE_CROSSWALK
Illegal Parking Blocked Crosswalk Street/Sidewalk 1071 STRATFORD AVENUE STRATFORD AVENUE,UNSAFE_CROSSWALK
Street Light Condition Street Light Out  COMMODORE BARRY PARK COMMODORE BARRY PARK,POOR_LIGHTING
Illegal Parking Blocked Crosswalk Street/Sidewalk 249 BEACH 15 STREET BEACH 15 STREET,UNSAFE_CROSSWALK
Illegal Parking Blocked Crosswalk Street/Sidewalk 53-04 64 STREET 64 STREET,UNSAFE_CROSSWALK
Street Light Condition Street Light Out  CRISPUS ATTUCKS PLGD CRISPUS ATTUCKS PLGD,POOR_LIGHTING
Illegal Parking Blocked Crosswalk Street/Sidewalk 91-02 109 STREET 109 STREET,UNSAFE_CROSSWALK
Illegal Parking Blocked Crosswalk Street/Sidewalk BAY 40 STREET BAY 40 STREET,UNSAFE_CROSSWALK
Illegal Parking Blocked Crosswalk Street/Sidewalk 60 STREET 60 STREET,UNSAFE_CROSSWALK
Illegal Parking Blocked Crosswalk Street/Sidewalk 151 BEACH 91 STREET BEACH 91 STREET,UNSAFE_CROSSWALK
Illegal Parking Blocked Crosswalk Street/Sidewalk 30-28 23 STREET 23 STREET,UNSAFE_CROSSWALK
Illegal Parking Blocked Crosswalk Street/Sidewalk 8314 24 AVENUE 24 AVENUE,UNSAFE_CROSSWALK
Illegal Parking Blocked Crosswalk Street/Sidewalk 3191 EMMONS AVENUE EMMONS AVENUE,UNSAFE_CROSSWALK
Street Light Condition Lamppost Knocked Down  LONG ISL EXPY LONG ISL EXPY,POOR_LIGHTING
Illegal Parking Blocked Crosswalk Street/Sidewalk 3081 EMMONS AVENUE EMMONS AVENUE,UNSAFE_CROSSWALK
Illegal Parking Blocked Crosswalk Street/Sidewalk 3804 SHORE PARKWAY SHORE PARKWAY,UNSAFE_CROSSWALK
Illegal Parking Blocked Crosswalk Street/Sidewalk 2805 HARING STREET HARING STREET,UNSAFE_CROSSWALK
Illegal Parking Blocked Crosswalk Street/Sidewalk 64 STREET 64 STREET,UNSAFE_CROSSWALK
Traffic Congestion/Gridlock Street/Sidewalk 232 EAST 9 STREET EAST 9 STREET,OTHER
Illegal Parking Blocked Crosswalk Street/Sidewalk 131 AVENUE 131 AVENUE,UNSAFE_CROSSWALK
Street Light Condition Street Light Out  95-17 150 ROAD 150 ROAD,POOR_LIGHTING
Street Light Condition Street Light Out  35 MAPLEWOOD PLACE MAPLEWOOD PLACE,POOR_LIGHTING
Illegal Parking Blocked Crosswalk Street/Sidewalk 292 BROOK AVENUE BROOK AVENUE,UNSAFE_CROSSWALK
Street Light Condition Street Light Lamp Missing  86 VAN SICLEN AVENUE VAN SICLEN AVENUE,POOR_LIGHTING
Illegal Parking Blocked Crosswalk Street/Sidewalk 3304 SHORE PARKWAY SHORE PARKWAY,UNSAFE_CROSSWALK
Street Light Condition Street Light Out  3429 DELAVALL AVENUE DELAVALL AVENUE,POOR_LIGHTING
Illegal Parking Blocked Crosswalk Street/Sidewalk 197 STREET 197 STREET,UNSAFE_CROSSWALK
Traffic Drag Racing Street/Sidewalk 520 12 AVENUE 12 AVENUE,SPEEDING
Traffic Drag Racing Street/Sidewalk 64-11 99 STREET 99 STREET,SPEEDING
Illegal Parking Blocked Crosswalk Street/Sidewalk 123-17 123 STREET 123 STREET,UNSAFE_CROSSWALK
Street Light Condition Street Light Out  67 CENTRAL AVENUE CENTRAL AVENUE,POOR_LIGHTING
Illegal Parking Blocked Crosswalk Street/Sidewalk 116 AVENUE 116 AVENUE,UNSAFE_CROSSWALK
Illegal Parking Blocked Crosswalk Street/Sidewalk 82-24 WINCHESTER BOULEVARD WINCHESTER BOULEVARD,UNSAFE_CROSSWALK
Street Light Condition Street Light Out  551 WEST  178 STREET WEST  178 STREET,POOR_LIGHTING
Street Light Condition Street Light Out  1112 CORTELYOU ROAD CORTELYOU ROAD,POOR_LIGHTING
Street Light Condition Street Light Out  SHORE ROAD SHORE ROAD,POOR_LIGHTING
Street Light Condition Street Light Out  MAJOR MARK PARK MAJOR MARK PARK,POOR_LIGHTING
Illegal Parking Blocked Crosswalk Street/Sidewalk 41-47 48 STREET 48 STREET,UNSAFE_CROSSWALK
Street Light Condition Street Light Out  OWLS HEAD PARK OWLS HEAD PARK,POOR_LIGHTING
Illegal Parking Blocked Crosswalk Street/Sidewalk 144-01 27 AVENUE 27 AVENUE,UNSAFE_CROSSWALK
Street Light Condition Street Light Out  36-07 191 STREET 191 STREET,POOR_LIGHTING
Street Light Condition Street Light Out  CYPRESS HILLS PLGD CYPRESS HILLS PLGD,POOR_LIGHTING
Street Light Condition Fixture/Luminaire Missing  264 WEST   40 STREET WEST   40 STREET,POOR_LIGHTING
"Street Sign - Dangling No Parking, Standing, Stopping Street 127 LUDLOW STREET LUDLOW STREET",MISSING_SIGNAGE
Street Light Condition Street Light Out  1825 PROSPECT AVENUE PROSPECT AVENUE,POOR_LIGHTING
Street Light Condition Flood Light Lamp Out   ,POOR_LIGHTING
Street Light Condition Street Light Out  141 WEST   41 STREET WEST   41 STREET,POOR_LIGHTING
Illegal Parking Blocked Crosswalk Street/Sidewalk 61-12 162 STREET 162 STREET,UNSAFE_CROSSWALK
Illegal Parking Blocked Crosswalk Street/Sidewalk 51 BEAVER STREET BEAVER STREET,UNSAFE_CROSSWALK
Street Light Condition Street Light Out  1908 PROSPECT AVENUE PROSPECT AVENUE,POOR_LIGHTING
Traffic Drag Racing Street/Sidewalk 70 AVENUE 70 AVENUE,SPEEDING
Street Light Condition Street Light Out  3881 BOSTON ROAD BOSTON ROAD,POOR_LIGHTING
Illegal Parking Blocked Crosswalk Street/Sidewalk 50-50 67 STREET 67 STREET,UNSAFE_CROSSWALK
Street Light Condition Street Light Out  ROBERT E VENABLE PARK ROBERT E VENABLE PARK,POOR_LIGHTING
Street Light Condition Street Light Out  77 DUBOIS AVENUE DUBOIS AVENUE,POOR_LIGHTING
Street Light Condition Street Light Out  2130 HAVILAND AVENUE HAVILAND AVENUE,POOR_LIGHTING
Street Light Condition Street Light Out  25-59 44 STREET 44 STREET,POOR_LIGHTING
Street Light Condition Street Light Out  STANLEY AVENUE STANLEY AVENUE,POOR_LIGHTING
Street Light Condition Street Light Out  264 ALVERSON AVENUE ALVERSON AVENUE,POOR_LIGHTING
Street Light Condition Street Light Out  127-25 176 STREET 176 STREET,POOR_LIGHTING
Street Sign - Missing Other/Unknown Street 291 AVENUE C AVENUE C,MISSING_SIGNAGE
Street Sign - Missing Other/Unknown Street 261 AVENUE C AVENUE C,MISSING_SIGNAGE
Street Sign - Missing Other/Unknown Street 145 AVENUE C AVENUE C,MISSING_SIGNAGE
Street Sign - Missing Other/Unknown Street 120 AVENUE C AVENUE C,MISSING_SIGNAGE
Street Sign - Missing Other/Unknown Street 105 AVENUE C AVENUE C,MISSING_SIGNAGE
Street Sign - Missing Other/Unknown Street 42 AVENUE C AVENUE C,MISSING_SIGNAGE
Street Sign - Damaged Other/Unknown Street 155 ASHLAND PLACE ASHLAND PLACE,MISSING_SIGNAGE
Illegal Parking Blocked Crosswalk Street/Sidewalk 4400 WICKHAM AVENUE WICKHAM AVENUE,UNSAFE_CROSSWALK
Street Sign - Missing St Name - Attached to Pole Street BROOKLYN AVENUE BROOKLYN AVENUE,MISSING_SIGNAGE
Illegal Parking Blocked Crosswalk Street/Sidewalk 720 REVERE AVENUE REVERE AVENUE,UNSAFE_CROSSWALK
Illegal Parking Blocked Crosswalk Street/Sidewalk 31-01 92 STREET 92 STREET,UNSAFE_CROSSWALK
Street Sign - Missing Other/Unknown Street 19-02 WHITESTONE EXPRESSWAY WHITESTONE EXPRESSWAY,MISSING_SIGNAGE
Traffic Congestion/Gridlock Street/Sidewalk 110 WEST 43 STREET WEST 43 STREET,OTHER
Illegal Parking Blocked Crosswalk Street/Sidewalk 4306 KATONAH AVENUE KATONAH AVENUE,UNSAFE_CROSSWALK
Illegal Parking Blocked Crosswalk Street/Sidewalk 46-20 GLENWOOD STREET GLENWOOD STREET,UNSAFE_CROSSWALK
Illegal Parking Blocked Crosswalk Street/Sidewalk 26-15 PARSONS BOULEVARD PARSONS BOULEVARD,UNSAFE_CROSSWALK
Illegal Parking Blocked Crosswalk Street/Sidewalk 196 PROSPECT PARK WEST PROSPECT PARK WEST,UNSAFE_CROSSWALK
Street Light Condition Lamppost Missing   ,POOR_LIGHTING
Illegal Parking Blocked Crosswalk Street/Sidewalk 16 DUPONT STREET DUPONT STREET,UNSAFE_CROSSWALK
Illegal Parking Blocked Crosswalk Street/Sidewalk 546 WEST 146 STREET WEST 146 STREET,UNSAFE_CROSSWALK
Street Sign - Dangling Other/Unknown Street 45-18 BELL BOULEVARD BELL BOULEVARD,MISSING_SIGNAGE
Illegal Parking Blocked Crosswalk Street/Sidewalk 80-25 37 AVENUE 37 AVENUE,UNSAFE_CROSSWALK
Illegal Parking Blocked Crosswalk Street/Sidewalk 100 EAST 73 STREET EAST 73 STREET,UNSAFE_CROSSWALK
Illegal Parking Blocked Crosswalk Street/Sidewalk 61-47 224 STREET 224 STREET,UNSAFE_CROSSWALK
Illegal Parking Blocked Crosswalk Street/Sidewalk GREENPOINT PLAYGROUND GREENPOINT PLAYGROUND,UNSAFE_CROSSWALK
Illegal Parking Blocked Crosswalk Street/Sidewalk 192-21 UNION TURNPIKE UNION TURNPIKE,UNSAFE_CROSSWALK
Illegal Parking Blocked Crosswalk Street/Sidewalk 98-01 197 STREET 197 STREET,UNSAFE_CROSSWALK
"Street Sign - Dangling No Parking, Standing, Stopping Street 138-50 78 AVENUE 78 AVENUE",MISSING_SIGNAGE
Illegal Parking Blocked Crosswalk Street/Sidewalk 107 STREET 107 STREET,UNSAFE_CROSSWALK
Illegal Parking Blocked Crosswalk Street/Sidewalk 74-45 YELLOWSTONE BOULEVARD YELLOWSTONE BOULEVARD,UNSAFE_CROSSWALK
Traffic Congestion/Gridlock Street/Sidewalk 244 EAST 86 STREET EAST 86 STREET,OTHER
Illegal Parking Blocked Crosswalk Street/Sidewalk 68 JANE STREET JANE STREET,UNSAFE_CROSSWALK
Illegal Parking Blocked Crosswalk Street/Sidewalk 40 AVENUE 40 AVENUE,UNSAFE_CROSSWALK
Street Sign - Damaged One Way Street 76 WILLOW STREET WILLOW STREET,MISSING_SIGNAGE
Street Light Condition Street Light Out  1502 EAST   48 STREET EAST   48 STREET,POOR_LIGHTING
Illegal Parking Blocked Crosswalk Street/Sidewalk 5-01 46 ROAD 46 ROAD,UNSAFE_CROSSWALK
Illegal Parking Blocked Crosswalk Street/Sidewalk 316 TANGLEWOOD DRIVE TANGLEWOOD DRIVE,UNSAFE_CROSSWALK
Illegal Parking Blocked Crosswalk Street/Sidewalk 2350 2 AVENUE 2 AVENUE,UNSAFE_CROSSWALK
Illegal Parking Blocked Crosswalk Street/Sidewalk 64-02 CATALPA AVENUE CATALPA AVENUE,UNSAFE_CROSSWALK
Illegal Parking Blocked Crosswalk Street/Sidewalk 629 TRAVIS AVENUE TRAVIS AVENUE,UNSAFE_CROSSWALK
Illegal Parking Blocked Crosswalk Street/Sidewalk 250 CABRINI BOULEVARD CABRINI BOULEVARD,UNSAFE_CROSSWALK
Illegal Parking Blocked Crosswalk Street/Sidewalk 2460 ADAM CLAYTON POWELL JR BOULEVARD ADAM CLAYTON POWELL JR BOULEVARD,UNSAFE_CROSSWALK
Illegal Parking Blocked Crosswalk Street/Sidewalk 37-16 23 STREET 23 STREET,UNSAFE_CROSSWALK
Illegal Parking Blocked Crosswalk Street/Sidewalk 3755 HENRY HUDSON PARKWAY HENRY HUDSON PARKWAY,UNSAFE_CROSSWALK
Illegal Parking Blocked Crosswalk Street/Sidewalk 253 WYTHE AVENUE WYTHE AVENUE,UNSAFE_CROSSWALK
Street Light Condition Street Light Out  6 EAST  184 STREET EAST  184 STREET,POOR_LIGHTING
Street Light Condition Street Light Out  487 HARMAN STREET HARMAN STREET,POOR_LIGHTING
Illegal Parking Blocked Crosswalk Street/Sidewalk MIDWOOD STREET MIDWOOD STREET,UNSAFE_CROSSWALK
Illegal Parking Blocked Crosswalk Street/Sidewalk 72-32 66 STREET 66 STREET,UNSAFE_CROSSWALK
Illegal Parking Blocked Crosswalk Street/Sidewalk 2 EAST 90 STREET EAST 90 STREET,UNSAFE_CROSSWALK
Illegal Parking Blocked Crosswalk Street/Sidewalk 240 EAST 64 STREET EAST 64 STREET,UNSAFE_CROSSWALK
Illegal Parking Blocked Crosswalk Street/Sidewalk 276 GRAND CONCOURSE GRAND CONCOURSE,UNSAFE_CROSSWALK
Illegal Parking Blocked Crosswalk Street/Sidewalk 121 6 AVENUE 6 AVENUE,UNSAFE_CROSSWALK
Illegal Parking Blocked Crosswalk Street/Sidewalk 92-16 34 AVENUE 34 AVENUE,UNSAFE_CROSSWALK
Illegal Parking Blocked Crosswalk Street/Sidewalk 83-45 62 AVENUE 62 AVENUE,UNSAFE_CROSSWALK
Illegal Parking Blocked Crosswalk Street/Sidewalk 68 COLUMBIA HEIGHTS COLUMBIA HEIGHTS,UNSAFE_CROSSWALK
Street Light Condition Street Light Out  83-14 260 STREET 260 STREET,POOR_LIGHTING
Illegal Parking Blocked Crosswalk Street/Sidewalk 300 WEST 61 STREET WEST 61 STREET,UNSAFE_CROSSWALK
Illegal Parking Blocked Crosswalk Street/Sidewalk 1-10 56 AVENUE 56 AVENUE,UNSAFE_CROSSWALK
Street Sign - Damaged Other/Unknown Street 164-40 HILLSIDE AVENUE HILLSIDE AVENUE,MISSING_SIGNAGE
Traffic Congestion/Gridlock Street/Sidewalk BLEEKER STREET BLEEKER STREET,OTHER
Illegal Parking Blocked Crosswalk Street/Sidewalk 21-41 46 AVENUE 46 AVENUE,UNSAFE_CROSSWALK
Illegal Parking Blocked Crosswalk Street/Sidewalk 89-16 238 STREET 238 STREET,UNSAFE_CROSSWALK
Illegal Parking Blocked Crosswalk Street/Sidewalk 30 DRIVE 30 DRIVE,UNSAFE_CROSSWALK
Illegal Parking Blocked Crosswalk Street/Sidewalk 456 AVENUE P AVENUE P,UNSAFE_CROSSWALK
Illegal Parking Blocked Crosswalk Street/Sidewalk 393 MANHATTAN AVENUE MANHATTAN AVENUE,UNSAFE_CROSSWALK
Illegal Parking Blocked Crosswalk Street/Sidewalk 4876 BROADWAY BROADWAY,UNSAFE_CROSSWALK
Illegal Parking Blocked Crosswalk Street/Sidewalk 55-04 66 STREET 66 STREET,UNSAFE_CROSSWALK
Illegal Parking Blocked Crosswalk Street/Sidewalk 936 OLMSTEAD AVENUE OLMSTEAD AVENUE,UNSAFE_CROSSWALK
Illegal Parking Blocked Crosswalk Street/Sidewalk 20 WILLOUGHBY AVENUE WILLOUGHBY AVENUE,UNSAFE_CROSSWALK
Illegal Parking Blocked Crosswalk Street/Sidewalk 581 GLENMORE AVENUE GLENMORE AVENUE,UNSAFE_CROSSWALK
"Street Sign - Damaged No Parking, Standing, Stopping Street 185 BEACH STREET BEACH STREET",MISSING_SIGNAGE
Illegal Parking Blocked Crosswalk Street/Sidewalk 37-01 30 AVENUE 30 AVENUE,UNSAFE_CROSSWALK
Street Sign - Damaged Stop Street RIVERSIDE DRIVE RIVERSIDE DRIVE,MISSING_SIGNAGE
Illegal Parking Blocked Crosswalk Street/Sidewalk 61 FT CHARLES PLACE FT CHARLES PLACE,UNSAFE_CROSSWALK
Illegal Parking Blocked Crosswalk Street/Sidewalk 600 FIFTH AVENUE FIFTH AVENUE,UNSAFE_CROSSWALK
Illegal Parking Blocked Crosswalk Street/Sidewalk 195 HAMILTON AVENUE HAMILTON AVENUE,UNSAFE_CROSSWALK
Illegal Parking Blocked Crosswalk Street/Sidewalk PARADE PLACE PARADE PLACE,UNSAFE_CROSSWALK
Illegal Parking Blocked Crosswalk Street/Sidewalk PRESIDENT STREET PRESIDENT STREET,UNSAFE_CROSSWALK
Street Sign - Damaged Speed Limit Street 335 MARTENSE STREET MARTENSE STREET,MISSING_SIGNAGE
Street Sign - Missing Street Cleaning - ASP Street 82 WASHINGTON AVENUE WASHINGTON AVENUE,MISSING_SIGNAGE
Street Sign - Dangling Stop Street ARCHER STREET ARCHER STREET,MISSING_SIGNAGE
Street Light Condition Street Light Out  163-17 22 AVENUE 22 AVENUE,POOR_LIGHTING
Illegal Parking Blocked Crosswalk Street/Sidewalk 67 AVENUE 67 AVENUE,UNSAFE_CROSSWALK
Illegal Parking Blocked Crosswalk Street/Sidewalk 97 GRANT STREET GRANT STREET,UNSAFE_CROSSWALK
Illegal Parking Blocked Crosswalk Street/Sidewalk 150 AVENUE 150 AVENUE,UNSAFE_CROSSWALK
Street Sign - Damaged One Way Street PULASKI STREET PULASKI STREET,MISSING_SIGNAGE
"Street Sign - Damaged No Parking, Standing, Stopping Street 233 BUTLER STREET BUTLER STREET",MISSING_SIGNAGE
Illegal Parking Blocked Crosswalk Street/Sidewalk 500 SOUTHERN BOULEVARD SOUTHERN BOULEVARD,UNSAFE_CROSSWALK
Illegal Parking Blocked Crosswalk Street/Sidewalk 64-02 PALMETTO STREET PALMETTO STREET,UNSAFE_CROSSWALK
Street Light Condition Street Light Out  39-24 112 STREET 112 STREET,POOR_LIGHTING
Illegal Parking Blocked Crosswalk Street/Sidewalk 1268 MADISON STREET MADISON STREET,UNSAFE_CROSSWALK
Street Light Condition Street Light Out  351 68 STREET 68 STREET,POOR_LIGHTING
"Street Sign - Damaged No Parking, Standing, Stopping Street 33-01 86 STREET 86 STREET",MISSING_SIGNAGE
Street Sign - Damaged One Way Street PORT RICHMOND AVENUE PORT RICHMOND AVENUE,MISSING_SIGNAGE
Street Sign - Missing Construction Street 97 NEW DORP PLAZA NEW DORP PLAZA,MISSING_SIGNAGE
Illegal Parking Blocked Crosswalk Street/Sidewalk 68-02 CLYDE STREET CLYDE STREET,UNSAFE_CROSSWALK
Illegal Parking Blocked Crosswalk Street/Sidewalk LEVERETT AVENUE LEVERETT AVENUE,UNSAFE_CROSSWALK
Illegal Parking Blocked Crosswalk Street/Sidewalk 94 NORTH 12 STREET NORTH 12 STREET,UNSAFE_CROSSWALK
Illegal Parking Blocked Crosswalk Street/Sidewalk 803 KNICKERBOCKER AVENUE KNICKERBOCKER AVENUE,UNSAFE_CROSSWALK
Illegal Parking Blocked Crosswalk Street/Sidewalk 303 AVENUE M AVENUE M,UNSAFE_CROSSWALK
Street Sign - Dangling Other/Unknown Street TOMPKINS AVENUE TOMPKINS AVENUE,MISSING_SIGNAGE
Street Light Condition Street Light Out  KISSENA CORRIDOR PARK EAST KISSENA CORRIDOR PARK EAST,POOR_LIGHTING
"Street Sign - Missing No Parking, Standing, Stopping Street 2987 FREDERICK DOUGLASS BOULEVARD FREDERICK DOUGLASS BOULEVARD",MISSING_SIGNAGE
Illegal Parking Blocked Crosswalk Street/Sidewalk 126-03 150 AVENUE 150 AVENUE,UNSAFE_CROSSWALK
Illegal Parking Blocked Crosswalk Street/Sidewalk WEST 230 STREET WEST 230 STREET,UNSAFE_CROSSWALK
Illegal Parking Blocked Crosswalk Street/Sidewalk 201 VERONICA PLACE VERONICA PLACE,UNSAFE_CROSSWALK
Illegal Parking Blocked Crosswalk Street/Sidewalk RIVERDALE AVENUE RIVERDALE AVENUE,UNSAFE_CROSSWALK
Illegal Parking Blocked Crosswalk Street/Sidewalk 1395 BRISTOW STREET BRISTOW STREET,UNSAFE_CROSSWALK
Illegal Parking Blocked Crosswalk Street/Sidewalk 2382 85 STREET 85 STREET,UNSAFE_CROSSWALK
Illegal Parking Blocked Crosswalk Street/Sidewalk 73 AVENUE 73 AVENUE,UNSAFE_CROSSWALK
Illegal Parking Blocked Crosswalk Street/Sidewalk 38 METROPOLITAN AVENUE METROPOLITAN AVENUE,UNSAFE_CROSSWALK
Traffic Drag Racing Street/Sidewalk 101 SHERMAN AVENUE SHERMAN AVENUE,SPEEDING
Illegal Parking Blocked Crosswalk Street/Sidewalk 1425 UNIVERSITY AVENUE UNIVERSITY AVENUE,UNSAFE_CROSSWALK
Traffic Drag Racing Street/Sidewalk 40-12 BELL BOULEVARD BELL BOULEVARD,SPEEDING
Street Light Condition Street Light Lamp Missing  3035 WHITE PLAINS ROAD WHITE PLAINS ROAD,POOR_LIGHTING
Illegal Parking Blocked Crosswalk Street/Sidewalk 1883 WEST SEVENTH STREET WEST SEVENTH STREET,UNSAFE_CROSSWALK
Street Light Condition Street Light Out  38 FOREST ROAD FOREST ROAD,POOR_LIGHTING
Street Sign - Damaged School Crossing Street 23-58 100 STREET 100 STREET,MISSING_SIGNAGE
Illegal Parking Blocked Crosswalk Street/Sidewalk 120 SOUTH 4 STREET SOUTH 4 STREET,UNSAFE_CROSSWALK
Street Light Condition Street Light Out  668 EAST  179 STREET EAST  179 STREET,POOR_LIGHTING
Illegal Parking Blocked Crosswalk Street/Sidewalk 3548 TRYON AVENUE TRYON AVENUE,UNSAFE_CROSSWALK
Street Light Condition Street Light Out  1963 BELMONT AVENUE BELMONT AVENUE,POOR_LIGHTING
Illegal Parking Blocked Crosswalk Street/Sidewalk 34-39 38 STREET 38 STREET,UNSAFE_CROSSWALK
"Street Sign - Missing No Parking, Standing, Stopping Street 107-44 VAN WYCK EXPRESSWAY VAN WYCK EXPRESSWAY",MISSING_SIGNAGE
Illegal Parking Blocked Crosswalk Street/Sidewalk 4295 VIREO AVENUE VIREO AVENUE,UNSAFE_CROSSWALK
Illegal Parking Blocked Crosswalk Street/Sidewalk 508 EAST 236 STREET EAST 236 STREET,UNSAFE_CROSSWALK
Illegal Parking Blocked Crosswalk Street/Sidewalk 4284 VIREO AVENUE VIREO AVENUE,UNSAFE_CROSSWALK
Street Sign - Dangling St Name - Over Intersection Street MALCOLM X BOULEVARD MALCOLM X BOULEVARD,MISSING_SIGNAGE
Illegal Parking Blocked Crosswalk Street/Sidewalk 4296 VIREO AVENUE VIREO AVENUE,UNSAFE_CROSSWALK
Illegal Parking Blocked Crosswalk Street/Sidewalk 221 SEAMAN AVENUE SEAMAN AVENUE,UNSAFE_CROSSWALK
Illegal Parking Blocked Crosswalk Street/Sidewalk 501 EAST 236 STREET EAST 236 STREET,UNSAFE_CROSSWALK
Illegal Parking Blocked Crosswalk Street/Sidewalk 5713 HUXLEY AVENUE HUXLEY AVENUE,UNSAFE_CROSSWALK
Street Light Condition Street Light Out  KATHY REILLY TRIANGLE KATHY REILLY TRIANGLE,POOR_LIGHTING
Illegal Parking Blocked Crosswalk Street/Sidewalk 602 WEST 190 STREET WEST 190 STREET,UNSAFE_CROSSWALK
Illegal Parking Blocked Crosswalk Street/Sidewalk CROSS STREET CROSS STREET,UNSAFE_CROSSWALK
Street Light Condition Street Light Out  JOHN PAUL JONES PARK JOHN PAUL JONES PARK,POOR_LIGHTING
Street Light Condition Street Light Out  JOHN J CARTY PARK JOHN J CARTY PARK,POOR_LIGHTING
Street Light Condition Street Light Out  NEW JERSEY AVENUE NEW JERSEY AVENUE,POOR_LIGHTING
Illegal Parking Blocked Crosswalk Street/Sidewalk 112-01 111 AVENUE 111 AVENUE,UNSAFE_CROSSWALK
Street Sign - Damaged Other/Unknown Street 47-20 25 AVENUE 25 AVENUE,MISSING_SIGNAGE
Illegal Parking Blocked Crosswalk Street/Sidewalk 2402 65 STREET 65 STREET,UNSAFE_CROSSWALK
Street Light Condition Street Light Out  106 CARROLL PLACE CARROLL PLACE,POOR_LIGHTING
Illegal Parking Blocked Crosswalk Street/Sidewalk 181 AVENUE D AVENUE D,UNSAFE_CROSSWALK
Illegal Parking Blocked Crosswalk Street/Sidewalk 70-19 31 AVENUE 31 AVENUE,UNSAFE_CROSSWALK
Illegal Parking Blocked Crosswalk Street/Sidewalk 2517 OCEAN PARKWAY OCEAN PARKWAY,UNSAFE_CROSSWALK
Illegal Parking Blocked Crosswalk Street/Sidewalk 518 FORT WASHINGTON AVENUE FORT WASHINGTON AVENUE,UNSAFE_CROSSWALK
Illegal Parking Blocked Crosswalk Street/Sidewalk 49-11 BROADWAY BROADWAY,UNSAFE_CROSSWALK
Street Light Condition Street Light Out  90 LABAU AVENUE LABAU AVENUE,POOR_LIGHTING
Street Light Condition Street Light Out  959 68 STREET 68 STREET,POOR_LIGHTING
Illegal Parking Blocked Crosswalk Street/Sidewalk 54 QUENTIN ROAD QUENTIN ROAD,UNSAFE_CROSSWALK
Illegal Parking Blocked Crosswalk Street/Sidewalk 53 WILLOUGHBY AVENUE WILLOUGHBY AVENUE,UNSAFE_CROSSWALK
Street Light Condition Street Light Out  80 NAUTILUS STREET NAUTILUS STREET,POOR_LIGHTING
Street Light Condition Street Light Out  1500 HOE AVENUE HOE AVENUE,POOR_LIGHTING
Street Light Condition Street Light Out  972 EASTERN PARKWAY EASTERN PARKWAY,POOR_LIGHTING
Street Light Condition Street Light Out  69-10 199 STREET 199 STREET,POOR_LIGHTING
Street Light Condition Street Light Out  175-28 89 AVENUE 89 AVENUE,POOR_LIGHTING
Street Light Condition Street Light Out  101 WEST  105 STREET WEST  105 STREET,POOR_LIGHTING
Street Light Condition Fixture/Luminaire Out Of Position  SARA D ROOSEVELT PARK SARA D ROOSEVELT PARK,POOR_LIGHTING
Illegal Parking Blocked Crosswalk Street/Sidewalk 33-04 BROADWAY BROADWAY,UNSAFE_CROSSWALK
Street Sign - Damaged Bus Stop Street 310 EAST 23 STREET EAST 23 STREET,MISSING_SIGNAGE
Illegal Parking Blocked Crosswalk Street/Sidewalk 343 EAST 75 STREET EAST 75 STREET,UNSAFE_CROSSWALK
Illegal Parking Blocked Crosswalk Street/Sidewalk 142 IRVING AVENUE IRVING AVENUE,UNSAFE_CROSSWALK
"Street Sign - Missing No Parking, Standing, Stopping Street 182 UNION AVENUE UNION AVENUE",MISSING_SIGNAGE
"Street Sign - Missing No Parking, Standing, Stopping Street 250 BERRY STREET BERRY STREET",MISSING_SIGNAGE
Street Sign - Damaged Street Cleaning - ASP Street 149-09 183 STREET 183 STREET,MISSING_SIGNAGE
Illegal Parking Blocked Crosswalk Street/Sidewalk 2900 GERBER PLACE GERBER PLACE,UNSAFE_CROSSWALK
Street Light Condition Street Light Out  109-45 130 STREET 130 STREET,POOR_LIGHTING
Illegal Parking Blocked Crosswalk Street/Sidewalk 33-90 77 STREET 77 STREET,UNSAFE_CROSSWALK
Traffic Congestion/Gridlock Street/Sidewalk 5233 BROADWAY BROADWAY,OTHER
Street Light Condition Street Light Out  1459 66 STREET 66 STREET,POOR_LIGHTING
Illegal Parking Blocked Crosswalk Street/Sidewalk 211 FRONT STREET FRONT STREET,UNSAFE_CROSSWALK
Street Sign - Missing Other/Unknown Street 44-19 48 AVENUE 48 AVENUE,MISSING_SIGNAGE
Illegal Parking Blocked Crosswalk Street/Sidewalk WEST BROADWAY WEST BROADWAY,UNSAFE_CROSSWALK
Illegal Parking Blocked Crosswalk Street/Sidewalk 6324 24 AVENUE 24 AVENUE,UNSAFE_CROSSWALK
Street Sign - Damaged Bus Stop Street 3351 RICHMOND ROAD RICHMOND ROAD,MISSING_SIGNAGE
Street Sign - Damaged Street Cleaning - ASP Street 58-29 79 AVENUE 79 AVENUE,MISSING_SIGNAGE
Illegal Parking Blocked Crosswalk Street/Sidewalk 80 WASHINGTON SQUARE EAST WASHINGTON SQUARE EAST,UNSAFE_CROSSWALK
Street Sign - Damaged St Name - Attached to Pole Street ARTHUR KIL ROAD ARTHUR KIL ROAD,MISSING_SIGNAGE
Traffic Truck Route Violation Street/Sidewalk 82-19 NORTHERN BOULEVARD NORTHERN BOULEVARD,OTHER
Street Sign - Dangling St Name - Attached to Pole Street GLENMORE AVENUE GLENMORE AVENUE,MISSING_SIGNAGE
Street Light Condition Street Light Out  110 CARTERET STREET CARTERET STREET,POOR_LIGHTING
Street Sign - Damaged Street Cleaning - ASP Street 164-02 LIBERTY AVENUE LIBERTY AVENUE,MISSING_SIGNAGE
Illegal Parking Blocked Crosswalk Street/Sidewalk PENROD STREET PENROD STREET,UNSAFE_CROSSWALK
Traffic Congestion/Gridlock Street/Sidewalk VAN NEST AVENUE VAN NEST AVENUE,OTHER
Illegal Parking Blocked Crosswalk Street/Sidewalk 414 VANDALIA AVENUE VANDALIA AVENUE,UNSAFE_CROSSWALK
Illegal Parking Blocked Crosswalk Street/Sidewalk 419 SCHROEDERS AVENUE SCHROEDERS AVENUE,UNSAFE_CROSSWALK
Street Light Condition Street Light Dayburning  71-45 HARROW STREET HARROW STREET,POOR_LIGHTING
Street Light Condition Street Light Out  1353 83 STREET 83 STREET,POOR_LIGHTING
Street Light Condition Street Light Out  53-27 202 STREET 202 STREET,POOR_LIGHTING
Illegal Parking Blocked Crosswalk Street/Sidewalk WYONA STREET WYONA STREET,UNSAFE_CROSSWALK
Street Light Condition Street Light Out  29 MASSACHUSETTS STREET MASSACHUSETTS STREET,POOR_LIGHTING
Street Sign - Dangling Other/Unknown Street 45 DIVISION AVENUE DIVISION AVENUE,MISSING_SIGNAGE
Street Light Condition Street Light Out  70 SAND LANE SAND LANE,POOR_LIGHTING
Traffic Chronic Speeding Street/Sidewalk 61-29 55 STREET 55 STREET,SPEEDING
"Street Sign - Missing No Parking, Standing, Stopping Street 985 NOSTRAND AVENUE NOSTRAND AVENUE",MISSING_SIGNAGE
Illegal Parking Blocked Crosswalk Street/Sidewalk 102-19 81 STREET 81 STREET,UNSAFE_CROSSWALK
Street Sign - Dangling St Name - Attached to Pole Street 29 STREET 29 STREET,MISSING_SIGNAGE
Street Sign - Dangling Street Cleaning - ASP Street 1010 AVENUE K AVENUE K,MISSING_SIGNAGE
Traffic Chronic Speeding Street/Sidewalk ARNOLD AVENUE ARNOLD AVENUE,SPEEDING
Illegal Parking Blocked Crosswalk Street/Sidewalk 20 EGMONT PLACE EGMONT PLACE,UNSAFE_CROSSWALK
Traffic Chronic Speeding Street/Sidewalk 55 STREET 55 STREET,SPEEDING
Street Light Condition Lamppost Damaged  450 17 STREET 17 STREET,POOR_LIGHTING
Illegal Parking Blocked Crosswalk Street/Sidewalk 3 AVENUE 3 AVENUE,UNSAFE_CROSSWALK
Illegal Parking Blocked Crosswalk Street/Sidewalk 116 FEATHERBED LANE FEATHERBED LANE,UNSAFE_CROSSWALK
Traffic Chronic Speeding Street/Sidewalk 342 CHAUNCEY STREET CHAUNCEY STREET,SPEEDING
Traffic Chronic Stoplight Violation Street/Sidewalk HIGHLAND AVENUE HIGHLAND AVENUE,MISSING_SIGNAGE
Illegal Parking Blocked Crosswalk Street/Sidewalk 27-20 21 AVENUE 21 AVENUE,UNSAFE_CROSSWALK
Street Light Condition Fixture/Luminaire Out Of Position   ,POOR_LIGHTING
Illegal Parking Blocked Crosswalk Street/Sidewalk 17 STUYVESANT AVENUE STUYVESANT AVENUE,UNSAFE_CROSSWALK
Illegal Parking Blocked Crosswalk Street/Sidewalk 851 GRAND CONCOURSE GRAND CONCOURSE,UNSAFE_CROSSWALK
Street Sign - Dangling St Name - Over Intersection Street HEYWARD STREET HEYWARD STREET,MISSING_SIGNAGE
Illegal Parking Blocked Crosswalk Street/Sidewalk 17-47 154 STREET 154 STREET,UNSAFE_CROSSWALK
Street Light Condition Street Light Out  15 ROSS AVENUE ROSS AVENUE,POOR_LIGHTING
Illegal Parking Blocked Crosswalk Street/Sidewalk 2895 RESERVOIR AVENUE RESERVOIR AVENUE,UNSAFE_CROSSWALK
Street Light Condition Lamppost Missing  2 AVENUE 2 AVENUE,POOR_LIGHTING
Illegal Parking Blocked Crosswalk Street/Sidewalk 41-28 NEWTOWN ROAD NEWTOWN ROAD,UNSAFE_CROSSWALK
Street Light Condition Street Light Out  275 WEST    4 STREET WEST    4 STREET,POOR_LIGHTING
"Street Sign - Missing No Parking, Standing, Stopping Street 151 EAST 167 STREET EAST 167 STREET",MISSING_SIGNAGE
Street Sign - Damaged Do Not Enter Street 15 CENTRAL PARK WEST CENTRAL PARK WEST,MISSING_SIGNAGE
Illegal Parking Blocked Crosswalk Street/Sidewalk 450 7 AVENUE 7 AVENUE,UNSAFE_CROSSWALK
Illegal Parking Blocked Crosswalk Street/Sidewalk JAMAICA AVENUE JAMAICA AVENUE,UNSAFE_CROSSWALK
Street Light Condition Street Light Dayburning  296 BARCLAY AVENUE BARCLAY AVENUE,POOR_LIGHTING
"Street Sign - Dangling No Parking, Standing, Stopping Street 1029 AVENUE OF AMERICAS AVENUE OF AMERICAS",MISSING_SIGNAGE
Illegal Parking Blocked Crosswalk Street/Sidewalk 58-94 GRAND AVENUE GRAND AVENUE,UNSAFE_CROSSWALK
Street Light Condition Bracket Arm Missing   ,POOR_LIGHTING
Street Light Condition Street Light Out  365 8 STREET 8 STREET,POOR_LIGHTING
Illegal Parking Blocked Crosswalk Street/Sidewalk BEAR STREET BEAR STREET,UNSAFE_CROSSWALK
"Street Sign - Missing No Parking, Standing, Stopping Street 137-17 NORTHERN BOULEVARD NORTHERN BOULEVARD",MISSING_SIGNAGE
Illegal Parking Blocked Crosswalk Street/Sidewalk 110 7 AVENUE 7 AVENUE,UNSAFE_CROSSWALK
Illegal Parking Blocked Crosswalk Street/Sidewalk 230 JAY STREET JAY STREET,UNSAFE_CROSSWALK
Street Sign - Missing St Name - Attached to Pole Street 107 AVENUE 107 AVENUE,MISSING_SIGNAGE
Illegal Parking Blocked Crosswalk Street/Sidewalk 193 BAYARD STREET BAYARD STREET,UNSAFE_CROSSWALK
Illegal Parking Blocked Crosswalk Street/Sidewalk 624 WILLOWBROOK ROAD WILLOWBROOK ROAD,UNSAFE_CROSSWALK
Illegal Parking Blocked Crosswalk Street/Sidewalk 267 PEARL STREET PEARL STREET,UNSAFE_CROSSWALK
Illegal Parking Blocked Crosswalk Street/Sidewalk 2818 WEST 8 STREET WEST 8 STREET,UNSAFE_CROSSWALK
Street Sign - Missing Street Cleaning - ASP Street 32-54 54 STREET 54 STREET,MISSING_SIGNAGE
Street Sign - Missing Street Cleaning - ASP Street 9517 AVENUE J AVENUE J,MISSING_SIGNAGE
Traffic Signal Condition Time Switch   ,MISSING_SIGNAGE
Illegal Parking Blocked Crosswalk Street/Sidewalk 3600 FIELDSTON ROAD FIELDSTON ROAD,UNSAFE_CROSSWALK
Illegal Parking Blocked Crosswalk Street/Sidewalk 418 WEST 260 STREET WEST 260 STREET,UNSAFE_CROSSWALK
Illegal Parking Blocked Crosswalk Street/Sidewalk 300 JAY STREET JAY STREET,UNSAFE_CROSSWALK
Illegal Parking Blocked Crosswalk Street/Sidewalk 289 EAST 40 STREET EAST 40 STREET,UNSAFE_CROSSWALK
Illegal Parking Blocked Crosswalk Street/Sidewalk 284 AVENUE U AVENUE U,UNSAFE_CROSSWALK
Traffic Truck Route Violation Street/Sidewalk 104 MONITOR STREET MONITOR STREET,OTHER
Street Sign - Missing Other/Unknown Street 87-34 134 STREET 134 STREET,MISSING_SIGNAGE
Traffic Congestion/Gridlock Street/Sidewalk 2 STREET 2 STREET,OTHER
Illegal Parking Blocked Crosswalk Street/Sidewalk 212 STREET 212 STREET,UNSAFE_CROSSWALK
Illegal Parking Blocked Crosswalk Street/Sidewalk 430 WEST 25 STREET WEST 25 STREET,UNSAFE_CROSSWALK
Traffic Truck Route Violation Street/Sidewalk 43 STREET 43 STREET,OTHER
Illegal Parking Blocked Crosswalk Street/Sidewalk CATALPA AVENUE CATALPA AVENUE,UNSAFE_CROSSWALK
Street Sign - Damaged Other/Unknown Street 110 BARUCH DRIVE BARUCH DRIVE,MISSING_SIGNAGE
Illegal Parking Blocked Crosswalk Street/Sidewalk DAHILL ROAD DAHILL ROAD,UNSAFE_CROSSWALK
Illegal Parking Blocked Crosswalk Street/Sidewalk 176 27 AVENUE 27 AVENUE,UNSAFE_CROSSWALK
Illegal Parking Blocked Crosswalk Street/Sidewalk 24-30 47 STREET 47 STREET,UNSAFE_CROSSWALK
Illegal Parking Blocked Crosswalk Street/Sidewalk 100 GOLD STREET GOLD STREET,UNSAFE_CROSSWALK
Street Sign - Dangling Other/Unknown Street 154 BEACH 84 STREET BEACH 84 STREET,MISSING_SIGNAGE
Street Light Condition Street Light Out  232 WESTWOOD AVENUE WESTWOOD AVENUE,POOR_LIGHTING
Traffic Congestion/Gridlock Street/Sidewalk EAST 74 STREET EAST 74 STREET,OTHER
Illegal Parking Blocked Crosswalk Street/Sidewalk 1 5 STREET 5 STREET,UNSAFE_CROSSWALK
Illegal Parking Blocked Crosswalk Street/Sidewalk 36 BLEECKER STREET BLEECKER STREET,UNSAFE_CROSSWALK
Illegal Parking Blocked Crosswalk Street/Sidewalk 127-20 142 STREET 142 STREET,UNSAFE_CROSSWALK
Illegal Parking Blocked Crosswalk Street/Sidewalk 1172 REMSEN AVENUE REMSEN AVENUE,UNSAFE_CROSSWALK
Traffic Chronic Stoplight Violation Street/Sidewalk MARTLING AVENUE MARTLING AVENUE,MISSING_SIGNAGE
"Street Sign - Missing No Parking, Standing, Stopping Street 8424 DITMAS AVENUE DITMAS AVENUE",MISSING_SIGNAGE
Street Light Condition Lamppost Damaged  KOSCIUSZKO BRIDGE KOSCIUSZKO BRIDGE,POOR_LIGHTING
Illegal Parking Blocked Crosswalk Street/Sidewalk 64 AVENUE 64 AVENUE,UNSAFE_CROSSWALK
Illegal Parking Blocked Crosswalk Street/Sidewalk 2538 ADAM CLAYTON POWELL JR BOULEVARD ADAM CLAYTON POWELL JR BOULEVARD,UNSAFE_CROSSWALK
Street Light Condition Street Light Out  6 AVENUE 6 AVENUE,POOR_LIGHTING
Street Sign - Missing One Way Street ELTON STREET ELTON STREET,MISSING_SIGNAGE
Street Sign - Dangling St Name - Attached to Pole Street MCKINLEY AVENUE MCKINLEY AVENUE,MISSING_SIGNAGE
Illegal Parking Blocked Crosswalk Street/Sidewalk 3000 EAST TREMONT AVENUE EAST TREMONT AVENUE,UNSAFE_CROSSWALK
Illegal Parking Blocked Crosswalk Street/Sidewalk 135-01 116 AVENUE 116 AVENUE,UNSAFE_CROSSWALK
Street Sign - Damaged Other/Unknown Street 130-34 129 STREET 129 STREET,MISSING_SIGNAGE
Illegal Parking Blocked Crosswalk Street/Sidewalk 1475 GENEVA LOOP GENEVA LOOP,UNSAFE_CROSSWALK
Street Light Condition Street Light Out  EAST   35 STREET EAST   35 STREET,POOR_LIGHTING
Illegal Parking Blocked Crosswalk Street/Sidewalk 30 SUTTON PLACE SUTTON PLACE,UNSAFE_CROSSWALK
Street Light Condition Lamppost Damaged  202 STOCKHOLM STREET STOCKHOLM STREET,POOR_LIGHTING
Illegal Parking Blocked Crosswalk Street/Sidewalk 3258 RIVERDALE AVENUE RIVERDALE AVENUE,UNSAFE_CROSSWALK
Illegal Parking Blocked Crosswalk Street/Sidewalk 52-26 66 STREET 66 STREET,UNSAFE_CROSSWALK
Street Light Condition Street Light Out  735 COLUMBUS AVENUE COLUMBUS AVENUE,POOR_LIGHTING
Street Light Condition Street Light Out  90 REYNOLD STREET REYNOLD STREET,POOR_LIGHTING
Street Sign - Dangling One Way Street OAK POINT AVENUE OAK POINT AVENUE,MISSING_SIGNAGE
Street Sign - Dangling Other/Unknown Street 76-39 264 STREET 264 STREET,MISSING_SIGNAGE
Street Light Condition Street Light Out  LEIF ERICSON PARK LEIF ERICSON PARK,POOR_LIGHTING
Illegal Parking Blocked Crosswalk Street/Sidewalk 90 VILLAGE ROAD EAST VILLAGE ROAD EAST,UNSAFE_CROSSWALK
"Street Sign - Damaged No Parking, Standing, Stopping Street 75 GERRY STREET GERRY STREET",MISSING_SIGNAGE
Illegal Parking Blocked Crosswalk Street/Sidewalk 32 COURT STREET COURT STREET,UNSAFE_CROSSWALK
Street Sign - Damaged One Way Street ATLANTIC AVENUE ATLANTIC AVENUE,MISSING_SIGNAGE
Street Light Condition Street Light Out  90 WEINER STREET WEINER STREET,POOR_LIGHTING
"Street Sign - Damaged No Parking, Standing, Stopping Street 2844 WESTCHESTER AVENUE WESTCHESTER AVENUE",MISSING_SIGNAGE
Illegal Parking Blocked Crosswalk Street/Sidewalk EAST 94 STREET EAST 94 STREET,UNSAFE_CROSSWALK
Illegal Parking Blocked Crosswalk Street/Sidewalk 98 3 AVENUE 3 AVENUE,UNSAFE_CROSSWALK
Illegal Parking Blocked Crosswalk Street/Sidewalk 657 BALTIC STREET BALTIC STREET,UNSAFE_CROSSWALK
Street Light Condition Street Light Out  MC KINLEY PARK MC KINLEY PARK,POOR_LIGHTING
Illegal Parking Blocked Crosswalk Street/Sidewalk QUENTIN ROAD QUENTIN ROAD,UNSAFE_CROSSWALK
Illegal Parking Blocked Crosswalk Street/Sidewalk EAST 25 STREET EAST 25 STREET,UNSAFE_CROSSWALK
Illegal Parking Blocked Crosswalk Street/Sidewalk 496 FRANKLIN AVENUE FRANKLIN AVENUE,UNSAFE_CROSSWALK
Illegal Parking Blocked Crosswalk Street/Sidewalk 68-20 60 STREET 60 STREET,UNSAFE_CROSSWALK
Street Light Condition Lamppost Wire Exposed  233 BROADWAY BROADWAY,POOR_LIGHTING
Illegal Parking Blocked Crosswalk Street/Sidewalk 68-20 60 AVENUE 60 AVENUE,UNSAFE_CROSSWALK
"Street Sign - Missing No Parking, Standing, Stopping Street 151 VAN PELT AVENUE VAN PELT AVENUE",MISSING_SIGNAGE
Illegal Parking Blocked Crosswalk Street/Sidewalk 1 BRUCKNER BOULEVARD BRUCKNER BOULEVARD,UNSAFE_CROSSWALK
Street Light Condition Street Light Out  42-05 78 STREET 78 STREET,POOR_LIGHTING
Illegal Parking Blocked Crosswalk Street/Sidewalk 655 PARKSIDE AVENUE PARKSIDE AVENUE,UNSAFE_CROSSWALK
Street Sign - Damaged One Way Street 49 AVENUE 49 AVENUE,MISSING_SIGNAGE
Illegal Parking Blocked Crosswalk Street/Sidewalk 985 WOODYCREST AVENUE WOODYCREST AVENUE,UNSAFE_CROSSWALK
Illegal Parking Blocked Crosswalk Street/Sidewalk 18-17 GATEWAY BOULEVARD GATEWAY BOULEVARD,UNSAFE_CROSSWALK
Street Light Condition Street Light Out  DYKER BEACH PARK DYKER BEACH PARK,POOR_LIGHTING
Illegal Parking Blocked Crosswalk Street/Sidewalk 812 PARK AVENUE PARK AVENUE,UNSAFE_CROSSWALK
Street Light Condition Street Light Out  QUAKER PARROT PARK QUAKER PARROT PARK,POOR_LIGHTING
Illegal Parking Blocked Crosswalk Street/Sidewalk 5-50 54 AVENUE 54 AVENUE,UNSAFE_CROSSWALK
Street Light Condition Street Light Lamp Dim  235 BERGEN STREET BERGEN STREET,POOR_LIGHTING
Illegal Parking Blocked Crosswalk Street/Sidewalk 450 WARREN STREET WARREN STREET,UNSAFE_CROSSWALK
Illegal Parking Blocked Crosswalk Street/Sidewalk 16-03 CAFFREY AVENUE CAFFREY AVENUE,UNSAFE_CROSSWALK
Street Light Condition Street Light Out  3255 LAFAYETTE AVENUE LAFAYETTE AVENUE,POOR_LIGHTING
Street Light Condition Street Light Out  3255 PHILIP AVENUE PHILIP AVENUE,POOR_LIGHTING
Street Light Condition Street Light Out  3255 RANDALL AVENUE RANDALL AVENUE,POOR_LIGHTING
Illegal Parking Blocked Crosswalk Street/Sidewalk 830 WASHINGTON AVENUE WASHINGTON AVENUE,UNSAFE_CROSSWALK
Illegal Parking Blocked Crosswalk Street/Sidewalk 80 GOLD STREET GOLD STREET,UNSAFE_CROSSWALK
Street Light Condition Street Light Out  1031 BERGEN STREET BERGEN STREET,POOR_LIGHTING
Traffic Drag Racing Street/Sidewalk 143-02 111 AVENUE 111 AVENUE,SPEEDING
Street Sign - Dangling One Way Street 1035 MORRISON AVENUE MORRISON AVENUE,MISSING_SIGNAGE
Traffic Drag Racing Street/Sidewalk 1571 UNDERCLIFF AVENUE UNDERCLIFF AVENUE,SPEEDING
Illegal Parking Blocked Crosswalk Street/Sidewalk 80 STREET 80 STREET,UNSAFE_CROSSWALK
Illegal Parking Blocked Crosswalk Street/Sidewalk 162-19 65 AVENUE 65 AVENUE,UNSAFE_CROSSWALK
Street Light Condition Street Light Out  999 VICTORY BOULEVARD VICTORY BOULEVARD,POOR_LIGHTING
Illegal Parking Blocked Crosswalk Street/Sidewalk 177-08 JAMAICA AVENUE JAMAICA AVENUE,UNSAFE_CROSSWALK
Illegal Parking Blocked Crosswalk Street/Sidewalk 1571 UNDERCLIFF AVENUE UNDERCLIFF AVENUE,UNSAFE_CROSSWALK
Street Light Condition Street Light Out  40 CHARTER OAK ROAD CHARTER OAK ROAD,POOR_LIGHTING
Traffic Congestion/Gridlock Street/Sidewalk 20 WEST STREET WEST STREET,OTHER
Illegal Parking Blocked Crosswalk Street/Sidewalk 1521 EAST 172 STREET EAST 172 STREET,UNSAFE_CROSSWALK
Street Light Condition Street Light Out  WEST  114 STREET WEST  114 STREET,POOR_LIGHTING
Illegal Parking Blocked Crosswalk Street/Sidewalk 718 ST NICHOLAS AVENUE ST NICHOLAS AVENUE,UNSAFE_CROSSWALK
Illegal Parking Blocked Crosswalk Street/Sidewalk 2128 BOGART AVENUE BOGART AVENUE,UNSAFE_CROSSWALK
Illegal Parking Blocked Crosswalk Street/Sidewalk 84 AVENUE 84 AVENUE,UNSAFE_CROSSWALK
Illegal Parking Blocked Crosswalk Street/Sidewalk 1644 MADISON STREET MADISON STREET,UNSAFE_CROSSWALK
Street Light Condition Street Light Out  23-35 80 STREET 80 STREET,POOR_LIGHTING
Street Light Condition Street Light Out  2601 SCHURZ AVENUE SCHURZ AVENUE,POOR_LIGHTING
Illegal Parking Blocked Crosswalk Street/Sidewalk 413 LOGAN STREET LOGAN STREET,UNSAFE_CROSSWALK
Street Light Condition Lamppost Missing  82-39 COMMONWEALTH BOULEVARD COMMONWEALTH BOULEVARD,POOR_LIGHTING
Street Light Condition Street Light Out  120 WILD AVENUE WILD AVENUE,POOR_LIGHTING
Street Light Condition Street Light Out  1515 ST MARKS AVENUE ST MARKS AVENUE,POOR_LIGHTING
Street Light Condition Street Light Out  661 CARY AVENUE CARY AVENUE,POOR_LIGHTING
Illegal Parking Blocked Crosswalk Street/Sidewalk 7302 6 AVENUE 6 AVENUE,UNSAFE_CROSSWALK
Street Light Condition Street Light Out  64 ROAD 64 ROAD,POOR_LIGHTING
Illegal Parking Blocked Crosswalk Street/Sidewalk 213-05 75 AVENUE 75 AVENUE,UNSAFE_CROSSWALK
Street Sign - Dangling Stop Street 254 STREET 254 STREET,MISSING_SIGNAGE
"Street Sign - Dangling No Parking, Standing, Stopping Street 8800 SHORE FRONT PARKWAY SHORE FRONT PARKWAY",MISSING_SIGNAGE
Street Light Condition Street Light Out  120 CASALS PLACE CASALS PLACE,POOR_LIGHTING
Street Sign - Dangling St Name - Attached to Pole Street 149 STREET 149 STREET,MISSING_SIGNAGE
Illegal Parking Blocked Crosswalk Street/Sidewalk 254 WEST 74 STREET WEST 74 STREET,UNSAFE_CROSSWALK
Illegal Parking Blocked Crosswalk Street/Sidewalk 157 HARRISON AVENUE HARRISON AVENUE,UNSAFE_CROSSWALK
Street Light Condition Street Light Out  505 WEST  236 STREET WEST  236 STREET,POOR_LIGHTING
Street Light Condition Street Light Out  325 52 STREET 52 STREET,POOR_LIGHTING
Illegal Parking Blocked Crosswalk Street/Sidewalk 74-18 CALDWELL AVENUE CALDWELL AVENUE,UNSAFE_CROSSWALK
"Street Sign - Damaged No Parking, Standing, Stopping Street 383 3 AVENUE 3 AVENUE",MISSING_SIGNAGE
Illegal Parking Blocked Crosswalk Street/Sidewalk 21-05 157 STREET 157 STREET,UNSAFE_CROSSWALK
Street Sign - Dangling Street Cleaning - ASP Street 1162 MADISON AVENUE MADISON AVENUE,MISSING_SIGNAGE
Illegal Parking Blocked Crosswalk Street/Sidewalk 154-01 20 AVENUE 20 AVENUE,UNSAFE_CROSSWALK
Illegal Parking Blocked Crosswalk Street/Sidewalk 127-22 142 STREET 142 STREET,UNSAFE_CROSSWALK
Illegal Parking Blocked Crosswalk Street/Sidewalk 634 WEST 207 STREET WEST 207 STREET,UNSAFE_CROSSWALK
Street Sign - Missing St Name - Attached to Pole Street 891 EAST 93 STREET EAST 93 STREET,MISSING_SIGNAGE
Illegal Parking Blocked Crosswalk Street/Sidewalk 1902 BAY AVENUE BAY AVENUE,UNSAFE_CROSSWALK
Illegal Parking Blocked Crosswalk Street/Sidewalk 103-24 ALSTYNE AVENUE ALSTYNE AVENUE,UNSAFE_CROSSWALK
Illegal Parking Blocked Crosswalk Street/Sidewalk 7-01 160 STREET 160 STREET,UNSAFE_CROSSWALK
Illegal Parking Blocked Crosswalk Street/Sidewalk 1412 1 AVENUE 1 AVENUE,UNSAFE_CROSSWALK
Illegal Parking Blocked Crosswalk Street/Sidewalk 742 MONTGOMERY STREET MONTGOMERY STREET,UNSAFE_CROSSWALK
Street Sign - Damaged Other/Unknown Street 41-22 BELL BOULEVARD BELL BOULEVARD,MISSING_SIGNAGE
Illegal Parking Blocked Crosswalk Street/Sidewalk 1414 YORK AVENUE YORK AVENUE,UNSAFE_CROSSWALK
Street Light Condition Street Light Cycling  271 SMITH STREET SMITH STREET,POOR_LIGHTING
Illegal Parking Blocked Crosswalk Street/Sidewalk 1153 CONEY ISLAND AVENUE CONEY ISLAND AVENUE,UNSAFE_CROSSWALK
Traffic Congestion/Gridlock Street/Sidewalk CROWN STREET CROWN STREET,OTHER
Illegal Parking Blocked Crosswalk Street/Sidewalk 370 LEONARD STREET LEONARD STREET,UNSAFE_CROSSWALK
Street Light Condition Street Light Out  1728 WEST   10 STREET WEST   10 STREET,POOR_LIGHTING
Street Sign - Damaged Stop Street 181-05 HORACE HARDING EXPRESSWAY HORACE HARDING EXPRESSWAY,MISSING_SIGNAGE
Illegal Parking Blocked Crosswalk Street/Sidewalk 21 AVENUE B AVENUE B,UNSAFE_CROSSWALK
Street Sign - Dangling St Name - Attached to Pole Street 237-02 FAIRBURY AVENUE FAIRBURY AVENUE,MISSING_SIGNAGE
Illegal Parking Blocked Crosswalk Street/Sidewalk 2 EAST 169 STREET EAST 169 STREET,UNSAFE_CROSSWALK
Street Sign - Damaged Bus Stop Street 5 AVENUE 5 AVENUE,MISSING_SIGNAGE
Traffic Signal Condition APS  YORK COLLEGE YORK COLLEGE,MISSING_SIGNAGE
Illegal Parking Blocked Crosswalk Street/Sidewalk 111-12 39 AVENUE 39 AVENUE,UNSAFE_CROSSWALK
Street Light Condition Street Light Dayburning  402 85 STREET 85 STREET,POOR_LIGHTING
Illegal Parking Blocked Crosswalk Street/Sidewalk 2816 BATCHELDER STREET BATCHELDER STREET,UNSAFE_CROSSWALK
Illegal Parking Blocked Crosswalk Street/Sidewalk 33-58 76 STREET 76 STREET,UNSAFE_CROSSWALK
Illegal Parking Blocked Crosswalk Street/Sidewalk WITHERS STREET WITHERS STREET,UNSAFE_CROSSWALK
Illegal Parking Blocked Crosswalk Street/Sidewalk 717 JEFFERSON AVENUE JEFFERSON AVENUE,UNSAFE_CROSSWALK
Illegal Parking Blocked Crosswalk Street/Sidewalk 1903 WEST FARMS ROAD WEST FARMS ROAD,UNSAFE_CROSSWALK
Traffic Congestion/Gridlock Street/Sidewalk 132-18 SANFORD AVENUE SANFORD AVENUE,OTHER
Illegal Parking Blocked Crosswalk Street/Sidewalk 103-33 115 STREET 115 STREET,UNSAFE_CROSSWALK
Street Light Condition Street Light Out  -999 HENDERSON AVENUE HENDERSON AVENUE,POOR_LIGHTING
"Street Sign - Damaged No Parking, Standing, Stopping Street 18 SIXTH AVENUE SIXTH AVENUE",MISSING_SIGNAGE
Illegal Parking Blocked Crosswalk Street/Sidewalk 14 STREET 14 STREET,UNSAFE_CROSSWALK
Street Sign - Missing Bus Stop Street FLATBUSH AVENUE FLATBUSH AVENUE,MISSING_SIGNAGE
Illegal Parking Blocked Crosswalk Street/Sidewalk 215 SCHOLES STREET SCHOLES STREET,UNSAFE_CROSSWALK
Traffic Truck Route Violation Street/Sidewalk 144 AVENUE 144 AVENUE,OTHER
Street Light Condition Street Light Cycling  56 NORTH MADA AVENUE NORTH MADA AVENUE,POOR_LIGHTING
Illegal Parking Blocked Crosswalk Street/Sidewalk 186 PROSPECT PARK WEST PROSPECT PARK WEST,UNSAFE_CROSSWALK
Illegal Parking Blocked Crosswalk Street/Sidewalk 149 4 AVENUE 4 AVENUE,UNSAFE_CROSSWALK
Traffic Drag Racing Street/Sidewalk 5 EBBITTS STREET EBBITTS STREET,SPEEDING
Street Sign - Damaged Street Cleaning - ASP Street 7723 16 AVENUE 16 AVENUE,MISSING_SIGNAGE
Street Light Condition Street Light Out  20-29 23 STREET 23 STREET,POOR_LIGHTING
Street Sign - Dangling Other/Unknown Street EMPIRE BOULEVARD EMPIRE BOULEVARD,MISSING_SIGNAGE
Illegal Parking Blocked Crosswalk Street/Sidewalk 150-63 116 AVENUE 116 AVENUE,UNSAFE_CROSSWALK
Street Sign - Dangling Other/Unknown Street 25-40 SHORE BOULEVARD SHORE BOULEVARD,MISSING_SIGNAGE
Street Sign - Missing Other/Unknown Street 7709 FORT HAMILTON PARKWAY FORT HAMILTON PARKWAY,MISSING_SIGNAGE
Street Sign - Damaged Other/Unknown Street 144-59 87 AVENUE 87 AVENUE,MISSING_SIGNAGE
Street Light Condition Street Light Out  96 STREET 96 STREET,POOR_LIGHTING
Street Light Condition Street Light Out  456 59 STREET 59 STREET,POOR_LIGHTING
Illegal Parking Blocked Crosswalk Street/Sidewalk 25-30 47 STREET 47 STREET,UNSAFE_CROSSWALK
Street Light Condition Lamppost Leaning  LONG ISL EXPY LONG ISL EXPY,POOR_LIGHTING
Street Light Condition Fixture/Luminaire Door Open  QUEENS MIDTOWN EXPY QUEENS MIDTOWN EXPY,POOR_LIGHTING
Street Sign - Missing Other/Unknown Street SOUTH 1 STREET SOUTH 1 STREET,MISSING_SIGNAGE
Street Sign - Damaged Other/Unknown Street 156 BEACH 109 STREET BEACH 109 STREET,MISSING_SIGNAGE
Street Light Condition Street Light Out  3811 RIVERDALE AVENUE RIVERDALE AVENUE,POOR_LIGHTING
Illegal Parking Blocked Crosswalk Street/Sidewalk 511 VANDERBILT STREET VANDERBILT STREET,UNSAFE_CROSSWALK
Street Sign - Dangling Stop Street 445 DONGAN HILLS AVENUE DONGAN HILLS AVENUE,MISSING_SIGNAGE
Street Light Condition Street Light Out  INTERBORO PKWY INTERBORO PKWY,POOR_LIGHTING
Illegal Parking Blocked Crosswalk Street/Sidewalk 572 SCHROEDERS AVENUE SCHROEDERS AVENUE,UNSAFE_CROSSWALK
Street Sign - Damaged One Way Street 284 BOERUM STREET BOERUM STREET,MISSING_SIGNAGE
Street Light Condition Lamppost Damaged  WEST  142 STREET WEST  142 STREET,POOR_LIGHTING
"Street Sign - Missing No Parking, Standing, Stopping Street 1552 43 STREET 43 STREET",MISSING_SIGNAGE
Traffic Signal Condition Veh Signal Lens   ,MISSING_SIGNAGE
Street Sign - Dangling Stop Street CLAY AVENUE CLAY AVENUE,MISSING_SIGNAGE
Illegal Parking Blocked Crosswalk Street/Sidewalk 1406 1 AVENUE 1 AVENUE,UNSAFE_CROSSWALK
Illegal Parking Blocked Crosswalk Street/Sidewalk 64 SOUTH 3 STREET SOUTH 3 STREET,UNSAFE_CROSSWALK
Street Sign - Dangling Stop Street 1581 JARVIS AVENUE JARVIS AVENUE,MISSING_SIGNAGE
Street Sign - Dangling Street Cleaning - ASP Street 94-11 ROCKAWAY BOULEVARD ROCKAWAY BOULEVARD,MISSING_SIGNAGE
Street Sign - Dangling One Way Street 71-02 KESSEL STREET KESSEL STREET,MISSING_SIGNAGE
Street Sign - Damaged Other/Unknown Street 106-12 96 STREET 96 STREET,MISSING_SIGNAGE
Street Light Condition Multiple Street Lights Out  CUNNINGHAM PARK CUNNINGHAM PARK,POOR_LIGHTING
Street Light Condition Multiple Street Lights Out  LONG ISL EXPY LONG ISL EXPY,POOR_LIGHTING
Illegal Parking Blocked Crosswalk Street/Sidewalk EAST 17 STREET EAST 17 STREET,UNSAFE_CROSSWALK
Illegal Parking Blocked Crosswalk Street/Sidewalk 1602 KINGS HIGHWAY KINGS HIGHWAY,UNSAFE_CROSSWALK
"Street Sign - Damaged No Parking, Standing, Stopping Street 125 DIXON AVENUE DIXON AVENUE",MISSING_SIGNAGE
Street Sign - Dangling St Name - Attached to Pole Street 228-01 147 AVENUE 147 AVENUE,MISSING_SIGNAGE
Street Light Condition Multiple Street Lights Out  ST NICHOLAS PARK ST NICHOLAS PARK,POOR_LIGHTING
Illegal Parking Blocked Crosswalk Street/Sidewalk 83-11 253 STREET 253 STREET,UNSAFE_CROSSWALK
"Street Sign - Damaged No Parking, Standing, Stopping Street 24 WEST 135 STREET WEST 135 STREET",MISSING_SIGNAGE
Street Light Condition Lamppost Knocked Down  RANDALLS ISL RANDALLS ISL,POOR_LIGHTING
Illegal Parking Blocked Crosswalk Street/Sidewalk 36-16 BUD PLACE BUD PLACE,UNSAFE_CROSSWALK
Illegal Parking Blocked Crosswalk Street/Sidewalk 1705 DR M L KING JR BOULEVARD DR M L KING JR BOULEVARD,UNSAFE_CROSSWALK
Street Light Condition Street Light Out  433 FAIRVIEW AVENUE FAIRVIEW AVENUE,POOR_LIGHTING
Illegal Parking Blocked Crosswalk Street/Sidewalk BURKE AVENUE BURKE AVENUE,UNSAFE_CROSSWALK
Street Sign - Damaged Other/Unknown Street 840 CONEY ISLAND AVENUE CONEY ISLAND AVENUE,MISSING_SIGNAGE
"Street Sign - Missing No Parking, Standing, Stopping Street 115 RICHARDSON STREET RICHARDSON STREET",MISSING_SIGNAGE
Street Sign - Missing Other/Unknown Street 3729 RICHMOND AVENUE RICHMOND AVENUE,MISSING_SIGNAGE
Street Sign - Damaged Other/Unknown Street 25 KENT AVENUE KENT AVENUE,MISSING_SIGNAGE
Street Light Condition Street Light Out  156-28 71 AVENUE 71 AVENUE,POOR_LIGHTING
Illegal Parking Blocked Crosswalk Street/Sidewalk 1115 DORCHESTER ROAD DORCHESTER ROAD,UNSAFE_CROSSWALK
Illegal Parking Blocked Crosswalk Street/Sidewalk 355 EAST 16 STREET EAST 16 STREET,UNSAFE_CROSSWALK
Street Sign - Dangling Other/Unknown Street 6 AVENUE 6 AVENUE,MISSING_SIGNAGE
Illegal Parking Blocked Crosswalk Street/Sidewalk 272 TROY AVENUE TROY AVENUE,UNSAFE_CROSSWALK
Illegal Parking Blocked Crosswalk Street/Sidewalk HEGEMAN AVENUE HEGEMAN AVENUE,UNSAFE_CROSSWALK
Street Light Condition Street Light Out  149 BARLOW DRIVE SOUTH BARLOW DRIVE SOUTH,POOR_LIGHTING
Street Sign - Missing Stop Street 5700 ARLINGTON AVENUE ARLINGTON AVENUE,MISSING_SIGNAGE
Illegal Parking Blocked Crosswalk Street/Sidewalk 2001 EAST 60 STREET EAST 60 STREET,UNSAFE_CROSSWALK
Illegal Parking Blocked Crosswalk Street/Sidewalk TEHAMA STREET TEHAMA STREET,UNSAFE_CROSSWALK
Illegal Parking Blocked Crosswalk Street/Sidewalk 1 WALL STREET WALL STREET,UNSAFE_CROSSWALK
Illegal Parking Blocked Crosswalk Street/Sidewalk 356 EAST FOURTH STREET EAST FOURTH STREET,UNSAFE_CROSSWALK
Street Light Condition Street Light Out  3123 CHURCH AVENUE CHURCH AVENUE,POOR_LIGHTING
Illegal Parking Blocked Crosswalk Street/Sidewalk 420 12 STREET 12 STREET,UNSAFE_CROSSWALK
Street Light Condition Street Light Out  255-10 UPLAND ROAD UPLAND ROAD,POOR_LIGHTING
Illegal Parking Blocked Crosswalk Street/Sidewalk 44-20 HUNTER STREET HUNTER STREET,UNSAFE_CROSSWALK
Illegal Parking Blocked Crosswalk Street/Sidewalk 151-82 19 AVENUE 19 AVENUE,UNSAFE_CROSSWALK
Traffic Signal Condition Controller  PROSPECT PARK PROSPECT PARK,MISSING_SIGNAGE
Street Light Condition Street Light Out  443 JEFFERSON BOULEVARD JEFFERSON BOULEVARD,POOR_LIGHTING
Street Sign - Damaged Stop Street 212 STREET 212 STREET,MISSING_SIGNAGE
Street Sign - Dangling Other/Unknown Street 99-11 198 STREET 198 STREET,MISSING_SIGNAGE
Illegal Parking Blocked Crosswalk Street/Sidewalk 346 DOUGLASS STREET DOUGLASS STREET,UNSAFE_CROSSWALK
"Street Sign - Damaged No Parking, Standing, Stopping Street 35 WOODBINE STREET WOODBINE STREET",MISSING_SIGNAGE
Traffic Congestion/Gridlock Street/Sidewalk 268 EAST 207 STREET EAST 207 STREET,OTHER
Street Sign - Damaged Stop Street 14 AVENUE 14 AVENUE,MISSING_SIGNAGE
Illegal Parking Blocked Crosswalk Street/Sidewalk 724 CLINTON STREET CLINTON STREET,UNSAFE_CROSSWALK
Illegal Parking Blocked Crosswalk Street/Sidewalk MADISON STREET MADISON STREET,UNSAFE_CROSSWALK
Traffic Signal Condition Temporary   ,MISSING_SIGNAGE
"Street Sign - Missing No Parking, Standing, Stopping Street 139-92 86 AVENUE 86 AVENUE",MISSING_SIGNAGE
Street Light Condition Lamppost Knocked Down  530 EAST   76 STREET EAST   76 STREET,POOR_LIGHTING
Illegal Parking Blocked Crosswalk Street/Sidewalk PAVE ACADEMY CHARTER SCHOOL PAVE ACADEMY CHARTER SCHOOL,UNSAFE_CROSSWALK
Street Sign - Dangling Other/Unknown Street 518 BEACH 139 STREET BEACH 139 STREET,MISSING_SIGNAGE
Traffic Signal Condition Vehicle Signal  CENTRAL PARK CENTRAL PARK,MISSING_SIGNAGE
Street Sign - Dangling One Way Street 266 BEACH 130 STREET BEACH 130 STREET,MISSING_SIGNAGE
Illegal Parking Blocked Crosswalk Street/Sidewalk 7801 NARROWS AVENUE NARROWS AVENUE,UNSAFE_CROSSWALK
Street Light Condition Street Light Out  42-010 ROBINSON STREET ROBINSON STREET,POOR_LIGHTING
Street Light Condition Street Light Out  42-16 214 PLACE 214 PLACE,POOR_LIGHTING
Street Sign - Damaged Stop Street 117-06 ROCKAWAY BEACH BOULEVARD ROCKAWAY BEACH BOULEVARD,MISSING_SIGNAGE
Street Sign - Damaged Stop Street 117-03 ROCKAWAY BEACH BOULEVARD ROCKAWAY BEACH BOULEVARD,MISSING_SIGNAGE
Street Sign - Damaged St Name - Attached to Pole Street 69-04 BEACH CHANNEL DRIVE BEACH CHANNEL DRIVE,MISSING_SIGNAGE
Illegal Parking Blocked Crosswalk Street/Sidewalk 53-63 69 STREET 69 STREET,UNSAFE_CROSSWALK
Illegal Parking Blocked Crosswalk Street/Sidewalk RESERVOIR AVENUE RESERVOIR AVENUE,UNSAFE_CROSSWALK
Illegal Parking Blocked Crosswalk Street/Sidewalk 12497 FLATLANDS AVENUE FLATLANDS AVENUE,UNSAFE_CROSSWALK
Street Sign - Dangling St Name - Attached to Pole Street 69-03 BAYFIELD AVENUE BAYFIELD AVENUE,MISSING_SIGNAGE
Street Sign - Damaged Other/Unknown Street 69-02 BAYFIELD AVENUE BAYFIELD AVENUE,MISSING_SIGNAGE
Street Sign - Damaged Other/Unknown Street 643 BEACH 68 STREET BEACH 68 STREET,MISSING_SIGNAGE
Traffic Congestion/Gridlock Street/Sidewalk GUNHILL ROAD GUNHILL ROAD,OTHER
Street Sign - Dangling Stop Street 77 AVENUE 77 AVENUE,MISSING_SIGNAGE
Street Sign - Missing Other/Unknown Street 3475 GREYSTONE AVENUE GREYSTONE AVENUE,MISSING_SIGNAGE
Illegal Parking Blocked Crosswalk Street/Sidewalk 157-37 9 AVENUE 9 AVENUE,UNSAFE_CROSSWALK
Illegal Parking Blocked Crosswalk Street/Sidewalk 2084 60 STREET 60 STREET,UNSAFE_CROSSWALK
Street Sign - Damaged Other/Unknown Street 26 BAY STREET BAY STREET,MISSING_SIGNAGE
"Street Sign - Missing No Parking, Standing, Stopping Street 196 UNION AVENUE UNION AVENUE",MISSING_SIGNAGE
"Street Sign - Missing No Parking, Standing, Stopping Street 875 4 AVENUE 4 AVENUE",MISSING_SIGNAGE
Illegal Parking Blocked Crosswalk Street/Sidewalk 1630 GRAND AVENUE GRAND AVENUE,UNSAFE_CROSSWALK
Street Sign - Damaged St Name - Attached to Pole Street 303 BEACH 25 STREET BEACH 25 STREET,MISSING_SIGNAGE
Illegal Parking Blocked Crosswalk Street/Sidewalk 2402 AVENUE P AVENUE P,UNSAFE_CROSSWALK
Illegal Parking Blocked Crosswalk Street/Sidewalk 1601 82 STREET 82 STREET,UNSAFE_CROSSWALK
Street Sign - Damaged Stop Street 194-04 120 AVENUE 120 AVENUE,MISSING_SIGNAGE
Street Sign - Damaged Other/Unknown Street 23-50 CORNAGA AVENUE CORNAGA AVENUE,MISSING_SIGNAGE
Street Sign - Dangling Other/Unknown Street 490 EAST 111 STREET EAST 111 STREET,MISSING_SIGNAGE
Illegal Parking Blocked Crosswalk Street/Sidewalk 200 6 AVENUE 6 AVENUE,UNSAFE_CROSSWALK
Street Sign - Damaged Stop Street 20 ROAD 20 ROAD,MISSING_SIGNAGE
Illegal Parking Blocked Crosswalk Street/Sidewalk THROOP AVENUE THROOP AVENUE,UNSAFE_CROSSWALK
Street Sign - Dangling Stop Street 17-53 BROOKHAVEN AVENUE BROOKHAVEN AVENUE,MISSING_SIGNAGE
"Street Sign - Dangling No Parking, Standing, Stopping Street 295 3 AVENUE 3 AVENUE",MISSING_SIGNAGE
Illegal Parking Blocked Crosswalk Street/Sidewalk 975 VAN NEST AVENUE VAN NEST AVENUE,UNSAFE_CROSSWALK
Street Sign - Dangling St Name - Attached to Pole Street 493 BEACH 20 STREET BEACH 20 STREET,MISSING_SIGNAGE
Illegal Parking Blocked Crosswalk Street/Sidewalk 154-05 20 AVENUE 20 AVENUE,UNSAFE_CROSSWALK
Street Sign - Damaged Other/Unknown Street 1032 DICKENS STREET DICKENS STREET,MISSING_SIGNAGE
Street Sign - Damaged Stop Street 23-41 MOTT AVENUE MOTT AVENUE,MISSING_SIGNAGE
Street Sign - Damaged Stop Street 23-55 BAYSWATER AVENUE BAYSWATER AVENUE,MISSING_SIGNAGE
Street Sign - Damaged Stop Street 25-60 MOTT AVENUE MOTT AVENUE,MISSING_SIGNAGE
Illegal Parking Blocked Crosswalk Street/Sidewalk GRAVESEND NECK ROAD GRAVESEND NECK ROAD,UNSAFE_CROSSWALK
"Street Sign - Missing No Parking, Standing, Stopping Street 86-28 96 STREET 96 STREET",MISSING_SIGNAGE
Street Sign - Missing Street Cleaning - ASP Street 3639 DYRE AVENUE DYRE AVENUE,MISSING_SIGNAGE
Street Sign - Dangling St Name - Over Intersection Street CONFEDERATION PLACE CONFEDERATION PLACE,MISSING_SIGNAGE
Illegal Parking Blocked Crosswalk Street/Sidewalk 46-39 66 STREET 66 STREET,UNSAFE_CROSSWALK
Street Light Condition Street Light Cycling  1515 ST MARKS AVENUE ST MARKS AVENUE,POOR_LIGHTING
Traffic Signal Condition Controller  CITIFIELD CITIFIELD,MISSING_SIGNAGE
Illegal Parking Blocked Crosswalk Street/Sidewalk 5820 21 AVENUE 21 AVENUE,UNSAFE_CROSSWALK
Street Light Condition Street Light Out  221 BRYANT AVENUE BRYANT AVENUE,POOR_LIGHTING
Street Sign - Missing Other/Unknown Street 101 GOLD STREET GOLD STREET,MISSING_SIGNAGE
Illegal Parking Blocked Crosswalk Street/Sidewalk 70-04 CALDWELL AVENUE CALDWELL AVENUE,UNSAFE_CROSSWALK
Illegal Parking Blocked Crosswalk Street/Sidewalk 69-03 62 ROAD 62 ROAD,UNSAFE_CROSSWALK
Illegal Parking Blocked Crosswalk Street/Sidewalk CRUGER AVENUE CRUGER AVENUE,UNSAFE_CROSSWALK
Street Sign - Damaged Stop Street 157-03 90 STREET 90 STREET,MISSING_SIGNAGE
Street Sign - Damaged Stop Street 87-05 162 AVENUE 162 AVENUE,MISSING_SIGNAGE
Illegal Parking Blocked Crosswalk Street/Sidewalk 58 HEMLOCK STREET HEMLOCK STREET,UNSAFE_CROSSWALK
Illegal Parking Blocked Crosswalk Street/Sidewalk 58-21 251 STREET 251 STREET,UNSAFE_CROSSWALK
Street Sign - Dangling One Way Street 78 STREET 78 STREET,MISSING_SIGNAGE
Illegal Parking Blocked Crosswalk Street/Sidewalk 70 EAST 120 STREET EAST 120 STREET,UNSAFE_CROSSWALK
Illegal Parking Blocked Crosswalk Street/Sidewalk B 124 STREET B 124 STREET,UNSAFE_CROSSWALK
Street Sign - Damaged Other/Unknown Street 3111 HENRY HUDSON PARKWAY WEST HENRY HUDSON PARKWAY WEST,MISSING_SIGNAGE
Street Light Condition Street Light Out  1232 OLMSTEAD AVENUE OLMSTEAD AVENUE,POOR_LIGHTING
Illegal Parking Blocked Crosswalk Street/Sidewalk 1095 LEXINGTON AVENUE LEXINGTON AVENUE,UNSAFE_CROSSWALK
Illegal Parking Blocked Crosswalk Street/Sidewalk 1336 EAST 19 STREET EAST 19 STREET,UNSAFE_CROSSWALK
Street Sign - Missing Street Cleaning - ASP Street 249 24 STREET 24 STREET,MISSING_SIGNAGE
Illegal Parking Blocked Crosswalk Street/Sidewalk 372 EAST 235 STREET EAST 235 STREET,UNSAFE_CROSSWALK
Illegal Parking Blocked Crosswalk Street/Sidewalk 78-21 80 STREET 80 STREET,UNSAFE_CROSSWALK
Illegal Parking Blocked Crosswalk Street/Sidewalk 86-20 155 AVENUE 155 AVENUE,UNSAFE_CROSSWALK
Street Light Condition Street Light Out  872 45 STREET 45 STREET,POOR_LIGHTING
Traffic Drag Racing Street/Sidewalk 17 MONROE STREET MONROE STREET,SPEEDING
Illegal Parking Blocked Crosswalk Street/Sidewalk 74-48 ATLANTIC AVENUE ATLANTIC AVENUE,UNSAFE_CROSSWALK
Street Sign - Damaged Other/Unknown Street 2833 BRIGHTON 3 STREET BRIGHTON 3 STREET,MISSING_SIGNAGE
Illegal Parking Blocked Crosswalk Street/Sidewalk 502 EAST NINTH STREET EAST NINTH STREET,UNSAFE_CROSSWALK
Illegal Parking Blocked Crosswalk Street/Sidewalk 112-02 111 AVENUE 111 AVENUE,UNSAFE_CROSSWALK
Street Light Condition Street Light Lamp Dim  111-81 41 AVENUE 41 AVENUE,POOR_LIGHTING
Street Light Condition Street Light Out  1817 SEWARD AVENUE SEWARD AVENUE,POOR_LIGHTING
Street Light Condition Street Light Out  1318 VREELAND AVENUE VREELAND AVENUE,POOR_LIGHTING
Street Light Condition Street Light Cycling  1209 NELSON AVENUE NELSON AVENUE,POOR_LIGHTING
Illegal Parking Blocked Crosswalk Street/Sidewalk 217-26 75 AVENUE 75 AVENUE,UNSAFE_CROSSWALK
Illegal Parking Blocked Crosswalk Street/Sidewalk 84-29 155 AVENUE 155 AVENUE,UNSAFE_CROSSWALK
Street Light Condition Street Light Out  96-13 ROCKAWAY BEACH BOULEVARD ROCKAWAY BEACH BOULEVARD,POOR_LIGHTING
Illegal Parking Blocked Crosswalk Street/Sidewalk 1801 53 STREET 53 STREET,UNSAFE_CROSSWALK
Street Light Condition Street Light Out  1170 GLENMORE AVENUE GLENMORE AVENUE,POOR_LIGHTING
Street Light Condition Street Light Out  427 BEACH   66 STREET BEACH   66 STREET,POOR_LIGHTING
Illegal Parking Blocked Crosswalk Street/Sidewalk 3442 WILSON AVENUE WILSON AVENUE,UNSAFE_CROSSWALK
Illegal Parking Blocked Crosswalk Street/Sidewalk 50-01 47 STREET 47 STREET,UNSAFE_CROSSWALK
Illegal Parking Blocked Crosswalk Street/Sidewalk 88-20 184 PLACE 184 PLACE,UNSAFE_CROSSWALK
Illegal Parking Blocked Crosswalk Street/Sidewalk 50-19 104 STREET 104 STREET,UNSAFE_CROSSWALK
Illegal Parking Blocked Crosswalk Street/Sidewalk WEST 217 STREET WEST 217 STREET,UNSAFE_CROSSWALK
Illegal Parking Blocked Crosswalk Street/Sidewalk 2039 BURR AVENUE BURR AVENUE,UNSAFE_CROSSWALK
Street Sign - Damaged Other/Unknown Street 2925 AVENUE M AVENUE M,MISSING_SIGNAGE
Illegal Parking Blocked Crosswalk Street/Sidewalk 326 FOSTER AVENUE FOSTER AVENUE,UNSAFE_CROSSWALK
Illegal Parking Blocked Crosswalk Street/Sidewalk UNDERHILL AVENUE UNDERHILL AVENUE,UNSAFE_CROSSWALK
Illegal Parking Blocked Crosswalk Street/Sidewalk 75 FAIRVIEW AVENUE FAIRVIEW AVENUE,UNSAFE_CROSSWALK
Street Sign - Missing Other/Unknown Street VETERANS ROAD WEST VETERANS ROAD WEST,MISSING_SIGNAGE
Illegal Parking Blocked Crosswalk Street/Sidewalk COLUMBIA HEIGHTS COLUMBIA HEIGHTS,UNSAFE_CROSSWALK
Illegal Parking Blocked Crosswalk Street/Sidewalk 3029 BRIGGS AVENUE BRIGGS AVENUE,UNSAFE_CROSSWALK
Illegal Parking Blocked Crosswalk Street/Sidewalk 119 FANE COURT FANE COURT,UNSAFE_CROSSWALK
"Street Sign - Missing No Parking, Standing, Stopping Street 3907 14 AVENUE 14 AVENUE",MISSING_SIGNAGE
Street Light Condition Street Light Out  2557 MARION AVENUE MARION AVENUE,POOR_LIGHTING
Illegal Parking Blocked Crosswalk Street/Sidewalk 587 ELDERT LANE ELDERT LANE,UNSAFE_CROSSWALK
Illegal Parking Blocked Crosswalk Street/Sidewalk 1601 79 STREET 79 STREET,UNSAFE_CROSSWALK
Illegal Parking Blocked Crosswalk Street/Sidewalk 3208 BROADWAY BROADWAY,UNSAFE_CROSSWALK
Illegal Parking Blocked Crosswalk Street/Sidewalk 110 CADMAN PLAZA EAST CADMAN PLAZA EAST,UNSAFE_CROSSWALK
Illegal Parking Blocked Crosswalk Street/Sidewalk 4812 BAY PARKWAY BAY PARKWAY,UNSAFE_CROSSWALK
Traffic Truck Route Violation Street/Sidewalk 19 APOLLO STREET APOLLO STREET,OTHER
Street Light Condition Street Light Out  2866 MARION AVENUE MARION AVENUE,POOR_LIGHTING
Illegal Parking Blocked Crosswalk Street/Sidewalk BAY PARKWAY BAY PARKWAY,UNSAFE_CROSSWALK
Illegal Parking Blocked Crosswalk Street/Sidewalk 75 STREET 75 STREET,UNSAFE_CROSSWALK
Street Sign - Dangling Speed Limit Street 902 EAST 39 STREET EAST 39 STREET,MISSING_SIGNAGE
"Street Sign - Missing No Parking, Standing, Stopping Street 104-46 DUNKIRK STREET DUNKIRK STREET",MISSING_SIGNAGE
Street Sign - Damaged Other/Unknown Street 58-05 HOLLIS CT BOULEVARD HOLLIS CT BOULEVARD,MISSING_SIGNAGE
Street Light Condition Street Light Out  146 CROMWELL AVENUE CROMWELL AVENUE,POOR_LIGHTING
Illegal Parking Blocked Crosswalk Street/Sidewalk 4808 BAY PARKWAY BAY PARKWAY,UNSAFE_CROSSWALK
"Street Sign - Missing No Parking, Standing, Stopping Street 195 GRANITE AVENUE GRANITE AVENUE",MISSING_SIGNAGE
Illegal Parking Blocked Crosswalk Street/Sidewalk HOLLYWOOD AVENUE HOLLYWOOD AVENUE,UNSAFE_CROSSWALK
Traffic Drag Racing Street/Sidewalk 97 STREET 97 STREET,SPEEDING
Illegal Parking Blocked Crosswalk Street/Sidewalk 96-11 50 AVENUE 50 AVENUE,UNSAFE_CROSSWALK
Illegal Parking Blocked Crosswalk Street/Sidewalk 966 MADISON AVENUE MADISON AVENUE,UNSAFE_CROSSWALK
Street Sign - Damaged One Way Street 93-03 ATLANTIC AVENUE ATLANTIC AVENUE,MISSING_SIGNAGE
Street Sign - Damaged Stop Street COLUMBIA STREET COLUMBIA STREET,MISSING_SIGNAGE
Street Sign - Damaged Other/Unknown Street 134-17 BLOSSOM AVENUE BLOSSOM AVENUE,MISSING_SIGNAGE
Street Sign - Missing Stop Street 22 AVENUE 22 AVENUE,MISSING_SIGNAGE
Street Light Condition Street Light Out  LONG ISL EXPY LONG ISL EXPY,POOR_LIGHTING
Illegal Parking Blocked Crosswalk Street/Sidewalk 2278 EAST 12 STREET EAST 12 STREET,UNSAFE_CROSSWALK
Illegal Parking Blocked Crosswalk Street/Sidewalk 1012 EAST NY AVENUE EAST NY AVENUE,UNSAFE_CROSSWALK
Illegal Parking Blocked Crosswalk Street/Sidewalk 1505 THIRD AVENUE THIRD AVENUE,UNSAFE_CROSSWALK
Illegal Parking Blocked Crosswalk Street/Sidewalk 97 PARK AVENUE PARK AVENUE,UNSAFE_CROSSWALK
Street Sign - Dangling Street Cleaning - ASP Street 1654 BATH AVENUE BATH AVENUE,MISSING_SIGNAGE
Illegal Parking Blocked Crosswalk Street/Sidewalk 8825 5 AVENUE 5 AVENUE,UNSAFE_CROSSWALK
Street Sign - Damaged Other/Unknown Street 112-11 75 AVENUE 75 AVENUE,MISSING_SIGNAGE
Street Light Condition Street Light Out  BRONX RVR PKWY BRONX RVR PKWY,POOR_LIGHTING
Street Sign - Dangling Stop Street 124-06 14 AVENUE 14 AVENUE,MISSING_SIGNAGE
Illegal Parking Blocked Crosswalk Street/Sidewalk 89-02 88 AVENUE 88 AVENUE,UNSAFE_CROSSWALK
Illegal Parking Blocked Crosswalk Street/Sidewalk 202 AVENUE M AVENUE M,UNSAFE_CROSSWALK
Street Light Condition Fixture/Luminaire Hanging  LONG ISL EXPY LONG ISL EXPY,POOR_LIGHTING
Street Light Condition Street Light Out  JOHNSON AVENUE JOHNSON AVENUE,POOR_LIGHTING
Illegal Parking Blocked Crosswalk Street/Sidewalk 45 PARK TERRACE WEST PARK TERRACE WEST,UNSAFE_CROSSWALK
Street Light Condition Street Light Out  32-16 205 STREET 205 STREET,POOR_LIGHTING
Illegal Parking Blocked Crosswalk Street/Sidewalk EAST 197 STREET EAST 197 STREET,UNSAFE_CROSSWALK
Traffic Signal Condition Pedestrian Signal  PETER MINUIT PLAZA PETER MINUIT PLAZA,UNSAFE_CROSSWALK
Street Light Condition Street Light Out  1879 NEW YORK AVENUE NEW YORK AVENUE,POOR_LIGHTING
Traffic Drag Racing Street/Sidewalk 1 MORNINGSIDE DRIVE MORNINGSIDE DRIVE,SPEEDING
Street Light Condition Street Light Out  SHORE BOULEVARD SHORE BOULEVARD,POOR_LIGHTING
Illegal Parking Blocked Crosswalk Street/Sidewalk 145 WEST HOUSTON STREET WEST HOUSTON STREET,UNSAFE_CROSSWALK
Street Light Condition Street Light Out  4 DURGES STREET DURGES STREET,POOR_LIGHTING
Street Sign - Damaged Other/Unknown Street LAFAYETTE STREET LAFAYETTE STREET,MISSING_SIGNAGE
Illegal Parking Blocked Crosswalk Street/Sidewalk 69-03 LUTHER ROAD LUTHER ROAD,UNSAFE_CROSSWALK
Street Light Condition Lamppost Missing  KOSCIUSZKO BRIDGE KOSCIUSZKO BRIDGE,POOR_LIGHTING
Illegal Parking Blocked Crosswalk Street/Sidewalk 101 WEST 54 STREET WEST 54 STREET,UNSAFE_CROSSWALK
Illegal Parking Blocked Crosswalk Street/Sidewalk 568 UNION AVENUE UNION AVENUE,UNSAFE_CROSSWALK
Illegal Parking Blocked Crosswalk Street/Sidewalk 927 CLARENCE AVENUE CLARENCE AVENUE,UNSAFE_CROSSWALK
Illegal Parking Blocked Crosswalk Street/Sidewalk 1118 LORIMER STREET LORIMER STREET,UNSAFE_CROSSWALK
Street Sign - Dangling Stop Street 152 DEGRAW STREET DEGRAW STREET,MISSING_SIGNAGE
Traffic Congestion/Gridlock Street/Sidewalk EAST 43 STREET EAST 43 STREET,OTHER
Illegal Parking Blocked Crosswalk Street/Sidewalk 135 WEST 52 STREET WEST 52 STREET,UNSAFE_CROSSWALK
Illegal Parking Blocked Crosswalk Street/Sidewalk 1485 5 AVENUE 5 AVENUE,UNSAFE_CROSSWALK
Street Light Condition Street Light Out  WEST  232 STREET WEST  232 STREET,POOR_LIGHTING
Street Light Condition Street Light Out  152-10 MELBOURNE AVENUE MELBOURNE AVENUE,POOR_LIGHTING
Street Light Condition Street Light Out  1543 84 STREET 84 STREET,POOR_LIGHTING
Street Light Condition Lamppost Base Door/Cover Open  5208 5 AVENUE 5 AVENUE,POOR_LIGHTING
Illegal Parking Blocked Crosswalk Street/Sidewalk 82 STREET 82 STREET,UNSAFE_CROSSWALK
Street Sign - Dangling St Name - Over Intersection Street 12 WILLIAM STREET WILLIAM STREET,MISSING_SIGNAGE
Street Sign - Missing Street Cleaning - ASP Street 250 24 STREET 24 STREET,MISSING_SIGNAGE
Illegal Parking Blocked Crosswalk Street/Sidewalk 33-41 127 PLACE 127 PLACE,UNSAFE_CROSSWALK
Illegal Parking Blocked Crosswalk Street/Sidewalk 151 WEST 54 STREET WEST 54 STREET,UNSAFE_CROSSWALK
Street Sign - Damaged Other/Unknown Street 168 26 STREET 26 STREET,MISSING_SIGNAGE
Illegal Parking Blocked Crosswalk Street/Sidewalk 53-19 73 STREET 73 STREET,UNSAFE_CROSSWALK
Street Light Condition Street Light Lamp Missing  6212 5 AVENUE 5 AVENUE,POOR_LIGHTING
Illegal Parking Blocked Crosswalk Street/Sidewalk 573 3 STREET 3 STREET,UNSAFE_CROSSWALK
Illegal Parking Blocked Crosswalk Street/Sidewalk EAST 157 STREET EAST 157 STREET,UNSAFE_CROSSWALK
Street Light Condition Lamppost Damaged  1869 60 STREET 60 STREET,POOR_LIGHTING
Illegal Parking Blocked Crosswalk Street/Sidewalk 52-74 84 STREET 84 STREET,UNSAFE_CROSSWALK
Illegal Parking Blocked Crosswalk Street/Sidewalk 85-32 116 STREET 116 STREET,UNSAFE_CROSSWALK
Illegal Parking Blocked Crosswalk Street/Sidewalk 74-47 65 STREET 65 STREET,UNSAFE_CROSSWALK
Illegal Parking Blocked Crosswalk Street/Sidewalk 82-01 54 AVENUE 54 AVENUE,UNSAFE_CROSSWALK
Street Light Condition Street Light Out  13-16 AUGUSTINA AVENUE AUGUSTINA AVENUE,POOR_LIGHTING
Street Sign - Dangling Honorary Street LINDEN BOULEVARD LINDEN BOULEVARD,MISSING_SIGNAGE
Traffic Truck Route Violation Street/Sidewalk 172 WOODWARD AVENUE WOODWARD AVENUE,OTHER
Street Light Condition Street Light Out  49-18 QUEENS BOULEVARD QUEENS BOULEVARD,POOR_LIGHTING
Street Light Condition Street Light Out  144 PURDY AVENUE PURDY AVENUE,POOR_LIGHTING
Street Sign - Missing Street Cleaning - ASP Street 4340 BULLARD AVENUE BULLARD AVENUE,MISSING_SIGNAGE
Street Sign - Missing Other/Unknown Street 2 AVENUE 2 AVENUE,MISSING_SIGNAGE
Street Sign - Damaged Stop Street 58-48 193 STREET 193 STREET,MISSING_SIGNAGE
Street Sign - Damaged Stop Street DRUMGOOLE ROAD WEST DRUMGOOLE ROAD WEST,MISSING_SIGNAGE
Street Sign - Damaged Street Cleaning - ASP Street 47-26 39 STREET 39 STREET,MISSING_SIGNAGE
Street Sign - Missing Stop Street 101-07 FARMERS BOULEVARD FARMERS BOULEVARD,MISSING_SIGNAGE
Illegal Parking Blocked Crosswalk Street/Sidewalk 68-42 CLOVERDALE BOULEVARD CLOVERDALE BOULEVARD,UNSAFE_CROSSWALK
Street Sign - Dangling St Name - Attached to Pole Street 10-76 BAY 24 STREET BAY 24 STREET,MISSING_SIGNAGE
Street Sign - Damaged Stop Street 148 DEGRAW STREET DEGRAW STREET,MISSING_SIGNAGE
Street Sign - Dangling St Name - Attached to Pole Street 256-12 FRANCIS LEWIS BOULEVARD FRANCIS LEWIS BOULEVARD,MISSING_SIGNAGE
Street Sign - Dangling Stop Street 226-17 147 AVENUE 147 AVENUE,MISSING_SIGNAGE
Illegal Parking Blocked Crosswalk Street/Sidewalk BERRY STREET BERRY STREET,UNSAFE_CROSSWALK
Illegal Parking Blocked Crosswalk Street/Sidewalk 175-32 DEVONSHIRE ROAD DEVONSHIRE ROAD,UNSAFE_CROSSWALK
Illegal Parking Blocked Crosswalk Street/Sidewalk 85-01 86 AVENUE 86 AVENUE,UNSAFE_CROSSWALK
"Street Sign - Missing No Parking, Standing, Stopping Street 116 DIXON AVENUE DIXON AVENUE",MISSING_SIGNAGE
"Street Sign - Dangling No Parking, Standing, Stopping Street 108-12 BEACH CHANNEL DRIVE BEACH CHANNEL DRIVE",MISSING_SIGNAGE
Illegal Parking Blocked Crosswalk Street/Sidewalk 95 NEVINS STREET NEVINS STREET,UNSAFE_CROSSWALK
Illegal Parking Blocked Crosswalk Street/Sidewalk RIVERSIDE DRIVE RIVERSIDE DRIVE,UNSAFE_CROSSWALK
Traffic Chronic Speeding Street/Sidewalk 161-14 UNION TURNPIKE UNION TURNPIKE,SPEEDING
"Street Sign - Missing No Parking, Standing, Stopping Street 23 SIDNEY PLACE SIDNEY PLACE",MISSING_SIGNAGE
Street Light Condition Fixture/Luminaire Missing  169 GREAVES AVENUE GREAVES AVENUE,POOR_LIGHTING
Illegal Parking Blocked Crosswalk Street/Sidewalk 70-03 HARROW STREET HARROW STREET,UNSAFE_CROSSWALK
Illegal Parking Blocked Crosswalk Street/Sidewalk 2037 CROPSEY AVENUE CROPSEY AVENUE,UNSAFE_CROSSWALK
Street Light Condition Street Light Out  HIGHLAND PARK HIGHLAND PARK,POOR_LIGHTING
"Street Sign - Damaged No Parking, Standing, Stopping Street 145 BEACH 27 STREET BEACH 27 STREET",MISSING_SIGNAGE
Street Sign - Damaged Other/Unknown Street 343 COURT STREET COURT STREET,MISSING_SIGNAGE
Illegal Parking Blocked Crosswalk Street/Sidewalk 33-78 11 STREET 11 STREET,UNSAFE_CROSSWALK
Street Sign - Damaged Other/Unknown Street 78-14 AUSTIN STREET AUSTIN STREET,MISSING_SIGNAGE
Street Sign - Missing Other/Unknown Street 118-02 SUTPHIN BOULEVARD SUTPHIN BOULEVARD,MISSING_SIGNAGE
Street Sign - Dangling Stop Street 149-88 253 STREET 253 STREET,MISSING_SIGNAGE
Street Sign - Dangling St Name - Attached to Pole Street 714 BEACH 20 STREET BEACH 20 STREET,MISSING_SIGNAGE
Street Light Condition Street Light Out  5 HARVARD AVENUE HARVARD AVENUE,POOR_LIGHTING
Illegal Parking Blocked Crosswalk Street/Sidewalk 165-01 67 AVENUE 67 AVENUE,UNSAFE_CROSSWALK
Street Sign - Missing Other/Unknown Street 145-15 ROCKAWAY BEACH BOULEVARD ROCKAWAY BEACH BOULEVARD,MISSING_SIGNAGE
Street Sign - Missing One Way Street 354 BEACH 68 STREET BEACH 68 STREET,MISSING_SIGNAGE
Street Sign - Damaged Other/Unknown Street 148-16 226 STREET 226 STREET,MISSING_SIGNAGE
Street Sign - Damaged Other/Unknown Street 138 BEACH 118 STREET BEACH 118 STREET,MISSING_SIGNAGE
Street Light Condition Street Light Out  177 GREAVES AVENUE GREAVES AVENUE,POOR_LIGHTING
Street Sign - Dangling Stop Street 467 BEACH 68 STREET BEACH 68 STREET,MISSING_SIGNAGE
Street Sign - Damaged Stop Street 14-53 EGMONT PLACE EGMONT PLACE,MISSING_SIGNAGE
Street Sign - Missing One Way Street 22-06 CORNAGA AVENUE CORNAGA AVENUE,MISSING_SIGNAGE
Street Sign - Damaged Stop Street 10-24 HARTMAN LANE HARTMAN LANE,MISSING_SIGNAGE
Street Light Condition Street Light Out  253-11 58 AVENUE 58 AVENUE,POOR_LIGHTING
Illegal Parking Blocked Crosswalk Street/Sidewalk 41-03 160 STREET 160 STREET,UNSAFE_CROSSWALK
"Street Sign - Damaged No Parking, Standing, Stopping Street 48-22 49 STREET 49 STREET",MISSING_SIGNAGE
Illegal Parking Blocked Crosswalk Street/Sidewalk 1641 GRAND AVENUE GRAND AVENUE,UNSAFE_CROSSWALK
Street Sign - Damaged St Name - Attached to Pole Street ARTHUR KILL ROAD ARTHUR KILL ROAD,MISSING_SIGNAGE
Illegal Parking Blocked Crosswalk Street/Sidewalk 7201 RIDGE BOULEVARD RIDGE BOULEVARD,UNSAFE_CROSSWALK
Illegal Parking Blocked Crosswalk Street/Sidewalk 838 CLASSON AVENUE CLASSON AVENUE,UNSAFE_CROSSWALK
Street Sign - Dangling St Name - Over Intersection Street AMBOY ROAD AMBOY ROAD,MISSING_SIGNAGE
Illegal Parking Blocked Crosswalk Street/Sidewalk 1680 BUSSING AVENUE BUSSING AVENUE,UNSAFE_CROSSWALK
Illegal Parking Blocked Crosswalk Street/Sidewalk 1490 JESUP AVENUE JESUP AVENUE,UNSAFE_CROSSWALK
Illegal Parking Blocked Crosswalk Street/Sidewalk 6607 NEW UTRECHT AVENUE NEW UTRECHT AVENUE,UNSAFE_CROSSWALK
Illegal Parking Blocked Crosswalk Street/Sidewalk 41 STREET 41 STREET,UNSAFE_CROSSWALK
Illegal Parking Blocked Crosswalk Street/Sidewalk 163-06 65 AVENUE 65 AVENUE,UNSAFE_CROSSWALK
Street Sign - Damaged Other/Unknown Street 7 AVENUE 7 AVENUE,MISSING_SIGNAGE
Traffic Congestion/Gridlock Street/Sidewalk LIBERTY AVENUE LIBERTY AVENUE,OTHER
Illegal Parking Blocked Crosswalk Street/Sidewalk 39 STREET 39 STREET,UNSAFE_CROSSWALK
Illegal Parking Blocked Crosswalk Street/Sidewalk 2135 1 AVENUE 1 AVENUE,UNSAFE_CROSSWALK
Illegal Parking Blocked Crosswalk Street/Sidewalk 37 STREET 37 STREET,UNSAFE_CROSSWALK
Illegal Parking Blocked Crosswalk Street/Sidewalk AVENUE H AVENUE H,UNSAFE_CROSSWALK
Illegal Parking Blocked Crosswalk Street/Sidewalk 94 STREET 94 STREET,UNSAFE_CROSSWALK
Street Light Condition Traffic Signal Light  PROSPECT PARK PROSPECT PARK,POOR_LIGHTING
Illegal Parking Blocked Crosswalk Street/Sidewalk 2101 HAVILAND AVENUE HAVILAND AVENUE,UNSAFE_CROSSWALK
Street Light Condition Street Light Out  KOHLRIDER SQUARE KOHLRIDER SQUARE,POOR_LIGHTING
Street Light Condition Street Light Out  144-15 20 AVENUE 20 AVENUE,POOR_LIGHTING
Street Light Condition Street Light Out  FRANK GOLDEN PARK FRANK GOLDEN PARK,POOR_LIGHTING
Street Light Condition Street Light Out  KISSENA PARK KISSENA PARK,POOR_LIGHTING
Illegal Parking Blocked Crosswalk Street/Sidewalk 978 VAN NEST AVENUE VAN NEST AVENUE,UNSAFE_CROSSWALK
Street Light Condition Street Light Out  RIDGEOOD VETERANS TRIANGLE RIDGEOOD VETERANS TRIANGLE,POOR_LIGHTING
Illegal Parking Blocked Crosswalk Street/Sidewalk 4 CAYUGA AVENUE CAYUGA AVENUE,UNSAFE_CROSSWALK
Traffic Drag Racing Street/Sidewalk 78-06 19 ROAD 19 ROAD,SPEEDING
Street Sign - Dangling St Name - Attached to Pole Street 56-57 58 STREET 58 STREET,MISSING_SIGNAGE
Illegal Parking Blocked Crosswalk Street/Sidewalk 18 STREET 18 STREET,UNSAFE_CROSSWALK
Street Light Condition Street Light Out  HUTCH RIVER PARKWAY EAST HUTCH RIVER PARKWAY EAST,POOR_LIGHTING
Illegal Parking Blocked Crosswalk Street/Sidewalk 14 AUBURN PLACE AUBURN PLACE,UNSAFE_CROSSWALK
Illegal Parking Blocked Crosswalk Street/Sidewalk 121 5 AVENUE 5 AVENUE,UNSAFE_CROSSWALK
Illegal Parking Blocked Crosswalk Street/Sidewalk 91-14 ATLANTIC AVENUE ATLANTIC AVENUE,UNSAFE_CROSSWALK
Street Light Condition Street Light Out  295 FINLEY AVENUE FINLEY AVENUE,POOR_LIGHTING
Street Light Condition Street Light Out  4141 EAST TREMONT AVENUE EAST TREMONT AVENUE,POOR_LIGHTING
Street Light Condition Street Light Out  2919 MILES AVENUE MILES AVENUE,POOR_LIGHTING
Street Light Condition Street Light Out  2858 MILES AVENUE MILES AVENUE,POOR_LIGHTING
Illegal Parking Blocked Crosswalk Street/Sidewalk 97 AVENUE 97 AVENUE,UNSAFE_CROSSWALK
Illegal Parking Blocked Crosswalk Street/Sidewalk SUTTER AVENUE SUTTER AVENUE,UNSAFE_CROSSWALK
Illegal Parking Blocked Crosswalk Street/Sidewalk 9 ROAD 9 ROAD,UNSAFE_CROSSWALK
Street Light Condition Street Light Out  2425 SEDGWICK AVENUE SEDGWICK AVENUE,POOR_LIGHTING
Street Light Condition Street Light Out  341 FLATBUSH AVENUE FLATBUSH AVENUE,POOR_LIGHTING
Illegal Parking Blocked Crosswalk Street/Sidewalk GLEBE AVENUE GLEBE AVENUE,UNSAFE_CROSSWALK
Illegal Parking Blocked Crosswalk Street/Sidewalk 457 AVENUE Y AVENUE Y,UNSAFE_CROSSWALK
Illegal Parking Blocked Crosswalk Street/Sidewalk 111-02 106 STREET 106 STREET,UNSAFE_CROSSWALK
Street Sign - Missing Street Cleaning - ASP Street 330 PARK AVENUE PARK AVENUE,MISSING_SIGNAGE
Street Light Condition Street Light Out  259 BALCOM AVENUE BALCOM AVENUE,POOR_LIGHTING
Illegal Parking Blocked Crosswalk Street/Sidewalk 1625 EAST 174 STREET EAST 174 STREET,UNSAFE_CROSSWALK
Street Sign - Damaged No Idling Street 195-60 PECK AVENUE PECK AVENUE,MISSING_SIGNAGE
Illegal Parking Blocked Crosswalk Street/Sidewalk 2610 GLENWOOD ROAD GLENWOOD ROAD,UNSAFE_CROSSWALK
Illegal Parking Blocked Crosswalk Street/Sidewalk 219-60 74 AVENUE 74 AVENUE,UNSAFE_CROSSWALK
Illegal Parking Blocked Crosswalk Street/Sidewalk 447 WESTMINSTER ROAD WESTMINSTER ROAD,UNSAFE_CROSSWALK
Street Light Condition Street Light Out  429 WINTHROP STREET WINTHROP STREET,POOR_LIGHTING
Illegal Parking Blocked Crosswalk Street/Sidewalk 328 FOSTER AVENUE FOSTER AVENUE,UNSAFE_CROSSWALK
Illegal Parking Blocked Crosswalk Street/Sidewalk 75-69 113 STREET 113 STREET,UNSAFE_CROSSWALK
Illegal Parking Blocked Crosswalk Street/Sidewalk 2118 BOGART AVENUE BOGART AVENUE,UNSAFE_CROSSWALK
Illegal Parking Blocked Crosswalk Street/Sidewalk 65-78 TERRACE COURT TERRACE COURT,UNSAFE_CROSSWALK
Traffic Congestion/Gridlock Roadway Tunnel  ,OTHER
Street Light Condition Lamppost Leaning  196-19 116 AVENUE 116 AVENUE,POOR_LIGHTING
Street Light Condition Street Light Out  1720 72 STREET 72 STREET,POOR_LIGHTING
Illegal Parking Blocked Crosswalk Street/Sidewalk 54-02 39 AVENUE 39 AVENUE,UNSAFE_CROSSWALK
Street Light Condition Street Light Out  160 COLUMBIA HEIGHTS COLUMBIA HEIGHTS,POOR_LIGHTING
Illegal Parking Blocked Crosswalk Street/Sidewalk 140 WEST 176 STREET WEST 176 STREET,UNSAFE_CROSSWALK
Illegal Parking Blocked Crosswalk Street/Sidewalk 2669 EAST 11 STREET EAST 11 STREET,UNSAFE_CROSSWALK
Street Light Condition Street Light Out  EAST   16 STREET EAST   16 STREET,POOR_LIGHTING
Illegal Parking Blocked Crosswalk Street/Sidewalk 205 EAST HOUSTON STREET EAST HOUSTON STREET,UNSAFE_CROSSWALK
Street Light Condition Street Light Out  250 RIVERSIDE DRIVE RIVERSIDE DRIVE,POOR_LIGHTING
Street Light Condition Street Light Out  3821 15 AVENUE 15 AVENUE,POOR_LIGHTING
Street Light Condition Street Light Out  RED HOOK PARK RED HOOK PARK,POOR_LIGHTING
Illegal Parking Blocked Crosswalk Street/Sidewalk 61-56 MADISON STREET MADISON STREET,UNSAFE_CROSSWALK
Street Sign - Damaged Bus Stop Street 115 BAY RIDGE AVENUE BAY RIDGE AVENUE,MISSING_SIGNAGE
Street Sign - Damaged Other/Unknown Street 854 BUSHWICK AVENUE BUSHWICK AVENUE,MISSING_SIGNAGE
Street Light Condition Street Light Out  10 BOWERY BOWERY,POOR_LIGHTING
Street Light Condition Street Light Lamp Dim  268 BAY RIDGE AVENUE BAY RIDGE AVENUE,POOR_LIGHTING
Traffic Congestion/Gridlock Street/Sidewalk 69-65 YELLOWSTONE BOULEVARD YELLOWSTONE BOULEVARD,OTHER
Street Light Condition Street Light Out  WESTSIDE EXPY HWY WESTSIDE EXPY HWY,POOR_LIGHTING
Street Light Condition Street Light Out  BLAKE AVENUE BLAKE AVENUE,POOR_LIGHTING
Street Light Condition Street Light Out  120-10 135 AVENUE 135 AVENUE,POOR_LIGHTING
Illegal Parking Blocked Crosswalk Street/Sidewalk DORSEY STREET DORSEY STREET,UNSAFE_CROSSWALK
Illegal Parking Blocked Crosswalk Street/Sidewalk KINGS HIGHWAY KINGS HIGHWAY,UNSAFE_CROSSWALK
Illegal Parking Blocked Crosswalk Street/Sidewalk 73-02 69 AVENUE 69 AVENUE,UNSAFE_CROSSWALK
Illegal Parking Blocked Crosswalk Street/Sidewalk 70-08 252 STREET 252 STREET,UNSAFE_CROSSWALK
Illegal Parking Blocked Crosswalk Street/Sidewalk 1331 EAST 19 STREET EAST 19 STREET,UNSAFE_CROSSWALK
Street Sign - Dangling Stop Street 47 STREET 47 STREET,MISSING_SIGNAGE
Illegal Parking Blocked Crosswalk Street/Sidewalk 33-24 93 STREET 93 STREET,UNSAFE_CROSSWALK
Street Sign - Missing Other/Unknown Street 1770 DAVIDSON AVENUE DAVIDSON AVENUE,MISSING_SIGNAGE
Street Light Condition Street Light Out  60 REMSEN STREET REMSEN STREET,POOR_LIGHTING
Illegal Parking Blocked Crosswalk Street/Sidewalk 299 MT EDEN PARKWAY MT EDEN PARKWAY,UNSAFE_CROSSWALK
Street Light Condition Street Light Out  LENOX ROAD LENOX ROAD,POOR_LIGHTING
Illegal Parking Blocked Crosswalk Street/Sidewalk 899 IRVINE STREET IRVINE STREET,UNSAFE_CROSSWALK
Illegal Parking Blocked Crosswalk Street/Sidewalk 1900 PELHAM PARKWAY SOUTH PELHAM PARKWAY SOUTH,UNSAFE_CROSSWALK
Illegal Parking Blocked Crosswalk Street/Sidewalk 74-16 JAMAICA AVENUE JAMAICA AVENUE,UNSAFE_CROSSWALK
Illegal Parking Blocked Crosswalk Street/Sidewalk 61-52 MADISON STREET MADISON STREET,UNSAFE_CROSSWALK
Illegal Parking Blocked Crosswalk Street/Sidewalk 60-69 80 AVENUE 80 AVENUE,UNSAFE_CROSSWALK
Traffic Drag Racing Street/Sidewalk IRWIN STREET IRWIN STREET,SPEEDING
Street Light Condition Street Light Out  117 GIFFORDS LANE GIFFORDS LANE,POOR_LIGHTING
Street Light Condition Lamppost Wire Exposed  71 WEST  125 STREET WEST  125 STREET,POOR_LIGHTING
"Street Sign - Missing No Parking, Standing, Stopping Street UNION AVENUE UNION AVENUE",MISSING_SIGNAGE
Street Sign - Missing Stop Street 5-06 51 AVENUE 51 AVENUE,MISSING_SIGNAGE
Street Sign - Dangling Stop Street SEDGEWICK AVENUE SEDGEWICK AVENUE,MISSING_SIGNAGE
Illegal Parking Blocked Crosswalk Street/Sidewalk 1290 OCEAN AVENUE OCEAN AVENUE,UNSAFE_CROSSWALK
"Street Sign - Missing No Parking, Standing, Stopping Street 1828 HYLAN BOULEVARD HYLAN BOULEVARD",MISSING_SIGNAGE
Illegal Parking Blocked Crosswalk Street/Sidewalk 43-10 23 STREET 23 STREET,UNSAFE_CROSSWALK
Street Sign - Missing Stop Street 37 AVENUE 37 AVENUE,MISSING_SIGNAGE
"Street Sign - Missing No Parking, Standing, Stopping Street 37 VAN DYKE STREET VAN DYKE STREET",MISSING_SIGNAGE
Street Sign - Dangling Bus Stop Street 772 EAST TREMONT AVENUE EAST TREMONT AVENUE,MISSING_SIGNAGE
"Street Sign - Dangling No Parking, Standing, Stopping Street 1651 3 AVENUE 3 AVENUE",MISSING_SIGNAGE
Illegal Parking Blocked Crosswalk Street/Sidewalk 274 LEONARD STREET LEONARD STREET,UNSAFE_CROSSWALK
Street Light Condition Street Light Out  3434 DUNCOMB AVENUE DUNCOMB AVENUE,POOR_LIGHTING
Street Light Condition Lamppost Damaged  HUNT AVENUE HUNT AVENUE,POOR_LIGHTING
Street Light Condition Street Light Out  96 MANOR ROAD MANOR ROAD,POOR_LIGHTING
Illegal Parking Blocked Crosswalk Street/Sidewalk 1121 BEDFORD AVENUE BEDFORD AVENUE,UNSAFE_CROSSWALK
Street Sign - Missing Other/Unknown Street 129 11 STREET 11 STREET,MISSING_SIGNAGE
Street Light Condition Street Light Out  SILVER LAKE PARK SILVER LAKE PARK,POOR_LIGHTING
Illegal Parking Blocked Crosswalk Street/Sidewalk 4 WASHINGTON SQUARE VILLAGE WASHINGTON SQUARE VILLAGE,UNSAFE_CROSSWALK
Illegal Parking Blocked Crosswalk Street/Sidewalk 315 LEONARD STREET LEONARD STREET,UNSAFE_CROSSWALK
Street Light Condition Lamppost Base Door/Cover Open  WEST  176 STREET WEST  176 STREET,POOR_LIGHTING
Street Light Condition Lamppost Damaged  WEST  176 STREET WEST  176 STREET,POOR_LIGHTING
Street Light Condition Lamppost Damaged  7 AVENUE 7 AVENUE,POOR_LIGHTING
Traffic Congestion/Gridlock Street/Sidewalk ASHWORTH AVENUE ASHWORTH AVENUE,OTHER
Illegal Parking Blocked Crosswalk Street/Sidewalk 53 AVENUE 53 AVENUE,UNSAFE_CROSSWALK
Street Light Condition Lamppost Wire Exposed  BENSONHURST PARK BENSONHURST PARK,POOR_LIGHTING
Traffic Truck Route Violation Street/Sidewalk 478 3 AVENUE 3 AVENUE,OTHER
Illegal Parking Blocked Crosswalk Street/Sidewalk 74-20 COMMONWEALTH BOULEVARD COMMONWEALTH BOULEVARD,UNSAFE_CROSSWALK
Illegal Parking Blocked Crosswalk Street/Sidewalk 611 6 AVENUE 6 AVENUE,UNSAFE_CROSSWALK
Traffic Truck Route Violation Street/Sidewalk 225 3 AVENUE 3 AVENUE,OTHER
Street Light Condition Street Light Out  24 MEISNER AVENUE MEISNER AVENUE,POOR_LIGHTING
Street Sign - Dangling Other/Unknown Street 3609 BROADWAY BROADWAY,MISSING_SIGNAGE
Traffic Truck Route Violation Street/Sidewalk 327 6 AVENUE 6 AVENUE,OTHER
Traffic Truck Route Violation Street/Sidewalk 223 4 AVENUE 4 AVENUE,OTHER
Street Light Condition Street Light Out  WEST   89 STREET WEST   89 STREET,POOR_LIGHTING
Illegal Parking Blocked Crosswalk Street/Sidewalk DOVER STREET DOVER STREET,UNSAFE_CROSSWALK
Traffic Truck Route Violation Street/Sidewalk 64 12 STREET 12 STREET,OTHER
Illegal Parking Blocked Crosswalk Street/Sidewalk 353 OCEAN AVENUE OCEAN AVENUE,UNSAFE_CROSSWALK
Illegal Parking Blocked Crosswalk Street/Sidewalk 1752 EDENWALD AVENUE EDENWALD AVENUE,UNSAFE_CROSSWALK
Street Light Condition Street Light Out  106-26 96 STREET 96 STREET,POOR_LIGHTING
Traffic Truck Route Violation Street/Sidewalk 96 MONITOR STREET MONITOR STREET,OTHER
Street Light Condition Street Light Out  59 JEFFERSON AVENUE JEFFERSON AVENUE,POOR_LIGHTING
Illegal Parking Blocked Crosswalk Street/Sidewalk 92-11 GUY R BREWER BOULEVARD GUY R BREWER BOULEVARD,UNSAFE_CROSSWALK
Illegal Parking Blocked Crosswalk Street/Sidewalk 229 SEAMAN AVENUE SEAMAN AVENUE,UNSAFE_CROSSWALK
Street Sign - Damaged Other/Unknown Street 108-40 ROOSEVELT AVENUE ROOSEVELT AVENUE,MISSING_SIGNAGE
Illegal Parking Blocked Crosswalk Street/Sidewalk MONTGOMERY STREET MONTGOMERY STREET,UNSAFE_CROSSWALK
Street Light Condition Street Light Dayburning  EAST    7 STREET EAST    7 STREET,POOR_LIGHTING
Street Sign - Missing Other/Unknown Street 2-20 50 AVENUE 50 AVENUE,MISSING_SIGNAGE
Street Light Condition Street Light Out  258 WEST   98 STREET WEST   98 STREET,POOR_LIGHTING
Illegal Parking Blocked Crosswalk Street/Sidewalk 69 PLACE 69 PLACE,UNSAFE_CROSSWALK
Illegal Parking Blocked Crosswalk Street/Sidewalk PARK AVENUE PARK AVENUE,UNSAFE_CROSSWALK
Illegal Parking Blocked Crosswalk Street/Sidewalk 2008 HUGHES AVENUE HUGHES AVENUE,UNSAFE_CROSSWALK
Street Light Condition Street Light Out  1965 LAFAYETTE AVENUE LAFAYETTE AVENUE,POOR_LIGHTING
Street Light Condition Street Light Out  65-27 GRAND AVENUE GRAND AVENUE,POOR_LIGHTING
Street Light Condition Street Light Out  57-15 65 STREET 65 STREET,POOR_LIGHTING
Illegal Parking Blocked Crosswalk Street/Sidewalk 1 COURT SQUARE COURT SQUARE,UNSAFE_CROSSWALK
Street Light Condition Street Light Out  5002 4 AVENUE 4 AVENUE,POOR_LIGHTING
Illegal Parking Blocked Crosswalk Street/Sidewalk 80 IRVING PLACE IRVING PLACE,UNSAFE_CROSSWALK
Street Sign - Dangling Other/Unknown Street 96-17 44 AVENUE 44 AVENUE,MISSING_SIGNAGE
Traffic Chronic Speeding Street/Sidewalk 89 AVENUE 89 AVENUE,SPEEDING
Street Light Condition Street Light Out  133 AVENUE 133 AVENUE,POOR_LIGHTING
Street Light Condition Street Light Lamp Missing  5-24 50 AVENUE 50 AVENUE,POOR_LIGHTING
Illegal Parking Blocked Crosswalk Street/Sidewalk 745 FIFTH AVENUE FIFTH AVENUE,UNSAFE_CROSSWALK
Illegal Parking Blocked Crosswalk Street/Sidewalk WEST 12 STREET WEST 12 STREET,UNSAFE_CROSSWALK
Traffic Congestion/Gridlock Street/Sidewalk FLUSHING AVENUE FLUSHING AVENUE,OTHER
Street Light Condition Street Light Out  200 BRADHURST AVENUE BRADHURST AVENUE,POOR_LIGHTING
Illegal Parking Blocked Crosswalk Street/Sidewalk 46-13 SMART STREET SMART STREET,UNSAFE_CROSSWALK
Street Light Condition Street Light Out  290 SCHAEFER STREET SCHAEFER STREET,POOR_LIGHTING
"Street Sign - Missing No Parking, Standing, Stopping Street 551 EAST 169 STREET EAST 169 STREET",MISSING_SIGNAGE
Street Sign - Missing Street Cleaning - ASP Street 45-07 45 STREET 45 STREET,MISSING_SIGNAGE
Illegal Parking Blocked Crosswalk Street/Sidewalk 38-01 31 AVENUE 31 AVENUE,UNSAFE_CROSSWALK
Street Sign - Missing Other/Unknown Street 188-10 53 AVENUE 53 AVENUE,MISSING_SIGNAGE
Street Light Condition Street Light Out  2415 QUENTIN ROAD QUENTIN ROAD,POOR_LIGHTING
Street Light Condition Street Light Out  2023 AVENUE P AVENUE P,POOR_LIGHTING
Illegal Parking Blocked Crosswalk Street/Sidewalk EAST 60 STREET EAST 60 STREET,UNSAFE_CROSSWALK
Street Light Condition Street Light Out  196-40 POMPEII AVENUE POMPEII AVENUE,POOR_LIGHTING
Street Light Condition Street Light Out  970 EAST  104 STREET EAST  104 STREET,POOR_LIGHTING
Street Light Condition Lamppost Knocked Down  102-40 DITMARS BOULEVARD DITMARS BOULEVARD,POOR_LIGHTING
Street Light Condition Street Light Out  198-40 POMPEII AVENUE POMPEII AVENUE,POOR_LIGHTING
Illegal Parking Blocked Crosswalk Street/Sidewalk 36 BERGEN STREET BERGEN STREET,UNSAFE_CROSSWALK
Illegal Parking Blocked Crosswalk Street/Sidewalk 3221 WESTCHESTER AVENUE WESTCHESTER AVENUE,UNSAFE_CROSSWALK
Illegal Parking Blocked Crosswalk Street/Sidewalk 33-01 190 STREET 190 STREET,UNSAFE_CROSSWALK
Street Sign - Dangling Other/Unknown Street 296 UTICA AVENUE UTICA AVENUE,MISSING_SIGNAGE
Street Light Condition Street Light Out  1069 ASTOR AVENUE ASTOR AVENUE,POOR_LIGHTING
Illegal Parking Blocked Crosswalk Street/Sidewalk 125 WEST 166 STREET WEST 166 STREET,UNSAFE_CROSSWALK
Illegal Parking Blocked Crosswalk Street/Sidewalk 3025 GRAND CONCOURSE GRAND CONCOURSE,UNSAFE_CROSSWALK
Illegal Parking Blocked Crosswalk Street/Sidewalk 118 PROSPECT PARK SOUTHWEST PROSPECT PARK SOUTHWEST,UNSAFE_CROSSWALK
Street Light Condition Street Light Out  765 8 AVENUE 8 AVENUE,POOR_LIGHTING
Street Sign - Dangling St Name - Attached to Pole Street 89-12 ROOSEVELT AVENUE ROOSEVELT AVENUE,MISSING_SIGNAGE
Illegal Parking Blocked Crosswalk Street/Sidewalk 1050 OCEAN AVENUE OCEAN AVENUE,UNSAFE_CROSSWALK
Street Sign - Damaged St Name - Attached to Pole Street 89-03 ROOSEVELT AVENUE ROOSEVELT AVENUE,MISSING_SIGNAGE
Illegal Parking Blocked Crosswalk Street/Sidewalk 183 GATES AVENUE GATES AVENUE,UNSAFE_CROSSWALK
Street Light Condition New Con Ed Service Request  DONGAN HILLS AVENUE DONGAN HILLS AVENUE,POOR_LIGHTING
Street Light Condition Street Light Out  52 STREET 52 STREET,POOR_LIGHTING
Traffic Congestion/Gridlock Street/Sidewalk 987 WILLOUGHBY AVENUE WILLOUGHBY AVENUE,OTHER
Street Light Condition Street Light Out  MANHATTAN AVENUE MANHATTAN AVENUE,POOR_LIGHTING
Street Sign - Dangling Stop Street STADIUM AVENUE STADIUM AVENUE,MISSING_SIGNAGE
Traffic Chronic Speeding Street/Sidewalk 41-42 24 STREET 24 STREET,SPEEDING
Illegal Parking Blocked Crosswalk Street/Sidewalk 35 STREET 35 STREET,UNSAFE_CROSSWALK
Illegal Parking Blocked Crosswalk Street/Sidewalk 44 DRIVE 44 DRIVE,UNSAFE_CROSSWALK
Illegal Parking Blocked Crosswalk Street/Sidewalk 139 WYCKOFF STREET WYCKOFF STREET,UNSAFE_CROSSWALK
Illegal Parking Blocked Crosswalk Street/Sidewalk 222 ALEXANDER AVENUE ALEXANDER AVENUE,UNSAFE_CROSSWALK
"Street Sign - Dangling No Parking, Standing, Stopping Street 55 BROAD STREET BROAD STREET",MISSING_SIGNAGE
Street Light Condition Street Light Out  3802 NEPTUNE AVENUE NEPTUNE AVENUE,POOR_LIGHTING
Traffic Congestion/Gridlock Street/Sidewalk 170 STREET 170 STREET,OTHER
Illegal Parking Blocked Crosswalk Street/Sidewalk 362 2 AVENUE 2 AVENUE,UNSAFE_CROSSWALK
Street Sign - Damaged Stop Street 220-02 133 AVENUE 133 AVENUE,MISSING_SIGNAGE
Street Sign - Damaged Other/Unknown Street 1130 ST NICHOLAS AVENUE ST NICHOLAS AVENUE,MISSING_SIGNAGE
Illegal Parking Blocked Crosswalk Street/Sidewalk 415 CARLTON AVENUE CARLTON AVENUE,UNSAFE_CROSSWALK
Street Sign - Damaged Stop Street 218-24 134 ROAD 134 ROAD,MISSING_SIGNAGE
Illegal Parking Blocked Crosswalk Street/Sidewalk CONCORD STREET CONCORD STREET,UNSAFE_CROSSWALK
Illegal Parking Blocked Crosswalk Street/Sidewalk COYLE STREET COYLE STREET,UNSAFE_CROSSWALK
Traffic Congestion/Gridlock Street/Sidewalk 89 AVENUE 89 AVENUE,OTHER
Illegal Parking Blocked Crosswalk Street/Sidewalk 146-55 REEVES AVENUE REEVES AVENUE,UNSAFE_CROSSWALK
Street Sign - Missing Other/Unknown Street EAST 21 STREET EAST 21 STREET,MISSING_SIGNAGE
Street Light Condition New Con Ed Service Request  PETER AVENUE PETER AVENUE,POOR_LIGHTING
"Street Sign - Missing No Parking, Standing, Stopping Street 15-03 COLLEGE POINT BOULEVARD COLLEGE POINT BOULEVARD",MISSING_SIGNAGE
Traffic Signal Condition Controller  BAY PLAZA BAY PLAZA,MISSING_SIGNAGE
Street Light Condition Street Light Out  FLUSHING MEADOWS PARK FLUSHING MEADOWS PARK,POOR_LIGHTING
Illegal Parking Blocked Crosswalk Street/Sidewalk 223-17 59 AVENUE 59 AVENUE,UNSAFE_CROSSWALK
Traffic Congestion/Gridlock Street/Sidewalk ARCHER AVENUE ARCHER AVENUE,OTHER
Illegal Parking Blocked Crosswalk Street/Sidewalk 129 STREET 129 STREET,UNSAFE_CROSSWALK
Street Sign - Damaged Other/Unknown Street 362 WEST 116 STREET WEST 116 STREET,MISSING_SIGNAGE
Street Sign - Damaged Do Not Enter Street 1000 CLOVE ROAD CLOVE ROAD,MISSING_SIGNAGE
Traffic Congestion/Gridlock Street/Sidewalk EAST KINGSBRIDGE ROAD EAST KINGSBRIDGE ROAD,OTHER
"Street Sign - Damaged No Parking, Standing, Stopping Street 51-24 BEACH CHANNEL DRIVE BEACH CHANNEL DRIVE",MISSING_SIGNAGE
Illegal Parking Blocked Crosswalk Street/Sidewalk 12 STREET 12 STREET,UNSAFE_CROSSWALK
Street Sign - Damaged St Name - Attached to Pole Street MADISON STREET MADISON STREET,MISSING_SIGNAGE
Illegal Parking Blocked Crosswalk Street/Sidewalk 821 7 AVENUE 7 AVENUE,UNSAFE_CROSSWALK
Street Light Condition Street Light Out  416 CATON AVENUE CATON AVENUE,POOR_LIGHTING
Street Light Condition Street Light Out  HUDSON RIVER GREENWAY HUDSON RIVER GREENWAY,POOR_LIGHTING
Street Light Condition Street Light Out  10 OCEAN PARKWAY OCEAN PARKWAY,POOR_LIGHTING
Traffic Congestion/Gridlock Street/Sidewalk 168 STREET 168 STREET,OTHER
Illegal Parking Blocked Crosswalk Street/Sidewalk 39-01 56 STREET 56 STREET,UNSAFE_CROSSWALK
Illegal Parking Blocked Crosswalk Street/Sidewalk 59 PLACE 59 PLACE,UNSAFE_CROSSWALK
Street Light Condition Street Light Out  1588 EAST   58 STREET EAST   58 STREET,POOR_LIGHTING
"Street Sign - Damaged No Parking, Standing, Stopping Street 1654 73 STREET 73 STREET",MISSING_SIGNAGE
Street Light Condition Street Light Out  430 RIDGEWOOD AVENUE RIDGEWOOD AVENUE,POOR_LIGHTING
Illegal Parking Blocked Crosswalk Street/Sidewalk 100 DEKALB AVENUE DEKALB AVENUE,UNSAFE_CROSSWALK
Street Sign - Damaged Other/Unknown Street 243-62 145 AVENUE 145 AVENUE,MISSING_SIGNAGE
Illegal Parking Blocked Crosswalk Street/Sidewalk 4002 NEW UTRECHT AVENUE NEW UTRECHT AVENUE,UNSAFE_CROSSWALK
Street Sign - Damaged One Way Street 35-57 33 STREET 33 STREET,MISSING_SIGNAGE
"Street Sign - Damaged No Parking, Standing, Stopping Street 38-11 33 STREET 33 STREET",MISSING_SIGNAGE
Illegal Parking Blocked Crosswalk Street/Sidewalk 18-19 154 STREET 154 STREET,UNSAFE_CROSSWALK
Illegal Parking Blocked Crosswalk Street/Sidewalk 197 WYCKOFF STREET WYCKOFF STREET,UNSAFE_CROSSWALK
Illegal Parking Blocked Crosswalk Street/Sidewalk 2519 VOORHIES AVENUE VOORHIES AVENUE,UNSAFE_CROSSWALK
Illegal Parking Blocked Crosswalk Street/Sidewalk 2802 VOORHIES AVENUE VOORHIES AVENUE,UNSAFE_CROSSWALK
Illegal Parking Blocked Crosswalk Street/Sidewalk 68-11 GARFIELD AVENUE GARFIELD AVENUE,UNSAFE_CROSSWALK
Illegal Parking Blocked Crosswalk Street/Sidewalk 1481 67 STREET 67 STREET,UNSAFE_CROSSWALK
Illegal Parking Blocked Crosswalk Street/Sidewalk 72-50 COOPER AVENUE COOPER AVENUE,UNSAFE_CROSSWALK
Street Light Condition Street Light Out  25 4 AVENUE 4 AVENUE,POOR_LIGHTING
Street Light Condition Street Light Out  121 FORT GREENE PLACE FORT GREENE PLACE,POOR_LIGHTING
Illegal Parking Blocked Crosswalk Street/Sidewalk 226 STREET 226 STREET,UNSAFE_CROSSWALK
Street Light Condition Street Light Out  712 OAKLAND PLACE OAKLAND PLACE,POOR_LIGHTING
Illegal Parking Blocked Crosswalk Street/Sidewalk 102-01 ALSTYNE AVENUE ALSTYNE AVENUE,UNSAFE_CROSSWALK
Illegal Parking Blocked Crosswalk Street/Sidewalk 1100 TAYLOR AVENUE TAYLOR AVENUE,UNSAFE_CROSSWALK
Illegal Parking Blocked Crosswalk Street/Sidewalk CENTRE STREET CENTRE STREET,UNSAFE_CROSSWALK
Illegal Parking Blocked Crosswalk Street/Sidewalk 105-26 OTIS AVENUE OTIS AVENUE,UNSAFE_CROSSWALK
Illegal Parking Blocked Crosswalk Street/Sidewalk EAST 85 STREET EAST 85 STREET,UNSAFE_CROSSWALK
Street Light Condition Street Light Out  193 ST 193 ST,POOR_LIGHTING
Street Light Condition Street Light Out  QUEENS BOULEVARD QUEENS BOULEVARD,POOR_LIGHTING
Illegal Parking Blocked Crosswalk Street/Sidewalk 2040 HOBART AVENUE HOBART AVENUE,UNSAFE_CROSSWALK
Illegal Parking Blocked Crosswalk Street/Sidewalk 1195 EAST 214 STREET EAST 214 STREET,UNSAFE_CROSSWALK
Street Light Condition Street Light Out  PS  165 PS  165,POOR_LIGHTING
Street Light Condition Street Light Out  PS201 PLGD PS201 PLGD,POOR_LIGHTING
Street Light Condition Street Light Out  1195 UNION STREET UNION STREET,POOR_LIGHTING
Street Light Condition Street Light Out  CUNNINGHAM PARK CUNNINGHAM PARK,POOR_LIGHTING
Illegal Parking Blocked Crosswalk Street/Sidewalk 2 ANGELA DRIVE ANGELA DRIVE,UNSAFE_CROSSWALK
Illegal Parking Blocked Crosswalk Street/Sidewalk 219-75 74 AVENUE 74 AVENUE,UNSAFE_CROSSWALK
Illegal Parking Blocked Crosswalk Street/Sidewalk 7224 AVENUE T AVENUE T,UNSAFE_CROSSWALK
Street Light Condition Street Light Out  24 ROCKVILLE AVENUE ROCKVILLE AVENUE,POOR_LIGHTING
Illegal Parking Blocked Crosswalk Street/Sidewalk 21-43 SHORE BOULEVARD SHORE BOULEVARD,UNSAFE_CROSSWALK
Street Sign - Damaged Bus Stop Street 206 WEST 231 STREET WEST 231 STREET,MISSING_SIGNAGE
Traffic Chronic Stoplight Violation Street/Sidewalk 645 EAST 188 STREET EAST 188 STREET,MISSING_SIGNAGE
Illegal Parking Blocked Crosswalk Street/Sidewalk 90 STREET 90 STREET,UNSAFE_CROSSWALK
Illegal Parking Blocked Crosswalk Street/Sidewalk WEST 166 STREET WEST 166 STREET,UNSAFE_CROSSWALK
Illegal Parking Blocked Crosswalk Street/Sidewalk 109 STREET 109 STREET,UNSAFE_CROSSWALK
Illegal Parking Blocked Crosswalk Street/Sidewalk 6701 11 AVENUE 11 AVENUE,UNSAFE_CROSSWALK
Street Light Condition Street Light Out  100-13 88 AVENUE 88 AVENUE,POOR_LIGHTING
Illegal Parking Blocked Crosswalk Street/Sidewalk 43-02 162 STREET 162 STREET,UNSAFE_CROSSWALK
Street Light Condition Street Light Lamp Missing  BRUNSWICK AVENUE BRUNSWICK AVENUE,POOR_LIGHTING
Street Light Condition Street Light Lamp Dim  505 NEWPORT STREET NEWPORT STREET,POOR_LIGHTING
Street Light Condition Street Light Out  383 EAST   14 STREET EAST   14 STREET,POOR_LIGHTING
Illegal Parking Blocked Crosswalk Street/Sidewalk 2206 HOLLAND AVENUE HOLLAND AVENUE,UNSAFE_CROSSWALK
Street Light Condition Street Light Out  292 WILLOW POND ROAD WILLOW POND ROAD,POOR_LIGHTING
Illegal Parking Blocked Crosswalk Street/Sidewalk 41-02 161 STREET 161 STREET,UNSAFE_CROSSWALK
Street Light Condition Street Light Out  25-36 154 STREET 154 STREET,POOR_LIGHTING
Illegal Parking Blocked Crosswalk Street/Sidewalk 1149 MORRIS AVENUE MORRIS AVENUE,UNSAFE_CROSSWALK
Traffic Drag Racing Street/Sidewalk 243 BEDELL AVENUE BEDELL AVENUE,SPEEDING
Illegal Parking Blocked Crosswalk Street/Sidewalk 295 PROSPECT AVENUE PROSPECT AVENUE,UNSAFE_CROSSWALK
Illegal Parking Blocked Crosswalk Street/Sidewalk 92-02 91 AVENUE 91 AVENUE,UNSAFE_CROSSWALK
Illegal Parking Blocked Crosswalk Street/Sidewalk 454 BEDFORD AVENUE BEDFORD AVENUE,UNSAFE_CROSSWALK
Street Light Condition Street Light Out  29 GLENWOOD AVENUE GLENWOOD AVENUE,POOR_LIGHTING
Illegal Parking Blocked Crosswalk Street/Sidewalk 149-19 CENTREVILLE STREET CENTREVILLE STREET,UNSAFE_CROSSWALK
Traffic Drag Racing Street/Sidewalk 227 STREET 227 STREET,SPEEDING
Illegal Parking Blocked Crosswalk Street/Sidewalk RICHMOND AVENUE RICHMOND AVENUE,UNSAFE_CROSSWALK
Illegal Parking Blocked Crosswalk Street/Sidewalk 111 AVENUE 111 AVENUE,UNSAFE_CROSSWALK
Street Light Condition Street Light Out  718 BECK STREET BECK STREET,POOR_LIGHTING
Street Light Condition Street Light Out  147-30 224 STREET 224 STREET,POOR_LIGHTING
Traffic Drag Racing Street/Sidewalk JAMAICA AVENUE JAMAICA AVENUE,SPEEDING
Illegal Parking Blocked Crosswalk Street/Sidewalk 1363 EAST SECOND STREET EAST SECOND STREET,UNSAFE_CROSSWALK
Street Light Condition Street Light Out  20-12 47 STREET 47 STREET,POOR_LIGHTING
Street Light Condition Street Light Out  80-35 88 AVENUE 88 AVENUE,POOR_LIGHTING
Illegal Parking Blocked Crosswalk Street/Sidewalk 37-18 BROADWAY BROADWAY,UNSAFE_CROSSWALK
Street Light Condition Lamppost Wire Exposed  48 ST 48 ST,POOR_LIGHTING
Street Sign - Dangling School Crossing Street 511 BRUCKNER BOULEVARD BRUCKNER BOULEVARD,MISSING_SIGNAGE
Street Light Condition Lamppost Leaning  2702 STILLWELL AVENUE STILLWELL AVENUE,POOR_LIGHTING
Street Sign - Dangling Street Cleaning - ASP Street 72-58 MAIN STREET MAIN STREET,MISSING_SIGNAGE
Illegal Parking Blocked Crosswalk Street/Sidewalk 77 CHEROKEE PLACE CHEROKEE PLACE,UNSAFE_CROSSWALK
Street Light Condition Street Light Out  205 MIDWOOD STREET MIDWOOD STREET,POOR_LIGHTING
Illegal Parking Blocked Crosswalk Street/Sidewalk 1440 YORK AVENUE YORK AVENUE,UNSAFE_CROSSWALK
"Street Sign - Damaged No Parking, Standing, Stopping Street 535 92 STREET 92 STREET",MISSING_SIGNAGE
Illegal Parking Blocked Crosswalk Street/Sidewalk 538 WEST 217 STREET WEST 217 STREET,UNSAFE_CROSSWALK
Illegal Parking Blocked Crosswalk Street/Sidewalk 101-03 78 STREET 78 STREET,UNSAFE_CROSSWALK
Traffic Chronic Speeding Street/Sidewalk 195 LAMPORT BOULEVARD LAMPORT BOULEVARD,SPEEDING
Illegal Parking Blocked Crosswalk Street/Sidewalk 69-40 YELLOWSTONE BOULEVARD YELLOWSTONE BOULEVARD,UNSAFE_CROSSWALK
Illegal Parking Blocked Crosswalk Street/Sidewalk 107 EAST 14 STREET EAST 14 STREET,UNSAFE_CROSSWALK
Illegal Parking Blocked Crosswalk Street/Sidewalk 30-64 83 STREET 83 STREET,UNSAFE_CROSSWALK
Illegal Parking Blocked Crosswalk Street/Sidewalk 3478 EAST TREMONT AVENUE EAST TREMONT AVENUE,UNSAFE_CROSSWALK
"Street Sign - Missing No Parking, Standing, Stopping Street 1214 OCEAN PARKWAY OCEAN PARKWAY",MISSING_SIGNAGE
Illegal Parking Blocked Crosswalk Street/Sidewalk 267 7 AVENUE 7 AVENUE,UNSAFE_CROSSWALK
Illegal Parking Blocked Crosswalk Street/Sidewalk 2825 WEBB AVENUE WEBB AVENUE,UNSAFE_CROSSWALK
Illegal Parking Blocked Crosswalk Street/Sidewalk 332 EAST 188 STREET EAST 188 STREET,UNSAFE_CROSSWALK
Illegal Parking Blocked Crosswalk Street/Sidewalk 547 EAST 184 STREET EAST 184 STREET,UNSAFE_CROSSWALK
Street Light Condition New Con Ed Service Request  NORDEN STREET NORDEN STREET,POOR_LIGHTING
Street Light Condition Street Light Out  2907 GRACE AVENUE GRACE AVENUE,POOR_LIGHTING
Illegal Parking Blocked Crosswalk Street/Sidewalk 82-68 164 STREET 164 STREET,UNSAFE_CROSSWALK
Street Light Condition Street Light Out  531 SHEFFIELD AVENUE SHEFFIELD AVENUE,POOR_LIGHTING
Street Light Condition New Con Ed Service Request  RICHMOND ROAD RICHMOND ROAD,POOR_LIGHTING
Street Sign - Missing Other/Unknown Street 2-24 50 AVENUE 50 AVENUE,MISSING_SIGNAGE
Street Light Condition Street Light Out  321 EAST  178 STREET EAST  178 STREET,POOR_LIGHTING
Street Light Condition Multiple Street Lights Out  2 HYLAN BOULEVARD HYLAN BOULEVARD,POOR_LIGHTING
Street Light Condition Street Light Out  165 BENNETT AVENUE BENNETT AVENUE,POOR_LIGHTING
Street Light Condition Multiple Street Lights Out  KATAN AVENUE KATAN AVENUE,POOR_LIGHTING
Street Light Condition Street Light Out  807 5 AVENUE 5 AVENUE,POOR_LIGHTING
Street Light Condition Street Light Out  106-02 UNION HALL STREET UNION HALL STREET,POOR_LIGHTING
Street Sign - Missing Stop Street 115-01 126 STREET 126 STREET,MISSING_SIGNAGE
Traffic Signal Condition Conduit   ,MISSING_SIGNAGE
Street Light Condition Street Light Out  321 12 STREET 12 STREET,POOR_LIGHTING
Street Light Condition Foreign Attachment On Lamppost   ,POOR_LIGHTING
Street Sign - Damaged Construction Street 168 PLACE 168 PLACE,MISSING_SIGNAGE
Street Sign - Dangling Other/Unknown Street DITMAS AVENUE DITMAS AVENUE,MISSING_SIGNAGE
Illegal Parking Blocked Crosswalk Street/Sidewalk 21-44 44 ROAD 44 ROAD,UNSAFE_CROSSWALK
Street Light Condition Street Light Out  261 WEST  138 STREET WEST  138 STREET,POOR_LIGHTING
"Street Sign - Damaged No Parking, Standing, Stopping Street 158 PROSPECT PARK SOUTHWEST PROSPECT PARK SOUTHWEST",MISSING_SIGNAGE
Street Light Condition Street Light Out  1546 CANARSIE ROAD CANARSIE ROAD,POOR_LIGHTING
Street Light Condition Street Light Out  BKLYN QUEENS EXPY BKLYN QUEENS EXPY,POOR_LIGHTING
Street Light Condition Street Light Out  48-29 203 STREET 203 STREET,POOR_LIGHTING
Traffic Drag Racing Street/Sidewalk 49-12 20 AVENUE 20 AVENUE,SPEEDING
Illegal Parking Blocked Crosswalk Street/Sidewalk 199 TEN EYCK WALK TEN EYCK WALK,UNSAFE_CROSSWALK
Illegal Parking Blocked Crosswalk Street/Sidewalk 7805 RIDGE BOULEVARD RIDGE BOULEVARD,UNSAFE_CROSSWALK
Illegal Parking Blocked Crosswalk Street/Sidewalk 178 76 STREET 76 STREET,UNSAFE_CROSSWALK
Street Light Condition Street Light Out  29-56 BAYSWATER AVENUE BAYSWATER AVENUE,POOR_LIGHTING
Illegal Parking Blocked Crosswalk Street/Sidewalk 30-02 42 STREET 42 STREET,UNSAFE_CROSSWALK
Street Sign - Damaged Other/Unknown Street 58-15 58 PLACE 58 PLACE,MISSING_SIGNAGE
Street Light Condition Street Light Out  690 LEFFERTS AVENUE LEFFERTS AVENUE,POOR_LIGHTING
Illegal Parking Blocked Crosswalk Street/Sidewalk 310 EAST HOUSTON STREET EAST HOUSTON STREET,UNSAFE_CROSSWALK
Street Light Condition Street Light Lamp Dim  12-10 BELL BOULEVARD BELL BOULEVARD,POOR_LIGHTING
Street Sign - Damaged Detour Street RIVERSIDE DRIVE RIVERSIDE DRIVE,MISSING_SIGNAGE
Illegal Parking Blocked Crosswalk Street/Sidewalk GOBLE PLACE GOBLE PLACE,UNSAFE_CROSSWALK
Street Sign - Damaged St Name - Attached to Pole Street FULTON STREET FULTON STREET,MISSING_SIGNAGE
Illegal Parking Blocked Crosswalk Street/Sidewalk 429 WYTHE AVENUE WYTHE AVENUE,UNSAFE_CROSSWALK
Street Sign - Missing Other/Unknown Street 3875 WALDO AVENUE WALDO AVENUE,MISSING_SIGNAGE
Street Sign - Missing Other/Unknown Street 247-16 86 AVENUE 86 AVENUE,MISSING_SIGNAGE
Street Light Condition Street Light Out  CATON AVENUE CATON AVENUE,POOR_LIGHTING
Street Sign - Damaged Other/Unknown Street 32-02 QUEENS BOULEVARD QUEENS BOULEVARD,MISSING_SIGNAGE
Illegal Parking Blocked Crosswalk Street/Sidewalk 77 4 AVENUE 4 AVENUE,UNSAFE_CROSSWALK
Illegal Parking Blocked Crosswalk Street/Sidewalk 2 STREET 2 STREET,UNSAFE_CROSSWALK
Traffic Congestion/Gridlock Street/Sidewalk AUDUBON AVENUE AUDUBON AVENUE,OTHER
Traffic Chronic Stoplight Violation Street/Sidewalk 158 SACKETT STREET SACKETT STREET,MISSING_SIGNAGE
Illegal Parking Blocked Crosswalk Street/Sidewalk 16 PUTNAM AVENUE PUTNAM AVENUE,UNSAFE_CROSSWALK
Street Sign - Damaged One Way Street 501 HUNTS POINT AVENUE HUNTS POINT AVENUE,MISSING_SIGNAGE
Street Sign - Damaged Stop Street ASTOR AVENUE ASTOR AVENUE,MISSING_SIGNAGE
Street Light Condition Street Light Out  375 JEFFERSON AVENUE JEFFERSON AVENUE,POOR_LIGHTING
Street Sign - Damaged St Name - Attached to Pole Street 11-17 166 STREET 166 STREET,MISSING_SIGNAGE
Illegal Parking Blocked Crosswalk Street/Sidewalk 2551 WEST 16 STREET WEST 16 STREET,UNSAFE_CROSSWALK
Illegal Parking Blocked Crosswalk Street/Sidewalk 2147 BATH AVENUE BATH AVENUE,UNSAFE_CROSSWALK
Street Sign - Damaged School Crossing Street 245 BEACH 79 STREET BEACH 79 STREET,MISSING_SIGNAGE
Street Light Condition Street Light Out  1033 67 STREET 67 STREET,POOR_LIGHTING
Street Sign - Dangling Street Cleaning - ASP Street 1 EAST 75 STREET EAST 75 STREET,MISSING_SIGNAGE
Street Light Condition Street Light Out  69-30 AUSTIN STREET AUSTIN STREET,POOR_LIGHTING
Illegal Parking Blocked Crosswalk Street/Sidewalk MINNA STREET MINNA STREET,UNSAFE_CROSSWALK
Street Sign - Damaged Stop Street 109-15 98 STREET 98 STREET,MISSING_SIGNAGE
Street Sign - Missing Other/Unknown Street 150 6 AVENUE 6 AVENUE,MISSING_SIGNAGE
"Street Sign - Missing No Parking, Standing, Stopping Street 700 KENT AVENUE KENT AVENUE",MISSING_SIGNAGE
Street Light Condition Street Light Out  14 TYLER AVENUE TYLER AVENUE,POOR_LIGHTING
Illegal Parking Blocked Crosswalk Street/Sidewalk 24 STREET 24 STREET,UNSAFE_CROSSWALK
"Street Sign - Damaged No Parking, Standing, Stopping Street 20 LAUREL HILL TERRACE LAUREL HILL TERRACE",MISSING_SIGNAGE
Illegal Parking Blocked Crosswalk Street/Sidewalk 368 VAN BRUNT STREET VAN BRUNT STREET,UNSAFE_CROSSWALK
Street Light Condition Street Light Out  1856 51 STREET 51 STREET,POOR_LIGHTING
Illegal Parking Blocked Crosswalk Street/Sidewalk CROMWELL AVENUE CROMWELL AVENUE,UNSAFE_CROSSWALK
Street Sign - Missing St Name - Attached to Pole Street HENDRIX STREET HENDRIX STREET,MISSING_SIGNAGE
Illegal Parking Blocked Crosswalk Street/Sidewalk 95-40 CULLODEN PLACE CULLODEN PLACE,UNSAFE_CROSSWALK
Street Light Condition Street Light Out  83-55 LEFFERTS BOULEVARD LEFFERTS BOULEVARD,POOR_LIGHTING
Illegal Parking Blocked Crosswalk Street/Sidewalk 805 ATLANTIC AVENUE ATLANTIC AVENUE,UNSAFE_CROSSWALK
Illegal Parking Blocked Crosswalk Street/Sidewalk 1687 RALPH AVENUE RALPH AVENUE,UNSAFE_CROSSWALK
Illegal Parking Blocked Crosswalk Street/Sidewalk 121 HART STREET HART STREET,UNSAFE_CROSSWALK
Illegal Parking Blocked Crosswalk Street/Sidewalk 54-25 SKILLMAN AVENUE SKILLMAN AVENUE,UNSAFE_CROSSWALK
Illegal Parking Blocked Crosswalk Street/Sidewalk 42-22 NATIONAL STREET NATIONAL STREET,UNSAFE_CROSSWALK
Street Light Condition Street Light Out  109-02 UNION HALL STREET UNION HALL STREET,POOR_LIGHTING
Street Light Condition Street Light Out  471 78 STREET 78 STREET,POOR_LIGHTING
Illegal Parking Blocked Crosswalk Street/Sidewalk 758 FULTON STREET FULTON STREET,UNSAFE_CROSSWALK
Illegal Parking Blocked Crosswalk Street/Sidewalk 72-01 160 STREET 160 STREET,UNSAFE_CROSSWALK
Traffic Signal Condition Detector Sensor  LATOURETTE GOLF COURSE LATOURETTE GOLF COURSE,MISSING_SIGNAGE
Street Sign - Damaged One Way Street 91 STREET 91 STREET,MISSING_SIGNAGE
Street Sign - Missing Stop Street 83 AVENUE D AVENUE D,MISSING_SIGNAGE
Street Sign - Damaged Stop Street 3020 SEAGIRT AVENUE SEAGIRT AVENUE,MISSING_SIGNAGE
Illegal Parking Blocked Crosswalk Street/Sidewalk 707 BEACH NINTH STREET BEACH NINTH STREET,UNSAFE_CROSSWALK
Street Sign - Dangling Other/Unknown Street 112 BEACH 29 STREET BEACH 29 STREET,MISSING_SIGNAGE
Street Sign - Dangling One Way Street 112 BEACH 29 STREET BEACH 29 STREET,MISSING_SIGNAGE
Illegal Parking Blocked Crosswalk Street/Sidewalk 2400 RICHMOND ROAD RICHMOND ROAD,UNSAFE_CROSSWALK
"Street Sign - Damaged No Parking, Standing, Stopping Street 58-15 58 PLACE 58 PLACE",MISSING_SIGNAGE
Illegal Parking Blocked Crosswalk Street/Sidewalk 141-01 116 AVENUE 116 AVENUE,UNSAFE_CROSSWALK
Street Sign - Dangling Other/Unknown Street 598 EAST GUNHILL ROAD EAST GUNHILL ROAD,MISSING_SIGNAGE
"Street Sign - Dangling No Parking, Standing, Stopping Street 314 PACIFIC STREET PACIFIC STREET",MISSING_SIGNAGE
Street Light Condition Street Light Out  73-35 LITTLE NECK PARKWAY LITTLE NECK PARKWAY,POOR_LIGHTING
Street Sign - Missing Street Cleaning - ASP Street 93-01 ROOSEVELT AVENUE ROOSEVELT AVENUE,MISSING_SIGNAGE
Illegal Parking Blocked Crosswalk Street/Sidewalk 160 RIVERSIDE DRIVE RIVERSIDE DRIVE,UNSAFE_CROSSWALK
Illegal Parking Blocked Crosswalk Street/Sidewalk 45 STREET 45 STREET,UNSAFE_CROSSWALK
Illegal Parking Blocked Crosswalk Street/Sidewalk 158 ROEBLING STREET ROEBLING STREET,UNSAFE_CROSSWALK
Illegal Parking Blocked Crosswalk Street/Sidewalk 50-27 CELTIC AVENUE CELTIC AVENUE,UNSAFE_CROSSWALK
Street Light Condition Street Light Out  544 BEACH  125 STREET BEACH  125 STREET,POOR_LIGHTING
Illegal Parking Blocked Crosswalk Street/Sidewalk 42-01 31 AVENUE 31 AVENUE,UNSAFE_CROSSWALK
Illegal Parking Blocked Crosswalk Street/Sidewalk 158-02 72 AVENUE 72 AVENUE,UNSAFE_CROSSWALK
Illegal Parking Blocked Crosswalk Street/Sidewalk 21 AVENUE 21 AVENUE,UNSAFE_CROSSWALK
Illegal Parking Blocked Crosswalk Street/Sidewalk FRISBY AVENUE FRISBY AVENUE,UNSAFE_CROSSWALK
Street Sign - Damaged Stop Street 56-52 64 STREET 64 STREET,MISSING_SIGNAGE
Illegal Parking Blocked Crosswalk Street/Sidewalk VAN NEST AVENUE VAN NEST AVENUE,UNSAFE_CROSSWALK
Illegal Parking Blocked Crosswalk Street/Sidewalk 97-17 99 AVENUE 99 AVENUE,UNSAFE_CROSSWALK
Illegal Parking Blocked Crosswalk Street/Sidewalk 72-02 160 STREET 160 STREET,UNSAFE_CROSSWALK
Illegal Parking Blocked Crosswalk Street/Sidewalk 258 THIRD AVENUE THIRD AVENUE,UNSAFE_CROSSWALK
Illegal Parking Blocked Crosswalk Street/Sidewalk AVENUE V AVENUE V,UNSAFE_CROSSWALK
Illegal Parking Blocked Crosswalk Street/Sidewalk 1685 NELSON AVENUE NELSON AVENUE,UNSAFE_CROSSWALK
Illegal Parking Blocked Crosswalk Street/Sidewalk 225 EAST 149 STREET EAST 149 STREET,UNSAFE_CROSSWALK
Illegal Parking Blocked Crosswalk Street/Sidewalk 21-62 80 STREET 80 STREET,UNSAFE_CROSSWALK
Illegal Parking Blocked Crosswalk Street/Sidewalk ELIOT AVENUE ELIOT AVENUE,UNSAFE_CROSSWALK
Illegal Parking Blocked Crosswalk Street/Sidewalk 95-03 103 STREET 103 STREET,UNSAFE_CROSSWALK
Street Sign - Dangling Bus Stop Street EAST TREMONT AVENUE EAST TREMONT AVENUE,MISSING_SIGNAGE
Street Sign - Dangling St Name - Attached to Pole Street REVILLE STREET REVILLE STREET,MISSING_SIGNAGE
Street Sign - Dangling St Name - Attached to Pole Street GIFFORD AVENUE GIFFORD AVENUE,MISSING_SIGNAGE
Illegal Parking Blocked Crosswalk Street/Sidewalk 413 ETNA STREET ETNA STREET,UNSAFE_CROSSWALK
Street Light Condition Street Light Out  SEDGWICK AVENUE SEDGWICK AVENUE,POOR_LIGHTING
Illegal Parking Blocked Crosswalk Street/Sidewalk 95 AVENUE 95 AVENUE,UNSAFE_CROSSWALK
Illegal Parking Blocked Crosswalk Street/Sidewalk 60-40 60 DRIVE 60 DRIVE,UNSAFE_CROSSWALK
Illegal Parking Blocked Crosswalk Street/Sidewalk OCEAN PARKWAY OCEAN PARKWAY,UNSAFE_CROSSWALK
Illegal Parking Blocked Crosswalk Street/Sidewalk 47-40 59 PLACE 59 PLACE,UNSAFE_CROSSWALK
Street Light Condition Street Light Out  1123 37 STREET 37 STREET,POOR_LIGHTING
Street Sign - Dangling Stop Street KAPPOCK STREET KAPPOCK STREET,MISSING_SIGNAGE
Street Light Condition Street Light Out  34-41 77 STREET 77 STREET,POOR_LIGHTING
Illegal Parking Blocked Crosswalk Street/Sidewalk AVENUE I AVENUE I,UNSAFE_CROSSWALK
Illegal Parking Blocked Crosswalk Street/Sidewalk 2817 ATLANTIC AVENUE ATLANTIC AVENUE,UNSAFE_CROSSWALK
Illegal Parking Blocked Crosswalk Street/Sidewalk 51-39 65 PLACE 65 PLACE,UNSAFE_CROSSWALK
Traffic Drag Racing Street/Sidewalk SOUNDVIEW AVENUE SOUNDVIEW AVENUE,SPEEDING
Street Light Condition Street Light Out  67-20 198 STREET 198 STREET,POOR_LIGHTING
Illegal Parking Blocked Crosswalk Street/Sidewalk 70 HULL STREET HULL STREET,UNSAFE_CROSSWALK
Street Light Condition Street Light Out  70 ROSE AVENUE ROSE AVENUE,POOR_LIGHTING
Street Light Condition Street Light Out  CENTRAL PARK CENTRAL PARK,POOR_LIGHTING
Illegal Parking Blocked Crosswalk Street/Sidewalk 546 WEST 215 STREET WEST 215 STREET,UNSAFE_CROSSWALK
Illegal Parking Blocked Crosswalk Street/Sidewalk 630 ISHAM STREET ISHAM STREET,UNSAFE_CROSSWALK
Illegal Parking Blocked Crosswalk Street/Sidewalk 5724 NEW UTRECHT AVENUE NEW UTRECHT AVENUE,UNSAFE_CROSSWALK
Street Sign - Damaged Street Cleaning - ASP Street 36-08 24 AVENUE 24 AVENUE,MISSING_SIGNAGE
Street Light Condition Street Light Out  42-11 203 STREET 203 STREET,POOR_LIGHTING
Street Light Condition Street Light Out  1932 HENNESSY PLACE HENNESSY PLACE,POOR_LIGHTING
Street Light Condition Street Light Out  1245 EAST  105 STREET EAST  105 STREET,POOR_LIGHTING
Illegal Parking Blocked Crosswalk Street/Sidewalk 801 AVENUE U AVENUE U,UNSAFE_CROSSWALK
Street Light Condition Street Light Out  1152 49 STREET 49 STREET,POOR_LIGHTING
Illegal Parking Blocked Crosswalk Street/Sidewalk 130-01 LEFFERTS BOULEVARD LEFFERTS BOULEVARD,UNSAFE_CROSSWALK
Illegal Parking Blocked Crosswalk Street/Sidewalk 89-26 90 STREET 90 STREET,UNSAFE_CROSSWALK
Street Light Condition Street Light Out  340 AUTUMN AVENUE AUTUMN AVENUE,POOR_LIGHTING
Street Light Condition Street Light Out  401 MILFORD STREET MILFORD STREET,POOR_LIGHTING
Illegal Parking Blocked Crosswalk Street/Sidewalk 36-17 30 AVENUE 30 AVENUE,UNSAFE_CROSSWALK
Street Light Condition Street Light Out  330 BEACH   92 STREET BEACH   92 STREET,POOR_LIGHTING
Street Light Condition Street Light Out  328 GREENE AVENUE GREENE AVENUE,POOR_LIGHTING
Street Light Condition Street Light Out  111 ADAMS STREET ADAMS STREET,POOR_LIGHTING
Street Sign - Damaged Street Cleaning - ASP Street 33-61 12 STREET 12 STREET,MISSING_SIGNAGE
Street Light Condition Street Light Out  1746 VAN BUREN STREET VAN BUREN STREET,POOR_LIGHTING
Street Light Condition Street Light Out  30-12 92 STREET 92 STREET,POOR_LIGHTING
"Street Sign - Damaged No Parking, Standing, Stopping Street 130-03 NEWPORT AVENUE NEWPORT AVENUE",MISSING_SIGNAGE
Street Light Condition Street Light Out  61-19 163 STREET 163 STREET,POOR_LIGHTING
Street Light Condition Street Light Out  2011 BLEECKER STREET BLEECKER STREET,POOR_LIGHTING
Illegal Parking Blocked Crosswalk Street/Sidewalk 76-03 91 AVENUE 91 AVENUE,UNSAFE_CROSSWALK
Street Light Condition Street Light Out  214 ALBEE AVENUE ALBEE AVENUE,POOR_LIGHTING
Illegal Parking Blocked Crosswalk Street/Sidewalk 129-18 LIBERTY AVENUE LIBERTY AVENUE,UNSAFE_CROSSWALK
Illegal Parking Blocked Crosswalk Street/Sidewalk OXFORD AVENUE OXFORD AVENUE,UNSAFE_CROSSWALK
Illegal Parking Blocked Crosswalk Street/Sidewalk 223 NORTH 5 STREET NORTH 5 STREET,UNSAFE_CROSSWALK
Illegal Parking Blocked Crosswalk Street/Sidewalk 52-41 CENTER BOULEVARD CENTER BOULEVARD,UNSAFE_CROSSWALK
Illegal Parking Blocked Crosswalk Street/Sidewalk 1404 EAST 13 STREET EAST 13 STREET,UNSAFE_CROSSWALK
Illegal Parking Blocked Crosswalk Street/Sidewalk EAST 160 STREET EAST 160 STREET,UNSAFE_CROSSWALK
"Street Sign - Missing No Parking, Standing, Stopping Street 36 AVENUE 36 AVENUE",MISSING_SIGNAGE
Illegal Parking Blocked Crosswalk Street/Sidewalk 1515 MADISON PLACE MADISON PLACE,UNSAFE_CROSSWALK
Illegal Parking Blocked Crosswalk Street/Sidewalk 4-12 49 AVENUE 49 AVENUE,UNSAFE_CROSSWALK
Illegal Parking Blocked Crosswalk Street/Sidewalk CROOKE AVENUE CROOKE AVENUE,UNSAFE_CROSSWALK
Street Light Condition Lamppost Knocked Down  PARSONS BOULEVARD PARSONS BOULEVARD,POOR_LIGHTING
Illegal Parking Blocked Crosswalk Street/Sidewalk 449 7 AVENUE 7 AVENUE,UNSAFE_CROSSWALK
Illegal Parking Blocked Crosswalk Street/Sidewalk 100 EAST THIRD STREET EAST THIRD STREET,UNSAFE_CROSSWALK
Illegal Parking Blocked Crosswalk Street/Sidewalk 258 EAST SECOND STREET EAST SECOND STREET,UNSAFE_CROSSWALK
Illegal Parking Blocked Crosswalk Street/Sidewalk 57-26 65 STREET 65 STREET,UNSAFE_CROSSWALK
Traffic Congestion/Gridlock Street/Sidewalk 1 EAST 161 STREET EAST 161 STREET,OTHER
Street Sign - Damaged Stop Street 1 ARDEN AVENUE ARDEN AVENUE,MISSING_SIGNAGE
Illegal Parking Blocked Crosswalk Street/Sidewalk 33 HILLEL PLACE HILLEL PLACE,UNSAFE_CROSSWALK
Illegal Parking Blocked Crosswalk Street/Sidewalk WEST 104 STREET WEST 104 STREET,UNSAFE_CROSSWALK
Illegal Parking Blocked Crosswalk Street/Sidewalk 65 WEST 90 STREET WEST 90 STREET,UNSAFE_CROSSWALK
Traffic Drag Racing Street/Sidewalk PRESIDENT STREET PRESIDENT STREET,SPEEDING
"Street Sign - Dangling No Parking, Standing, Stopping Street 119 FANE COURT FANE COURT",MISSING_SIGNAGE
Illegal Parking Blocked Crosswalk Street/Sidewalk 1307 PROSPECT AVENUE PROSPECT AVENUE,UNSAFE_CROSSWALK
Illegal Parking Blocked Crosswalk Street/Sidewalk 505 EAST 116 STREET EAST 116 STREET,UNSAFE_CROSSWALK
Street Light Condition Street Light Lamp Dim  184 STREET 184 STREET,POOR_LIGHTING
Illegal Parking Blocked Crosswalk Street/Sidewalk 873 UNION AVENUE UNION AVENUE,UNSAFE_CROSSWALK
Street Sign - Dangling Street Cleaning - ASP Street 233A WYCKOFF STREET WYCKOFF STREET,MISSING_SIGNAGE
Traffic Truck Route Violation Street/Sidewalk CABRINI BOULEVARD CABRINI BOULEVARD,OTHER
"Street Sign - Damaged No Parking, Standing, Stopping Street 135 96 STREET 96 STREET",MISSING_SIGNAGE
Illegal Parking Blocked Crosswalk Street/Sidewalk 152 PRINCE STREET PRINCE STREET,UNSAFE_CROSSWALK
Illegal Parking Blocked Crosswalk Street/Sidewalk 510 63 STREET 63 STREET,UNSAFE_CROSSWALK
Street Light Condition Street Light Out  486 GRAHAM AVENUE GRAHAM AVENUE,POOR_LIGHTING
Traffic Congestion/Gridlock Street/Sidewalk 175 PROSPECT AVENUE PROSPECT AVENUE,OTHER
Traffic Congestion/Gridlock Street/Sidewalk 107-01 71 AVENUE 71 AVENUE,OTHER
Illegal Parking Blocked Crosswalk Street/Sidewalk 700 ATLANTIC AVENUE ATLANTIC AVENUE,UNSAFE_CROSSWALK
"Street Sign - Missing No Parking, Standing, Stopping Street 16 PEARL STREET PEARL STREET",MISSING_SIGNAGE
Illegal Parking Blocked Crosswalk Street/Sidewalk 300 EAST 108 STREET EAST 108 STREET,UNSAFE_CROSSWALK
Illegal Parking Blocked Crosswalk Street/Sidewalk 3201 BEVERLEY ROAD BEVERLEY ROAD,UNSAFE_CROSSWALK
Illegal Parking Blocked Crosswalk Street/Sidewalk 1764 WALTON AVENUE WALTON AVENUE,UNSAFE_CROSSWALK
Street Sign - Missing St Name - Attached to Pole Street 6003 7 AVENUE 7 AVENUE,MISSING_SIGNAGE
Illegal Parking Blocked Crosswalk Street/Sidewalk 718 ATLANTIC AVENUE ATLANTIC AVENUE,UNSAFE_CROSSWALK
Street Sign - Missing Yield Street 377 BAY 8 STREET BAY 8 STREET,MISSING_SIGNAGE
Street Sign - Dangling Stop Street 243-16 UNION TURNPIKE UNION TURNPIKE,MISSING_SIGNAGE
Traffic Drag Racing Street/Sidewalk 101 UNION STREET UNION STREET,SPEEDING
Street Sign - Damaged Stop Street 47-09 34 AVENUE 34 AVENUE,MISSING_SIGNAGE
Street Sign - Missing Stop Street 5 SOUTH 5 STREET SOUTH 5 STREET,MISSING_SIGNAGE
Street Sign - Damaged Other/Unknown Street 115-18 203 STREET 203 STREET,MISSING_SIGNAGE
Illegal Parking Blocked Crosswalk Street/Sidewalk 1708 FLATBUSH AVENUE FLATBUSH AVENUE,UNSAFE_CROSSWALK
Street Light Condition Street Light Out  WEST   34 STREET WEST   34 STREET,POOR_LIGHTING
Traffic Congestion/Gridlock Street/Sidewalk ATLANTIC AVENUE ATLANTIC AVENUE,OTHER
Illegal Parking Blocked Crosswalk Street/Sidewalk CHESTNUT STREET CHESTNUT STREET,UNSAFE_CROSSWALK
Street Light Condition Street Light Out  WEST   27 STREET WEST   27 STREET,POOR_LIGHTING
Street Sign - Missing Other/Unknown Street 11-03 WELLING COURT WELLING COURT,MISSING_SIGNAGE
Street Sign - Damaged Other/Unknown Street 64-19 CENTRAL AVENUE CENTRAL AVENUE,MISSING_SIGNAGE
Illegal Parking Blocked Crosswalk Street/Sidewalk 366 WEST BROADWAY WEST BROADWAY,UNSAFE_CROSSWALK
Illegal Parking Blocked Crosswalk Street/Sidewalk 1600 CATON AVENUE CATON AVENUE,UNSAFE_CROSSWALK
Traffic Congestion/Gridlock Street/Sidewalk HENRY STREET HENRY STREET,OTHER
Traffic Congestion/Gridlock Street/Sidewalk NOSTRAND AVENUE NOSTRAND AVENUE,OTHER
Illegal Parking Blocked Crosswalk Street/Sidewalk 2037 BROADWAY BROADWAY,UNSAFE_CROSSWALK
Street Light Condition Lamppost Base Door/Cover Open  694 8 AVENUE 8 AVENUE,POOR_LIGHTING
Illegal Parking Blocked Crosswalk Street/Sidewalk 30 74 STREET 74 STREET,UNSAFE_CROSSWALK
Illegal Parking Blocked Crosswalk Street/Sidewalk 9423 RIDGE BOULEVARD RIDGE BOULEVARD,UNSAFE_CROSSWALK
Illegal Parking Blocked Crosswalk Street/Sidewalk 453 WEST 54 STREET WEST 54 STREET,UNSAFE_CROSSWALK
Illegal Parking Blocked Crosswalk Street/Sidewalk 121 BENNETT AVENUE BENNETT AVENUE,UNSAFE_CROSSWALK
Illegal Parking Blocked Crosswalk Street/Sidewalk 3423 KINGS HIGHWAY KINGS HIGHWAY,UNSAFE_CROSSWALK
Street Sign - Damaged Other/Unknown Street 115-19 115 STREET 115 STREET,MISSING_SIGNAGE
Street Sign - Damaged Other/Unknown Street 2525 KINGS HIGHWAY KINGS HIGHWAY,MISSING_SIGNAGE
Street Sign - Damaged Other/Unknown Street 118 LEXINGTON AVENUE LEXINGTON AVENUE,MISSING_SIGNAGE
Illegal Parking Blocked Crosswalk Street/Sidewalk 30-98 31 AVENUE 31 AVENUE,UNSAFE_CROSSWALK
Street Light Condition Street Light Out  318 SIMONSON AVENUE SIMONSON AVENUE,POOR_LIGHTING
Illegal Parking Blocked Crosswalk Street/Sidewalk 62-73 FRESH POND ROAD FRESH POND ROAD,UNSAFE_CROSSWALK
"Street Sign - Damaged No Parking, Standing, Stopping Street 113 WYCKOFF AVENUE WYCKOFF AVENUE",MISSING_SIGNAGE
Illegal Parking Blocked Crosswalk Street/Sidewalk 90 COOPER STREET COOPER STREET,UNSAFE_CROSSWALK
Illegal Parking Blocked Crosswalk Street/Sidewalk 78-01 30 AVENUE 30 AVENUE,UNSAFE_CROSSWALK
Illegal Parking Blocked Crosswalk Street/Sidewalk 622 CORTELYOU ROAD CORTELYOU ROAD,UNSAFE_CROSSWALK
Illegal Parking Blocked Crosswalk Street/Sidewalk 49 CATON PLACE CATON PLACE,UNSAFE_CROSSWALK
Traffic Drag Racing Street/Sidewalk 180 DINSMORE STREET DINSMORE STREET,SPEEDING
Street Light Condition Street Light Out  151 SOUTH    9 STREET SOUTH    9 STREET,POOR_LIGHTING
Illegal Parking Blocked Crosswalk Street/Sidewalk 104-16 REMINGTON STREET REMINGTON STREET,UNSAFE_CROSSWALK
Illegal Parking Blocked Crosswalk Street/Sidewalk 250 EAST 54 STREET EAST 54 STREET,UNSAFE_CROSSWALK
Illegal Parking Blocked Crosswalk Street/Sidewalk 1905 WEST 6 STREET WEST 6 STREET,UNSAFE_CROSSWALK
Illegal Parking Blocked Crosswalk Street/Sidewalk 1 PULASKI STREET PULASKI STREET,UNSAFE_CROSSWALK
Illegal Parking Blocked Crosswalk Street/Sidewalk 18 LEROY STREET LEROY STREET,UNSAFE_CROSSWALK
Illegal Parking Blocked Crosswalk Street/Sidewalk 20 PARKSIDE AVENUE PARKSIDE AVENUE,UNSAFE_CROSSWALK
Illegal Parking Blocked Crosswalk Street/Sidewalk 1600 CORTELYOU ROAD CORTELYOU ROAD,UNSAFE_CROSSWALK
Illegal Parking Blocked Crosswalk Street/Sidewalk 4600 9 AVENUE 9 AVENUE,UNSAFE_CROSSWALK
Street Light Condition Street Light Out  93 WOODWARD AVENUE WOODWARD AVENUE,POOR_LIGHTING
Illegal Parking Blocked Crosswalk Street/Sidewalk 203 AVENUE V AVENUE V,UNSAFE_CROSSWALK
Illegal Parking Blocked Crosswalk Street/Sidewalk 4742 CARPENTER AVENUE CARPENTER AVENUE,UNSAFE_CROSSWALK
Illegal Parking Blocked Crosswalk Street/Sidewalk 27 AVENUE 27 AVENUE,UNSAFE_CROSSWALK
Street Light Condition Street Light Out  242-31 51 AVENUE 51 AVENUE,POOR_LIGHTING
Illegal Parking Blocked Crosswalk Street/Sidewalk 600 WEST 239 STREET WEST 239 STREET,UNSAFE_CROSSWALK
Illegal Parking Blocked Crosswalk Street/Sidewalk LEE STREET LEE STREET,UNSAFE_CROSSWALK
Street Sign - Missing Stop Street EAST 242 STREET EAST 242 STREET,MISSING_SIGNAGE
Street Sign - Missing Street Cleaning - ASP Street 24 WEST 135 STREET WEST 135 STREET,MISSING_SIGNAGE
Illegal Parking Blocked Crosswalk Street/Sidewalk 3398 FULTON STREET FULTON STREET,UNSAFE_CROSSWALK
Illegal Parking Blocked Crosswalk Street/Sidewalk 2281 ADAM CLAYTON POWELL JR BOULEVARD ADAM CLAYTON POWELL JR BOULEVARD,UNSAFE_CROSSWALK
Street Sign - Damaged Stop Street RYDER AVENUE RYDER AVENUE,MISSING_SIGNAGE
Illegal Parking Blocked Crosswalk Street/Sidewalk 30 ELDRIDGE AVENUE ELDRIDGE AVENUE,UNSAFE_CROSSWALK
Illegal Parking Blocked Crosswalk Street/Sidewalk 45-10 94 STREET 94 STREET,UNSAFE_CROSSWALK
Illegal Parking Blocked Crosswalk Street/Sidewalk 67 STREET 67 STREET,UNSAFE_CROSSWALK
Illegal Parking Blocked Crosswalk Street/Sidewalk 85 ROAD 85 ROAD,UNSAFE_CROSSWALK
Illegal Parking Blocked Crosswalk Street/Sidewalk 131-20 101 AVENUE 101 AVENUE,UNSAFE_CROSSWALK
Illegal Parking Blocked Crosswalk Street/Sidewalk 42 STREET 42 STREET,UNSAFE_CROSSWALK
Street Light Condition Street Light Out  70-24 67 STREET 67 STREET,POOR_LIGHTING
Illegal Parking Blocked Crosswalk Street/Sidewalk 690 EAST 182 STREET EAST 182 STREET,UNSAFE_CROSSWALK
Street Light Condition Street Light Out  116-46 227 STREET 227 STREET,POOR_LIGHTING
"Street Sign - Dangling No Parking, Standing, Stopping Street 41-99 MAIN STREET MAIN STREET",MISSING_SIGNAGE
Illegal Parking Blocked Crosswalk Street/Sidewalk BERGEN COVE BERGEN COVE,UNSAFE_CROSSWALK
Illegal Parking Blocked Crosswalk Street/Sidewalk 145-04 97 AVENUE 97 AVENUE,UNSAFE_CROSSWALK
Illegal Parking Blocked Crosswalk Street/Sidewalk 463 AVENUE P AVENUE P,UNSAFE_CROSSWALK
Illegal Parking Blocked Crosswalk Street/Sidewalk 1597 INDEPENDENCE AVENUE INDEPENDENCE AVENUE,UNSAFE_CROSSWALK
Street Sign - Dangling One Way Street SEABURY STREET SEABURY STREET,MISSING_SIGNAGE
Street Light Condition Street Light Out  172-28 GRAND CENTRAL PARKWAY GRAND CENTRAL PARKWAY,POOR_LIGHTING
Illegal Parking Blocked Crosswalk Street/Sidewalk 561 WEST 179 STREET WEST 179 STREET,UNSAFE_CROSSWALK
Illegal Parking Blocked Crosswalk Street/Sidewalk 26 BUSHWICK AVENUE BUSHWICK AVENUE,UNSAFE_CROSSWALK
Street Light Condition Street Light Out  58 DECKER AVENUE DECKER AVENUE,POOR_LIGHTING
"Street Sign - Missing No Parking, Standing, Stopping Street 104-28 ASTORIA BOULEVARD ASTORIA BOULEVARD",MISSING_SIGNAGE
Illegal Parking Blocked Crosswalk Street/Sidewalk 3605 FLATLANDS AVENUE FLATLANDS AVENUE,UNSAFE_CROSSWALK
Street Light Condition Street Light Out  20 HOWARD COURT HOWARD COURT,POOR_LIGHTING
Illegal Parking Blocked Crosswalk Street/Sidewalk CROTONA AVENUE CROTONA AVENUE,UNSAFE_CROSSWALK
Traffic Congestion/Gridlock Street/Sidewalk WEST 43 STREET WEST 43 STREET,OTHER
Street Light Condition Street Light Out  65 HENRY PLACE HENRY PLACE,POOR_LIGHTING
Street Sign - Dangling Speed Limit Street 63 AVENUE 63 AVENUE,MISSING_SIGNAGE
Street Light Condition Street Light Out  780 EAST   19 STREET EAST   19 STREET,POOR_LIGHTING
Street Light Condition Street Light Out  STATEN ISL EXPY STATEN ISL EXPY,POOR_LIGHTING
Illegal Parking Blocked Crosswalk Street/Sidewalk 137 STANTON STREET STANTON STREET,UNSAFE_CROSSWALK
Street Light Condition Street Light Out  890 JEWETT AVENUE JEWETT AVENUE,POOR_LIGHTING
Street Light Condition Street Light Out  267 76 STREET 76 STREET,POOR_LIGHTING
Illegal Parking Blocked Crosswalk Street/Sidewalk 64-19I 194 LANE 194 LANE,UNSAFE_CROSSWALK
Illegal Parking Blocked Crosswalk Street/Sidewalk 85-02 88 AVENUE 88 AVENUE,UNSAFE_CROSSWALK
Illegal Parking Blocked Crosswalk Street/Sidewalk 310 BEVERLEY ROAD BEVERLEY ROAD,UNSAFE_CROSSWALK
Street Sign - Damaged Construction Street WEST 137 STREET WEST 137 STREET,MISSING_SIGNAGE
Traffic Drag Racing Street/Sidewalk 34 BOULEVARD BOULEVARD,SPEEDING
Illegal Parking Blocked Crosswalk Street/Sidewalk 139 SCHAEFER STREET SCHAEFER STREET,UNSAFE_CROSSWALK
Street Light Condition Street Light Out  1615 CEDAR STREET CEDAR STREET,POOR_LIGHTING
Street Sign - Damaged Street Cleaning - ASP Street 179-49 150 AVENUE 150 AVENUE,MISSING_SIGNAGE
Street Light Condition Fixture/Luminaire Hanging  58 METROPOLITAN OVAL METROPOLITAN OVAL,POOR_LIGHTING
Illegal Parking Blocked Crosswalk Street/Sidewalk 83-40 WOODHAVEN BOULEVARD WOODHAVEN BOULEVARD,UNSAFE_CROSSWALK
"Street Sign - Dangling No Parking, Standing, Stopping Street 1935 LINDEN BOULEVARD LINDEN BOULEVARD",MISSING_SIGNAGE
Illegal Parking Blocked Crosswalk Street/Sidewalk 2800 SEDGWICK AVENUE SEDGWICK AVENUE,UNSAFE_CROSSWALK
Street Light Condition Street Light Cycling  14 IRVING AVENUE IRVING AVENUE,POOR_LIGHTING
Illegal Parking Blocked Crosswalk Street/Sidewalk 69-61 JUNIPER BLVD SOUTH JUNIPER BLVD SOUTH,UNSAFE_CROSSWALK
Illegal Parking Blocked Crosswalk Street/Sidewalk 102 HUNTINGTON STREET HUNTINGTON STREET,UNSAFE_CROSSWALK
Street Sign - Damaged School Crossing Street 167 SUFFOLK STREET SUFFOLK STREET,MISSING_SIGNAGE
Traffic Drag Racing Street/Sidewalk 188 STREET 188 STREET,SPEEDING
Traffic Chronic Speeding Street/Sidewalk GRAND CENTRAL PARKWAY GRAND CENTRAL PARKWAY,SPEEDING
Illegal Parking Blocked Crosswalk Street/Sidewalk 1599 ST NICHOLAS AVENUE ST NICHOLAS AVENUE,UNSAFE_CROSSWALK
Street Light Condition Street Light Out  514 57 STREET 57 STREET,POOR_LIGHTING
Illegal Parking Blocked Crosswalk Street/Sidewalk 25 NOBLE STREET NOBLE STREET,UNSAFE_CROSSWALK
Street Light Condition Street Light Out  15 JUNIPER PLACE JUNIPER PLACE,POOR_LIGHTING
Illegal Parking Blocked Crosswalk Street/Sidewalk 516 CARLTON AVENUE CARLTON AVENUE,UNSAFE_CROSSWALK
Street Light Condition Street Light Out  363 FANNING STREET FANNING STREET,POOR_LIGHTING
Illegal Parking Blocked Crosswalk Street/Sidewalk 324 WEBSTER AVENUE WEBSTER AVENUE,UNSAFE_CROSSWALK
Traffic Congestion/Gridlock Street/Sidewalk NORTHERN BOULEVARD NORTHERN BOULEVARD,OTHER
Illegal Parking Blocked Crosswalk Street/Sidewalk 3-17 27 AVENUE 27 AVENUE,UNSAFE_CROSSWALK
Street Light Condition Street Light Lamp Missing  128-23 VAN WYCK EXPRESSWAY VAN WYCK EXPRESSWAY,POOR_LIGHTING
Illegal Parking Blocked Crosswalk Street/Sidewalk 8121 NEW UTRECTH AVENUE NEW UTRECTH AVENUE,UNSAFE_CROSSWALK
Illegal Parking Blocked Crosswalk Street/Sidewalk 2 BRADHURST AVENUE BRADHURST AVENUE,UNSAFE_CROSSWALK
Illegal Parking Blocked Crosswalk Street/Sidewalk AMBOY STREET AMBOY STREET,UNSAFE_CROSSWALK
Street Sign - Missing St Name - Attached to Pole Street 106 RENWICK AVENUE RENWICK AVENUE,MISSING_SIGNAGE
Illegal Parking Blocked Crosswalk Street/Sidewalk 1760 GRAND AVENUE GRAND AVENUE,UNSAFE_CROSSWALK
Illegal Parking Blocked Crosswalk Street/Sidewalk 548 CONEY ISLAND AVENUE CONEY ISLAND AVENUE,UNSAFE_CROSSWALK
Illegal Parking Blocked Crosswalk Street/Sidewalk 1609 GLOVER STREET GLOVER STREET,UNSAFE_CROSSWALK
Illegal Parking Blocked Crosswalk Street/Sidewalk 78 STREET 78 STREET,UNSAFE_CROSSWALK
Street Sign - Dangling One Way Street 94 AVENUE 94 AVENUE,MISSING_SIGNAGE
Traffic Truck Route Violation Street/Sidewalk 427 TYSENS LANE TYSENS LANE,OTHER
Illegal Parking Blocked Crosswalk Street/Sidewalk SEAMAN AVENUE SEAMAN AVENUE,UNSAFE_CROSSWALK
Illegal Parking Blocked Crosswalk Street/Sidewalk 2741 FREDERICK DOUGLASS BOULEVARD FREDERICK DOUGLASS BOULEVARD,UNSAFE_CROSSWALK
Illegal Parking Blocked Crosswalk Street/Sidewalk 1627 CROPSEY AVENUE CROPSEY AVENUE,UNSAFE_CROSSWALK
Illegal Parking Blocked Crosswalk Street/Sidewalk 85-70 79 STREET 79 STREET,UNSAFE_CROSSWALK
Illegal Parking Blocked Crosswalk Street/Sidewalk 7401 SHORE ROAD SHORE ROAD,UNSAFE_CROSSWALK
Illegal Parking Blocked Crosswalk Street/Sidewalk 58 73 STREET 73 STREET,UNSAFE_CROSSWALK
Street Light Condition Street Light Out  AUSTIN STREET AUSTIN STREET,POOR_LIGHTING
Street Light Condition Street Light Out  67-47 180 STREET 180 STREET,POOR_LIGHTING
Street Light Condition Street Light Out  AUSTIN ST AUSTIN ST,POOR_LIGHTING
Illegal Parking Blocked Crosswalk Street/Sidewalk 110 RIVERSIDE DRIVE RIVERSIDE DRIVE,UNSAFE_CROSSWALK
Street Light Condition Street Light Out  71 AVE 71 AVE,POOR_LIGHTING
Illegal Parking Blocked Crosswalk Street/Sidewalk 6 WATER STREET WATER STREET,UNSAFE_CROSSWALK
Street Sign - Dangling Stop Street 43-01 223 STREET 223 STREET,MISSING_SIGNAGE
Illegal Parking Blocked Crosswalk Street/Sidewalk 823 EAST 147 STREET EAST 147 STREET,UNSAFE_CROSSWALK
Street Light Condition Street Light Out  57-04 MARATHON PARKWAY MARATHON PARKWAY,POOR_LIGHTING
Traffic Congestion/Gridlock Street/Sidewalk EAST 35 STREET EAST 35 STREET,OTHER
Street Sign - Damaged Speed Limit Street 518 EAST 138 STREET EAST 138 STREET,MISSING_SIGNAGE
Street Sign - Damaged Stop Street HAVEMEYER AVENUE HAVEMEYER AVENUE,MISSING_SIGNAGE
Illegal Parking Blocked Crosswalk Street/Sidewalk 105-11 OTIS AVENUE OTIS AVENUE,UNSAFE_CROSSWALK
Street Sign - Missing Bus Stop Street 79-12 ROCKAWAY BEACH BOULEVARD ROCKAWAY BEACH BOULEVARD,MISSING_SIGNAGE
Illegal Parking Blocked Crosswalk Street/Sidewalk 800 SHORE BOULEVARD SHORE BOULEVARD,UNSAFE_CROSSWALK
Illegal Parking Blocked Crosswalk Street/Sidewalk HUNTINGTON AVENUE HUNTINGTON AVENUE,UNSAFE_CROSSWALK
Illegal Parking Blocked Crosswalk Street/Sidewalk 94-02 66 AVENUE 66 AVENUE,UNSAFE_CROSSWALK
Street Sign - Damaged Other/Unknown Street 168-27 CRYDERS LANE CRYDERS LANE,MISSING_SIGNAGE
Illegal Parking Blocked Crosswalk Street/Sidewalk 4290 NAPIER AVENUE NAPIER AVENUE,UNSAFE_CROSSWALK
Illegal Parking Blocked Crosswalk Street/Sidewalk 68-69 FRESH POND ROAD FRESH POND ROAD,UNSAFE_CROSSWALK
Street Light Condition Street Light Out  VAN WYCK EXPY VAN WYCK EXPY,POOR_LIGHTING
Illegal Parking Blocked Crosswalk Street/Sidewalk 2675 WATERBURY AVENUE WATERBURY AVENUE,UNSAFE_CROSSWALK
Illegal Parking Blocked Crosswalk Street/Sidewalk 3106 FULTON STREET FULTON STREET,UNSAFE_CROSSWALK
Street Light Condition Street Light Out  1090 ROSEDALE AVENUE ROSEDALE AVENUE,POOR_LIGHTING
Illegal Parking Blocked Crosswalk Street/Sidewalk 2302 EAST 12 STREET EAST 12 STREET,UNSAFE_CROSSWALK
Street Light Condition Street Light Out  437 81 STREET 81 STREET,POOR_LIGHTING
Street Light Condition Street Light Out  1780 WATSON AVENUE WATSON AVENUE,POOR_LIGHTING
Illegal Parking Blocked Crosswalk Street/Sidewalk 78-31 147 STREET 147 STREET,UNSAFE_CROSSWALK
Street Sign - Damaged Other/Unknown Street 2590 MILES AVENUE MILES AVENUE,MISSING_SIGNAGE
Illegal Parking Blocked Crosswalk Street/Sidewalk 123-01 116 AVENUE 116 AVENUE,UNSAFE_CROSSWALK
Illegal Parking Blocked Crosswalk Street/Sidewalk 115-60 123 STREET 123 STREET,UNSAFE_CROSSWALK
Traffic Drag Racing Street/Sidewalk 159-30 ROCKAWAY BOULEVARD ROCKAWAY BOULEVARD,SPEEDING
Illegal Parking Blocked Crosswalk Street/Sidewalk 34-13 110 STREET 110 STREET,UNSAFE_CROSSWALK
"Street Sign - Missing No Parking, Standing, Stopping Street 3300 WEBSTER AVENUE WEBSTER AVENUE",MISSING_SIGNAGE
Illegal Parking Blocked Crosswalk Street/Sidewalk 17 NORTH STREET NORTH STREET,UNSAFE_CROSSWALK
Street Light Condition Street Light Out  67 VEITH PLACE VEITH PLACE,POOR_LIGHTING
Street Light Condition Street Light Out  89 STREET 89 STREET,POOR_LIGHTING
Illegal Parking Blocked Crosswalk Street/Sidewalk 164-52 95 STREET 95 STREET,UNSAFE_CROSSWALK
Street Light Condition Street Light Out  19-47 76 STREET 76 STREET,POOR_LIGHTING
Illegal Parking Blocked Crosswalk Street/Sidewalk 176-19 93 AVENUE 93 AVENUE,UNSAFE_CROSSWALK
Illegal Parking Blocked Crosswalk Street/Sidewalk 40 NORTH STREET NORTH STREET,UNSAFE_CROSSWALK
Street Light Condition Street Light Out  65 STREET 65 STREET,POOR_LIGHTING
Traffic Chronic Speeding Street/Sidewalk 148-69 262 PLACE 262 PLACE,SPEEDING
Street Light Condition Street Light Out  15 TRUMBULL PLACE TRUMBULL PLACE,POOR_LIGHTING
Street Light Condition Lamppost Knocked Down  GRAND CENTRAL PKWY GRAND CENTRAL PKWY,POOR_LIGHTING
Street Light Condition Street Light Out  308 EAST  201 STREET EAST  201 STREET,POOR_LIGHTING
Illegal Parking Blocked Crosswalk Street/Sidewalk 96 SAINT EDWARDS STREET SAINT EDWARDS STREET,UNSAFE_CROSSWALK
Illegal Parking Blocked Crosswalk Street/Sidewalk 104 HAVEN AVENUE HAVEN AVENUE,UNSAFE_CROSSWALK
Illegal Parking Blocked Crosswalk Street/Sidewalk 233 EAST 175 STREET EAST 175 STREET,UNSAFE_CROSSWALK
Illegal Parking Blocked Crosswalk Street/Sidewalk 1019 MANHATTAN AVENUE MANHATTAN AVENUE,UNSAFE_CROSSWALK
Illegal Parking Blocked Crosswalk Street/Sidewalk 7002 RIDGE CREST TERRACE RIDGE CREST TERRACE,UNSAFE_CROSSWALK
Street Light Condition Street Light Out  407 WEST   50 STREET WEST   50 STREET,POOR_LIGHTING
Street Light Condition Street Light Out  109 AVENUE 109 AVENUE,POOR_LIGHTING
Illegal Parking Blocked Crosswalk Street/Sidewalk 87 STANTON STREET STANTON STREET,UNSAFE_CROSSWALK
Street Light Condition Street Light Out  151 WEST  231 STREET WEST  231 STREET,POOR_LIGHTING
Street Light Condition Street Light Out  368 BRIGHTON STREET BRIGHTON STREET,POOR_LIGHTING
Illegal Parking Blocked Crosswalk Street/Sidewalk 211 BOWERY BOWERY,UNSAFE_CROSSWALK
Illegal Parking Blocked Crosswalk Street/Sidewalk 142 ECKFORD STREET ECKFORD STREET,UNSAFE_CROSSWALK
Street Sign - Damaged Stop Street 137 DUFFIELD STREET DUFFIELD STREET,MISSING_SIGNAGE
Street Light Condition Street Light Out  44 WEST   73 STREET WEST   73 STREET,POOR_LIGHTING
"Street Sign - Missing No Parking, Standing, Stopping Street ALEXANDER AVENUE ALEXANDER AVENUE",MISSING_SIGNAGE
Street Light Condition Street Light Out  73-29 53 ROAD 53 ROAD,POOR_LIGHTING
Illegal Parking Blocked Crosswalk Street/Sidewalk WEST 242 STREET WEST 242 STREET,UNSAFE_CROSSWALK
Street Light Condition Street Light Lamp Dim  139 72 STREET 72 STREET,POOR_LIGHTING
Street Light Condition Street Light Out  461 RICHMOND AVE RICHMOND AVE,POOR_LIGHTING
Street Light Condition Street Light Out  750 RICHMOND AVE RICHMOND AVE,POOR_LIGHTING
Traffic Congestion/Gridlock Street/Sidewalk 105-45 HORACE HARDING EXPRESSWAY HORACE HARDING EXPRESSWAY,OTHER
Street Light Condition Street Light Out  1129 72 STREET 72 STREET,POOR_LIGHTING
Illegal Parking Blocked Crosswalk Street/Sidewalk 1 FIRST PLACE FIRST PLACE,UNSAFE_CROSSWALK
Illegal Parking Blocked Crosswalk Street/Sidewalk 78-01 64 PLACE 64 PLACE,UNSAFE_CROSSWALK
Illegal Parking Blocked Crosswalk Street/Sidewalk 55 PARK AVENUE PARK AVENUE,UNSAFE_CROSSWALK
Illegal Parking Blocked Crosswalk Street/Sidewalk 70-21 31 AVENUE 31 AVENUE,UNSAFE_CROSSWALK
Street Light Condition Street Light Out  2800 CRESTON AVENUE CRESTON AVENUE,POOR_LIGHTING
Street Sign - Missing Street Cleaning - ASP Street 1835 SCHIEFFELIN AVENUE SCHIEFFELIN AVENUE,MISSING_SIGNAGE
Illegal Parking Blocked Crosswalk Street/Sidewalk 181 BLEECKER STREET BLEECKER STREET,UNSAFE_CROSSWALK
Street Sign - Dangling School Crossing Street 53 COLUMBUS AVENUE COLUMBUS AVENUE,MISSING_SIGNAGE
Illegal Parking Blocked Crosswalk Street/Sidewalk 1569 HOE AVENUE HOE AVENUE,UNSAFE_CROSSWALK
Street Sign - Dangling Stop Street 2580 RICHMOND TERRACE RICHMOND TERRACE,MISSING_SIGNAGE
Illegal Parking Blocked Crosswalk Street/Sidewalk 1427 SHEEPSHEAD BAY ROAD SHEEPSHEAD BAY ROAD,UNSAFE_CROSSWALK
Illegal Parking Blocked Crosswalk Street/Sidewalk 60-66 75 STREET 75 STREET,UNSAFE_CROSSWALK
Traffic Drag Racing Street/Sidewalk 53-19 64 STREET 64 STREET,SPEEDING
Illegal Parking Blocked Crosswalk Street/Sidewalk 6801 SHORE ROAD SHORE ROAD,UNSAFE_CROSSWALK
Street Sign - Missing Other/Unknown Street 200 WATER STREET WATER STREET,MISSING_SIGNAGE
Street Sign - Missing Other/Unknown Street 267 PEARL STREET PEARL STREET,MISSING_SIGNAGE
Street Sign - Missing Other/Unknown Street 299 PEARL STREET PEARL STREET,MISSING_SIGNAGE
Illegal Parking Blocked Crosswalk Street/Sidewalk 201 WEST 242 STREET WEST 242 STREET,UNSAFE_CROSSWALK
Street Light Condition Street Light Out  103 MULBERRY AVENUE MULBERRY AVENUE,POOR_LIGHTING
Street Sign - Dangling Other/Unknown Street BELT PARKWAY BELT PARKWAY,MISSING_SIGNAGE
Illegal Parking Blocked Crosswalk Street/Sidewalk 48-45 58 LANE 58 LANE,UNSAFE_CROSSWALK
Street Sign - Dangling Stop Street 195-01 100 AVENUE 100 AVENUE,MISSING_SIGNAGE
Street Light Condition Street Light Lamp Dim  1802 STARR STREET STARR STREET,POOR_LIGHTING
Illegal Parking Blocked Crosswalk Street/Sidewalk 70-30 80 STREET 80 STREET,UNSAFE_CROSSWALK
Street Sign - Missing Stop Street 43-22 54 AVENUE 54 AVENUE,MISSING_SIGNAGE
Illegal Parking Blocked Crosswalk Street/Sidewalk 48-01 QUEENS BOULEVARD QUEENS BOULEVARD,UNSAFE_CROSSWALK
Illegal Parking Blocked Crosswalk Street/Sidewalk 253 WINDSOR PLACE WINDSOR PLACE,UNSAFE_CROSSWALK
Street Sign - Dangling Stop Street 145 AVENUE 145 AVENUE,MISSING_SIGNAGE
Illegal Parking Blocked Crosswalk Street/Sidewalk 6320 24 AVENUE 24 AVENUE,UNSAFE_CROSSWALK
Illegal Parking Blocked Crosswalk Street/Sidewalk 135-47 95 STREET 95 STREET,UNSAFE_CROSSWALK
Illegal Parking Blocked Crosswalk Street/Sidewalk 216 EAST 183 STREET EAST 183 STREET,UNSAFE_CROSSWALK
Illegal Parking Blocked Crosswalk Street/Sidewalk BERGEN STREET BERGEN STREET,UNSAFE_CROSSWALK
Illegal Parking Blocked Crosswalk Street/Sidewalk JUMEL TERRACE JUMEL TERRACE,UNSAFE_CROSSWALK
Street Light Condition Street Light Out  217 STANLEY AVENUE STANLEY AVENUE,POOR_LIGHTING
Street Sign - Damaged Other/Unknown Street TYRELLAN AVENUE TYRELLAN AVENUE,MISSING_SIGNAGE
Illegal Parking Blocked Crosswalk Street/Sidewalk 103-09 115 STREET 115 STREET,UNSAFE_CROSSWALK
Illegal Parking Blocked Crosswalk Street/Sidewalk 3 OLD FULTON STREET OLD FULTON STREET,UNSAFE_CROSSWALK
Street Sign - Damaged Stop Street 101-04 23 AVENUE 23 AVENUE,MISSING_SIGNAGE
Illegal Parking Blocked Crosswalk Street/Sidewalk 1525 BAYVIEW AVENUE BAYVIEW AVENUE,UNSAFE_CROSSWALK
Illegal Parking Blocked Crosswalk Street/Sidewalk 2 WEST 63 STREET WEST 63 STREET,UNSAFE_CROSSWALK
Street Sign - Damaged One Way Street 101-04 23 AVENUE 23 AVENUE,MISSING_SIGNAGE
Traffic Chronic Stoplight Violation Street/Sidewalk DYER AVENUE DYER AVENUE,MISSING_SIGNAGE
Street Light Condition Street Light Out  216 BAY STREET BAY STREET,POOR_LIGHTING
Street Light Condition Street Light Out  FDR DR FDR DR,POOR_LIGHTING
Illegal Parking Blocked Crosswalk Street/Sidewalk 4602 3 AVENUE 3 AVENUE,UNSAFE_CROSSWALK
Street Sign - Missing Yield Street MERRICK BOULEVARD BELT PY EB EN MERRICK BOULEVARD BELT PY EB EN,MISSING_SIGNAGE
Street Sign - Damaged Other/Unknown Street 118 BEACH 27 STREET BEACH 27 STREET,MISSING_SIGNAGE
Street Sign - Dangling Stop Street BELMONT AVENUE BELMONT AVENUE,MISSING_SIGNAGE
Illegal Parking Blocked Crosswalk Street/Sidewalk 42-01 NEWTOWN ROAD NEWTOWN ROAD,UNSAFE_CROSSWALK
Illegal Parking Blocked Crosswalk Street/Sidewalk 1215 5 AVENUE 5 AVENUE,UNSAFE_CROSSWALK
Illegal Parking Blocked Crosswalk Street/Sidewalk 5010 NEW UTRECHT AVENUE NEW UTRECHT AVENUE,UNSAFE_CROSSWALK
"Street Sign - Missing No Parking, Standing, Stopping Street 65 PEARL STREET PEARL STREET",MISSING_SIGNAGE
Illegal Parking Blocked Crosswalk Street/Sidewalk 5013 12 AVENUE 12 AVENUE,UNSAFE_CROSSWALK
Street Light Condition Street Light Out  61-25 WETHEROLE STREET WETHEROLE STREET,POOR_LIGHTING
Illegal Parking Blocked Crosswalk Street/Sidewalk 5423 AVENUE N AVENUE N,UNSAFE_CROSSWALK
Street Sign - Dangling Other/Unknown Street 131 AVENUE 131 AVENUE,MISSING_SIGNAGE
Illegal Parking Blocked Crosswalk Street/Sidewalk WEST 240 STREET WEST 240 STREET,UNSAFE_CROSSWALK
Illegal Parking Blocked Crosswalk Street/Sidewalk 1529 EAST 55 STREET EAST 55 STREET,UNSAFE_CROSSWALK
Illegal Parking Blocked Crosswalk Street/Sidewalk 1466 BROADWAY BROADWAY,UNSAFE_CROSSWALK
Illegal Parking Blocked Crosswalk Street/Sidewalk WEST 187 STREET WEST 187 STREET,UNSAFE_CROSSWALK
Illegal Parking Blocked Crosswalk Street/Sidewalk 94 LEROY STREET LEROY STREET,UNSAFE_CROSSWALK
Street Light Condition Street Light Out  58 PIERREPONT STREET PIERREPONT STREET,POOR_LIGHTING
Illegal Parking Blocked Crosswalk Street/Sidewalk EAST 241 STREET EAST 241 STREET,UNSAFE_CROSSWALK
Street Sign - Dangling Other/Unknown Street VAN CORTLANDT AVENUE WEST VAN CORTLANDT AVENUE WEST,MISSING_SIGNAGE
Illegal Parking Blocked Crosswalk Street/Sidewalk 78-29 AUSTIN STREET AUSTIN STREET,UNSAFE_CROSSWALK
"Street Sign - Dangling No Parking, Standing, Stopping Street 1318 55 STREET 55 STREET",MISSING_SIGNAGE
Traffic Signal Condition Sway Bar   ,MISSING_SIGNAGE
Street Sign - Dangling Street Cleaning - ASP Street ALBEMARLE ROAD ALBEMARLE ROAD,MISSING_SIGNAGE
Street Light Condition Multiple Street Lights Out  BELL BOULEVARD BELL BOULEVARD,POOR_LIGHTING
Illegal Parking Blocked Crosswalk Street/Sidewalk 192 STREET 192 STREET,UNSAFE_CROSSWALK
Street Light Condition Street Light Out  90-28 BELT PKWY BELT PKWY,POOR_LIGHTING
Street Sign - Missing Other/Unknown Street 410 ST MARKS AVENUE ST MARKS AVENUE,MISSING_SIGNAGE
Street Sign - Missing Other/Unknown Street 966 FULTON STREET FULTON STREET,MISSING_SIGNAGE
Illegal Parking Blocked Crosswalk Street/Sidewalk 52 BUFFALO AVENUE BUFFALO AVENUE,UNSAFE_CROSSWALK
"Street Sign - Missing No Parking, Standing, Stopping Street 1048 PACIFIC STREET PACIFIC STREET",MISSING_SIGNAGE
Street Light Condition Street Light Lamp Dim  1541 BAY RIDGE PARKWAY BAY RIDGE PARKWAY,POOR_LIGHTING
Street Light Condition Street Light Out  36-41 214 PLACE 214 PLACE,POOR_LIGHTING
Traffic Congestion/Gridlock Street/Sidewalk DELANCEY STREET DELANCEY STREET,OTHER
Street Light Condition Street Light Out  816 NEW YORK AVENUE NEW YORK AVENUE,POOR_LIGHTING
Street Sign - Damaged Other/Unknown Street 85-27 253 STREET 253 STREET,MISSING_SIGNAGE
Street Light Condition Street Light Out  120 EAST   36 STREET EAST   36 STREET,POOR_LIGHTING
Street Light Condition Street Light Out  608 HENRY STREET HENRY STREET,POOR_LIGHTING
Street Light Condition Street Light Out  590 HENRY STREET HENRY STREET,POOR_LIGHTING
Street Light Condition Street Light Out  141 DAHILL ROAD DAHILL ROAD,POOR_LIGHTING
Traffic Congestion/Gridlock Street/Sidewalk 78-15 PARSONS BOULEVARD PARSONS BOULEVARD,OTHER
Street Sign - Damaged School Crossing Street YETMAN AVENUE YETMAN AVENUE,MISSING_SIGNAGE
Illegal Parking Blocked Crosswalk Street/Sidewalk SHERIFF STREET SHERIFF STREET,UNSAFE_CROSSWALK
Illegal Parking Blocked Crosswalk Street/Sidewalk 28-17 23 AVENUE 23 AVENUE,UNSAFE_CROSSWALK
Street Sign - Dangling Other/Unknown Street 89-20 171 STREET 171 STREET,MISSING_SIGNAGE
Street Sign - Missing Other/Unknown Street 41-16 27 STREET 27 STREET,MISSING_SIGNAGE
Illegal Parking Blocked Crosswalk Street/Sidewalk 610 CRESCENT AVENUE CRESCENT AVENUE,UNSAFE_CROSSWALK
Street Light Condition Street Light Out  2540 VALENTINE AVENUE VALENTINE AVENUE,POOR_LIGHTING
Illegal Parking Blocked Crosswalk Street/Sidewalk 68-16 58 ROAD 58 ROAD,UNSAFE_CROSSWALK
Street Sign - Damaged Stop Street 3 AINSWORTH AVENUE AINSWORTH AVENUE,MISSING_SIGNAGE
Street Sign - Damaged Stop Street 120-19 150 AVENUE 150 AVENUE,MISSING_SIGNAGE
Illegal Parking Blocked Crosswalk Street/Sidewalk 71-67 159 STREET 159 STREET,UNSAFE_CROSSWALK
Street Sign - Missing Other/Unknown Street 32 STREET 32 STREET,MISSING_SIGNAGE
Illegal Parking Blocked Crosswalk Street/Sidewalk 88 VILLAGE ROAD SOUTH VILLAGE ROAD SOUTH,UNSAFE_CROSSWALK
Street Sign - Dangling Other/Unknown Street 1334 YORK AVENUE YORK AVENUE,MISSING_SIGNAGE
Traffic Congestion/Gridlock Street/Sidewalk 70-41 YELLOWSTONE BOULEVARD YELLOWSTONE BOULEVARD,OTHER
Traffic Congestion/Gridlock Street/Sidewalk 93 WYCKOFF STREET WYCKOFF STREET,OTHER
Traffic Congestion/Gridlock Street/Sidewalk 120 GREENWICH STREET GREENWICH STREET,OTHER
Street Light Condition Street Light Out  451 FALCON AVENUE FALCON AVENUE,POOR_LIGHTING
"Street Sign - Dangling No Parking, Standing, Stopping Street 522 WEST 38 STREET WEST 38 STREET",MISSING_SIGNAGE
Illegal Parking Blocked Crosswalk Street/Sidewalk 76-95 34 AVENUE 34 AVENUE,UNSAFE_CROSSWALK
Street Sign - Dangling Street Cleaning - ASP Street 86-45 55 AVENUE 55 AVENUE,MISSING_SIGNAGE
Street Sign - Dangling St Name - Attached to Pole Street 139-22 SPRINGFIELD BOULEVARD SPRINGFIELD BOULEVARD,MISSING_SIGNAGE
"Street Sign - Dangling No Parking, Standing, Stopping Street 24-10 JACKSON AVENUE JACKSON AVENUE",MISSING_SIGNAGE
Street Light Condition Flood Light Lamp Out  3140 EDSON AVENUE EDSON AVENUE,POOR_LIGHTING
"Street Sign - Missing No Parking, Standing, Stopping Street 119 11 STREET 11 STREET",MISSING_SIGNAGE
Street Sign - Damaged Other/Unknown Street 186-04 140 AVENUE 140 AVENUE,MISSING_SIGNAGE
Street Sign - Damaged Do Not Enter Street 2200 WHITE PLAINS ROAD WHITE PLAINS ROAD,MISSING_SIGNAGE
Street Light Condition Multiple Street Lights Out  SPRING ST PARK SPRING ST PARK,POOR_LIGHTING
Street Sign - Damaged St Name - Attached to Pole Street 120-02 SUTPHIN BOULEVARD SUTPHIN BOULEVARD,MISSING_SIGNAGE
Street Sign - Damaged Other/Unknown Street 751 PELHAM PARKWAY NORTH PELHAM PARKWAY NORTH,MISSING_SIGNAGE
Street Light Condition Street Light Out  78 STREET 78 STREET,POOR_LIGHTING
Illegal Parking Blocked Crosswalk Street/Sidewalk MARTENSE STREET MARTENSE STREET,UNSAFE_CROSSWALK
"Street Sign - Missing No Parking, Standing, Stopping Street 10 SENECA STREET SENECA STREET",MISSING_SIGNAGE
Illegal Parking Blocked Crosswalk Street/Sidewalk 365 BRIDGE STREET BRIDGE STREET,UNSAFE_CROSSWALK
Illegal Parking Blocked Crosswalk Street/Sidewalk 80 AVENUE O AVENUE O,UNSAFE_CROSSWALK
Illegal Parking Blocked Crosswalk Street/Sidewalk 85-44 104 STREET 104 STREET,UNSAFE_CROSSWALK
Street Sign - Damaged Stop Street 15-02 121 STREET 121 STREET,MISSING_SIGNAGE
Street Sign - Missing One Way Street 5-04A COLLEGE PLACE COLLEGE PLACE,MISSING_SIGNAGE
Illegal Parking Blocked Crosswalk Street/Sidewalk 1263 LUBAVITCHER REBBE WAY LUBAVITCHER REBBE WAY,UNSAFE_CROSSWALK
Street Sign - Missing St Name - Attached to Pole Street EASTCHESTER ROAD EASTCHESTER ROAD,MISSING_SIGNAGE
"Street Sign - Missing No Parking, Standing, Stopping Street 2012 68 STREET 68 STREET",MISSING_SIGNAGE
Street Sign - Damaged Bus Stop Street ADAM C POWELL BOULEVARD ADAM C POWELL BOULEVARD,MISSING_SIGNAGE
Illegal Parking Blocked Crosswalk Street/Sidewalk 33 STREET 33 STREET,UNSAFE_CROSSWALK
Illegal Parking Blocked Crosswalk Street/Sidewalk 77-02 79 PLACE 79 PLACE,UNSAFE_CROSSWALK
Street Sign - Damaged One Way Street 534 78 STREET 78 STREET,MISSING_SIGNAGE
Street Sign - Damaged Construction Street 367 BRIDGE STREET BRIDGE STREET,MISSING_SIGNAGE
Street Sign - Damaged Stop Street 84-35 117 STREET 117 STREET,MISSING_SIGNAGE
Street Sign - Damaged One Way Street 120-24 144 STREET 144 STREET,MISSING_SIGNAGE
Street Sign - Missing Street Cleaning - ASP Street 1809 CORNELIA STREET CORNELIA STREET,MISSING_SIGNAGE
Traffic Drag Racing Street/Sidewalk 69 STREET 69 STREET,SPEEDING
Illegal Parking Blocked Crosswalk Street/Sidewalk 25-72 127 STREET 127 STREET,UNSAFE_CROSSWALK
Illegal Parking Blocked Crosswalk Street/Sidewalk 190 WEST 170 STREET WEST 170 STREET,UNSAFE_CROSSWALK
Street Light Condition Street Light Out  78-08 79 PLACE 79 PLACE,POOR_LIGHTING
Illegal Parking Blocked Crosswalk Street/Sidewalk 28-19 23 AVENUE 23 AVENUE,UNSAFE_CROSSWALK
Street Light Condition Street Light Out  430 CASTLETON AVENUE CASTLETON AVENUE,POOR_LIGHTING
Illegal Parking Blocked Crosswalk Street/Sidewalk 17-04 BROOKHAVEN AVENUE BROOKHAVEN AVENUE,UNSAFE_CROSSWALK
Illegal Parking Blocked Crosswalk Street/Sidewalk CAFFREY AVENUE CAFFREY AVENUE,UNSAFE_CROSSWALK
Illegal Parking Blocked Crosswalk Street/Sidewalk ST NICHOLAS AVENUE ST NICHOLAS AVENUE,UNSAFE_CROSSWALK
Illegal Parking Blocked Crosswalk Street/Sidewalk 1752 SHORE PARKWAY SHORE PARKWAY,UNSAFE_CROSSWALK
Street Sign - Missing Other/Unknown Street 71-14 AUSTIN STREET AUSTIN STREET,MISSING_SIGNAGE
Illegal Parking Blocked Crosswalk Street/Sidewalk 2413 THIRD AVENUE THIRD AVENUE,UNSAFE_CROSSWALK
Street Sign - Dangling Stop Street 213 PEARL STREET PEARL STREET,MISSING_SIGNAGE
Illegal Parking Blocked Crosswalk Street/Sidewalk 2 BRUCKNER BOULEVARD BRUCKNER BOULEVARD,UNSAFE_CROSSWALK
Street Light Condition Lamppost Wire Exposed  694 8 AVENUE 8 AVENUE,POOR_LIGHTING
Street Sign - Damaged Other/Unknown Street 44-15 COLLEGE POINT BOULEVARD COLLEGE POINT BOULEVARD,MISSING_SIGNAGE
Illegal Parking Blocked Crosswalk Street/Sidewalk 102-05 86 AVENUE 86 AVENUE,UNSAFE_CROSSWALK
Illegal Parking Blocked Crosswalk Street/Sidewalk 2335 BATH AVENUE BATH AVENUE,UNSAFE_CROSSWALK
Street Sign - Dangling Other/Unknown Street ALBERT ROAD ALBERT ROAD,MISSING_SIGNAGE
Illegal Parking Blocked Crosswalk Street/Sidewalk 104-16 116 STREET 116 STREET,UNSAFE_CROSSWALK
Street Light Condition Street Light Out  222 ASHWORTH AVENUE ASHWORTH AVENUE,POOR_LIGHTING
Illegal Parking Blocked Crosswalk Street/Sidewalk 83-14 95 AVENUE 95 AVENUE,UNSAFE_CROSSWALK
Illegal Parking Blocked Crosswalk Street/Sidewalk 67-74 75 STREET 75 STREET,UNSAFE_CROSSWALK
Illegal Parking Blocked Crosswalk Street/Sidewalk BROADWAY BROADWAY,UNSAFE_CROSSWALK
Illegal Parking Blocked Crosswalk Street/Sidewalk 217-14 75 AVENUE 75 AVENUE,UNSAFE_CROSSWALK
"Street Sign - Missing No Parking, Standing, Stopping Street 165 WILLOUGHBY AVENUE WILLOUGHBY AVENUE",MISSING_SIGNAGE
Street Light Condition Street Light Out  25 CROTON AVENUE CROTON AVENUE,POOR_LIGHTING
Illegal Parking Blocked Crosswalk Street/Sidewalk 57-09 PENROD STREET PENROD STREET,UNSAFE_CROSSWALK
Illegal Parking Blocked Crosswalk Street/Sidewalk 118 ROAD 118 ROAD,UNSAFE_CROSSWALK
Illegal Parking Blocked Crosswalk Street/Sidewalk 2869 HEATH AVENUE HEATH AVENUE,UNSAFE_CROSSWALK
Street Light Condition Street Light Out  373 MYRTLE AVENUE MYRTLE AVENUE,POOR_LIGHTING
Street Light Condition Street Light Out  81 WILLOUGHBY AVENUE WILLOUGHBY AVENUE,POOR_LIGHTING
Street Light Condition Street Light Out  669 EAST  242 STREET EAST  242 STREET,POOR_LIGHTING
Street Light Condition Fixture/Luminaire Out Of Position  46-17 65 PLACE 65 PLACE,POOR_LIGHTING
Illegal Parking Blocked Crosswalk Street/Sidewalk 4518 11 AVENUE 11 AVENUE,UNSAFE_CROSSWALK
Illegal Parking Blocked Crosswalk Street/Sidewalk 942 FOREST HILL ROAD FOREST HILL ROAD,UNSAFE_CROSSWALK
Traffic Drag Racing Street/Sidewalk 265 88 STREET 88 STREET,SPEEDING
Illegal Parking Blocked Crosswalk Street/Sidewalk 48-02 59 PLACE 59 PLACE,UNSAFE_CROSSWALK
Illegal Parking Blocked Crosswalk Street/Sidewalk 9540 SCHENCK STREET SCHENCK STREET,UNSAFE_CROSSWALK
Illegal Parking Blocked Crosswalk Street/Sidewalk 64-01 55 AVENUE 55 AVENUE,UNSAFE_CROSSWALK
Street Light Condition Street Light Out  49-10 108 STREET 108 STREET,POOR_LIGHTING
Illegal Parking Blocked Crosswalk Street/Sidewalk 136-98 234 STREET 234 STREET,UNSAFE_CROSSWALK
Street Sign - Dangling St Name - Over Intersection Street 1185 6 AVENUE 6 AVENUE,MISSING_SIGNAGE
Street Sign - Missing Other/Unknown Street 69-39 224 STREET 224 STREET,MISSING_SIGNAGE
Illegal Parking Blocked Crosswalk Street/Sidewalk 102-05 184 STREET 184 STREET,UNSAFE_CROSSWALK
Illegal Parking Blocked Crosswalk Street/Sidewalk 1890 PELHAM PARKWAY SOUTH PELHAM PARKWAY SOUTH,UNSAFE_CROSSWALK
Street Light Condition Street Light Out  1315 EAST   28 STREET EAST   28 STREET,POOR_LIGHTING
Street Sign - Missing Other/Unknown Street 43-18 CRESCENT STREET CRESCENT STREET,MISSING_SIGNAGE
Street Light Condition Street Light Out  215 27 STREET 27 STREET,POOR_LIGHTING
Illegal Parking Blocked Crosswalk Street/Sidewalk 2 HOPE STREET HOPE STREET,UNSAFE_CROSSWALK
Traffic Congestion/Gridlock Street/Sidewalk QUEENS MIDTOWN TUNNEL QUEENS MIDTOWN TUNNEL,OTHER
Illegal Parking Blocked Crosswalk Street/Sidewalk 157-10 RIVERSIDE DRIVE WEST RIVERSIDE DRIVE WEST,UNSAFE_CROSSWALK
Street Light Condition Street Light Out  BAY   34 STREET BAY   34 STREET,POOR_LIGHTING
Illegal Parking Blocked Crosswalk Street/Sidewalk 2134 COLONIAL AVENUE COLONIAL AVENUE,UNSAFE_CROSSWALK
Street Light Condition Street Light Out  348 WEIRFIELD STREET WEIRFIELD STREET,POOR_LIGHTING
Street Light Condition Street Light Out  226 BEACH  122 STREET BEACH  122 STREET,POOR_LIGHTING
Street Light Condition Street Light Out  2925 SOMMER PLACE SOMMER PLACE,POOR_LIGHTING
Street Light Condition Street Light Out  122 WOOD AVENUE WOOD AVENUE,POOR_LIGHTING
Street Light Condition Street Light Out  3130 NOSTRAND AVENUE NOSTRAND AVENUE,POOR_LIGHTING
Street Light Condition Street Light Lamp Dim  1035 EAST  105 STREET EAST  105 STREET,POOR_LIGHTING
Street Light Condition Street Light Out  742 SARATOGA AVENUE SARATOGA AVENUE,POOR_LIGHTING
Street Light Condition Street Light Out  1620 OCEAN AVENUE OCEAN AVENUE,POOR_LIGHTING
Illegal Parking Blocked Crosswalk Street/Sidewalk 22-04 31 STREET 31 STREET,UNSAFE_CROSSWALK
Illegal Parking Blocked Crosswalk Street/Sidewalk 1101 DITMAS AVENUE DITMAS AVENUE,UNSAFE_CROSSWALK
Street Sign - Missing Street Cleaning - ASP Street 1654 73 STREET 73 STREET,MISSING_SIGNAGE
Street Light Condition Street Light Out  290 LOCKMAN AVENUE LOCKMAN AVENUE,POOR_LIGHTING
Illegal Parking Blocked Crosswalk Street/Sidewalk CLAREMONT AVENUE CLAREMONT AVENUE,UNSAFE_CROSSWALK
Illegal Parking Blocked Crosswalk Street/Sidewalk 223 SUYDAM STREET SUYDAM STREET,UNSAFE_CROSSWALK
Street Light Condition Street Light Out  743 CLOVE ROAD CLOVE ROAD,POOR_LIGHTING
Street Sign - Missing Honorary Street 495 HENDRIX STREET HENDRIX STREET,MISSING_SIGNAGE
Traffic Chronic Speeding Street/Sidewalk 68-69 FRESH POND ROAD FRESH POND ROAD,SPEEDING
Illegal Parking Blocked Crosswalk Street/Sidewalk 194-60B 67 AVENUE 67 AVENUE,UNSAFE_CROSSWALK
Illegal Parking Blocked Crosswalk Street/Sidewalk 75-20 JAMAICA AVENUE JAMAICA AVENUE,UNSAFE_CROSSWALK
Illegal Parking Blocked Crosswalk Street/Sidewalk 70 NELSON STREET NELSON STREET,UNSAFE_CROSSWALK
Street Light Condition Street Light Out  63 DRIVE 63 DRIVE,POOR_LIGHTING
Street Light Condition Street Light Out  494 GOWER STREET GOWER STREET,POOR_LIGHTING
Street Light Condition Street Light Out  48-30 54 AVENUE 54 AVENUE,POOR_LIGHTING
Traffic Drag Racing Street/Sidewalk 1284 ROCKLAND AVENUE ROCKLAND AVENUE,SPEEDING
Street Light Condition Street Light Out  44-13 66 STREET 66 STREET,POOR_LIGHTING
Illegal Parking Blocked Crosswalk Street/Sidewalk 2130 DALY AVENUE DALY AVENUE,UNSAFE_CROSSWALK
Illegal Parking Blocked Crosswalk Street/Sidewalk 101 WEST 66 STREET WEST 66 STREET,UNSAFE_CROSSWALK
Illegal Parking Blocked Crosswalk Street/Sidewalk 152 WEST 54 STREET WEST 54 STREET,UNSAFE_CROSSWALK
Street Light Condition Street Light Lamp Dim  65-38 LAUREL HILL BOULEVARD LAUREL HILL BOULEVARD,POOR_LIGHTING
Street Sign - Missing Other/Unknown Street AVENUE I AVENUE I,MISSING_SIGNAGE
Street Light Condition Lamppost Leaning  491 EAST  162 STREET EAST  162 STREET,POOR_LIGHTING
Street Sign - Missing Stop Street 172 WEST 225 STREET WEST 225 STREET,MISSING_SIGNAGE
Street Light Condition Street Light Out  106-05 215 STREET 215 STREET,POOR_LIGHTING
Street Sign - Damaged Stop Street SEDGWICK AVENUE SEDGWICK AVENUE,MISSING_SIGNAGE
Street Light Condition Lamppost Wire Exposed  199 12 STREET 12 STREET,POOR_LIGHTING
Illegal Parking Blocked Crosswalk Street/Sidewalk 6424 4 AVENUE 4 AVENUE,UNSAFE_CROSSWALK
Illegal Parking Blocked Crosswalk Street/Sidewalk 67-80 BOOTH STREET BOOTH STREET,UNSAFE_CROSSWALK
Street Sign - Missing Stop Street BERRIMAN STREET BERRIMAN STREET,MISSING_SIGNAGE
Street Sign - Dangling St Name - Attached to Pole Street STANLEY AVENUE STANLEY AVENUE,MISSING_SIGNAGE
Street Sign - Damaged St Name - Attached to Pole Street JEROME STREET JEROME STREET,MISSING_SIGNAGE
Street Sign - Damaged Construction Street 88 EAST 2 STREET EAST 2 STREET,MISSING_SIGNAGE
"Street Sign - Damaged No Parking, Standing, Stopping Street 171 STREET 171 STREET",MISSING_SIGNAGE
"Street Sign - Dangling No Parking, Standing, Stopping Street 383 STANLEY AVENUE STANLEY AVENUE",MISSING_SIGNAGE
Street Sign - Damaged One Way Street PITKIN AVENUE PITKIN AVENUE,MISSING_SIGNAGE
Street Sign - Damaged Street Cleaning - ASP Street 838 JAMAICA AVENUE JAMAICA AVENUE,MISSING_SIGNAGE
Illegal Parking Blocked Crosswalk Street/Sidewalk 1619 WESTCHESTER AVENUE WESTCHESTER AVENUE,UNSAFE_CROSSWALK
Traffic Truck Route Violation Street/Sidewalk 1 AVENUE 1 AVENUE,OTHER
Illegal Parking Blocked Crosswalk Street/Sidewalk 25-38 ASTORIA BOULEVARD ASTORIA BOULEVARD,UNSAFE_CROSSWALK
Street Light Condition Lamppost Base Door/Cover Damaged  263 71 STREET 71 STREET,POOR_LIGHTING
Street Sign - Dangling Street Cleaning - ASP Street 17 WEST 32 STREET WEST 32 STREET,MISSING_SIGNAGE
Street Light Condition Glassware Hanging  SHORE ROAD PARK SHORE ROAD PARK,POOR_LIGHTING
Illegal Parking Blocked Crosswalk Street/Sidewalk 1658 PARK AVENUE PARK AVENUE,UNSAFE_CROSSWALK
Traffic Congestion/Gridlock Street/Sidewalk CANAL STREET CANAL STREET,OTHER
Street Sign - Missing Stop Street 214-10 34 AVENUE 34 AVENUE,MISSING_SIGNAGE
Illegal Parking Blocked Crosswalk Street/Sidewalk 6 EAST 96 STREET EAST 96 STREET,UNSAFE_CROSSWALK
Street Sign - Dangling Bus Stop Street 1111 FOSTER AVENUE FOSTER AVENUE,MISSING_SIGNAGE
Illegal Parking Blocked Crosswalk Street/Sidewalk 166 GRAND STREET GRAND STREET,UNSAFE_CROSSWALK
Traffic Congestion/Gridlock Street/Sidewalk OVERING STREET OVERING STREET,OTHER
Street Sign - Missing Other/Unknown Street 133 EAST 55 STREET EAST 55 STREET,MISSING_SIGNAGE
Illegal Parking Blocked Crosswalk Street/Sidewalk 33-51 73 STREET 73 STREET,UNSAFE_CROSSWALK
Illegal Parking Blocked Crosswalk Street/Sidewalk 1617 JEROME AVENUE JEROME AVENUE,UNSAFE_CROSSWALK
Street Light Condition Street Light Out  1560 PELHAM PARKWAY SOUTH PELHAM PARKWAY SOUTH,POOR_LIGHTING
Street Light Condition Street Light Out  92-06 25 AVENUE 25 AVENUE,POOR_LIGHTING
Street Light Condition Street Light Out  BELLA ABZUG PARK AND PLGD BELLA ABZUG PARK AND PLGD,POOR_LIGHTING
Illegal Parking Blocked Crosswalk Street/Sidewalk 71 CLINTON STREET CLINTON STREET,UNSAFE_CROSSWALK
Street Sign - Damaged Other/Unknown Street 84-10 101 STREET 101 STREET,MISSING_SIGNAGE
Illegal Parking Blocked Crosswalk Street/Sidewalk 140 SUFFOLK STREET SUFFOLK STREET,UNSAFE_CROSSWALK
Illegal Parking Blocked Crosswalk Street/Sidewalk 51 CLARKSON STREET CLARKSON STREET,UNSAFE_CROSSWALK
Street Light Condition Street Light Dayburning  45 GRISWOLD COURT GRISWOLD COURT,POOR_LIGHTING
Street Sign - Damaged Other/Unknown Street 1500 LEXINGTON AVENUE LEXINGTON AVENUE,MISSING_SIGNAGE
Street Light Condition Street Light Out  55 GRISWOLD COURT GRISWOLD COURT,POOR_LIGHTING
Street Light Condition Flood Light Lamp Out  434 SACKETT STREET SACKETT STREET,POOR_LIGHTING
Street Sign - Dangling Other/Unknown Street 50 AVENUE 50 AVENUE,MISSING_SIGNAGE
Street Light Condition Lamppost Damaged  5102 5 AVENUE 5 AVENUE,POOR_LIGHTING
Street Light Condition Lamppost Base Door/Cover Open  RIVERSIDE DR PARKS RIVERSIDE DR PARKS,POOR_LIGHTING
Street Light Condition Lamppost Wire Exposed  4814 5 AVENUE 5 AVENUE,POOR_LIGHTING
Street Light Condition Lamppost Damaged  11-55 BRUNSWICK AVENUE BRUNSWICK AVENUE,POOR_LIGHTING
Illegal Parking Blocked Crosswalk Street/Sidewalk 1043 2 AVENUE 2 AVENUE,UNSAFE_CROSSWALK
Street Light Condition Lamppost Damaged  4902 5 AVENUE 5 AVENUE,POOR_LIGHTING
Street Light Condition Street Light Out  34 HILLCREST AVENUE HILLCREST AVENUE,POOR_LIGHTING
"Street Sign - Damaged No Parking, Standing, Stopping Street 677 11 AVENUE 11 AVENUE",MISSING_SIGNAGE
Street Light Condition Street Light Out  8949 BAY PARKWAY BAY PARKWAY,POOR_LIGHTING
"Street Sign - Dangling No Parking, Standing, Stopping Street 427 39 STREET 39 STREET",MISSING_SIGNAGE
Traffic Congestion/Gridlock Street/Sidewalk ROSEDALE AVENUE ROSEDALE AVENUE,OTHER
Illegal Parking Blocked Crosswalk Street/Sidewalk 101 WEST 78 STREET WEST 78 STREET,UNSAFE_CROSSWALK
Illegal Parking Blocked Crosswalk Street/Sidewalk 2000 HERMANY AVENUE HERMANY AVENUE,UNSAFE_CROSSWALK
Illegal Parking Blocked Crosswalk Street/Sidewalk EAST 237 STREET EAST 237 STREET,UNSAFE_CROSSWALK
Street Light Condition Street Light Out  188-11 DORMANS ROAD DORMANS ROAD,POOR_LIGHTING
Street Sign - Missing St Name - Attached to Pole Street DELANCEY STREET DELANCEY STREET,MISSING_SIGNAGE
Street Light Condition Street Light Out  162 LACONIA AVENUE LACONIA AVENUE,POOR_LIGHTING
Illegal Parking Blocked Crosswalk Street/Sidewalk 142-02 FRANKLIN AVENUE FRANKLIN AVENUE,UNSAFE_CROSSWALK
Street Light Condition Lamppost Base Door/Cover Damaged  4711 5 AVENUE 5 AVENUE,POOR_LIGHTING
Street Sign - Dangling Other/Unknown Street 56-17 188 STREET 188 STREET,MISSING_SIGNAGE
"Street Sign - Damaged No Parking, Standing, Stopping Street 3875 WALDO AVENUE WALDO AVENUE",MISSING_SIGNAGE
Street Sign - Dangling Speed Limit Street 2965 AVENUE Z AVENUE Z,MISSING_SIGNAGE
Street Light Condition Lamppost Damaged  4602 5 AVENUE 5 AVENUE,POOR_LIGHTING
Traffic Congestion/Gridlock Street/Sidewalk EAST 61 STREET EAST 61 STREET,OTHER
Traffic Congestion/Gridlock Street/Sidewalk FORT WASHINGTON AVENUE FORT WASHINGTON AVENUE,OTHER
Street Light Condition Fire Globe Missing  4513 5 AVENUE 5 AVENUE,POOR_LIGHTING
Street Sign - Damaged School Crossing Street 113-07 86 AVENUE 86 AVENUE,MISSING_SIGNAGE
Street Light Condition Street Light Out  573 WASHINGTON STREET WASHINGTON STREET,POOR_LIGHTING
Street Light Condition Street Light Out  31-010 SEAGIRT AVENUE SEAGIRT AVENUE,POOR_LIGHTING
Illegal Parking Blocked Crosswalk Street/Sidewalk 110 WILLIAM STREET WILLIAM STREET,UNSAFE_CROSSWALK
Street Light Condition Lamppost Damaged  4425 5 AVENUE 5 AVENUE,POOR_LIGHTING
Street Sign - Damaged St Name - Attached to Pole Street 970 CARLTON BOULEVARD CARLTON BOULEVARD,MISSING_SIGNAGE
Street Sign - Damaged One Way Street 139-08 111 AVENUE 111 AVENUE,MISSING_SIGNAGE
Street Light Condition Lamppost Base Door/Cover Damaged  4320 5 AVENUE 5 AVENUE,POOR_LIGHTING
Illegal Parking Blocked Crosswalk Street/Sidewalk 182-11 150 ROAD 150 ROAD,UNSAFE_CROSSWALK
Street Sign - Missing Other/Unknown Street 48-48 19 AVENUE 19 AVENUE,MISSING_SIGNAGE
Street Light Condition Street Light Out  404 BEACH   48 STREET BEACH   48 STREET,POOR_LIGHTING
Street Light Condition Lamppost Base Door/Cover Open  4202 5 AVENUE 5 AVENUE,POOR_LIGHTING
Street Light Condition Lamppost Base Door/Cover Damaged  4102 5 AVENUE 5 AVENUE,POOR_LIGHTING
Illegal Parking Blocked Crosswalk Street/Sidewalk 41-15 51 STREET 51 STREET,UNSAFE_CROSSWALK
Illegal Parking Blocked Crosswalk Street/Sidewalk 21-07 BORDEN AVENUE BORDEN AVENUE,UNSAFE_CROSSWALK
Street Light Condition Lamppost Base Door/Cover Open  39 STREET 39 STREET,POOR_LIGHTING
Illegal Parking Blocked Crosswalk Street/Sidewalk 1908 NEPTUNE AVENUE NEPTUNE AVENUE,UNSAFE_CROSSWALK
Street Light Condition Street Light Out  122-50 SPRINGFIELD BOULEVARD SPRINGFIELD BOULEVARD,POOR_LIGHTING
Street Light Condition Lamppost Base Door/Cover Missing  RIVERSIDE DR PARKS RIVERSIDE DR PARKS,POOR_LIGHTING
Street Light Condition Street Light Out  421 MONTREAL AVENUE MONTREAL AVENUE,POOR_LIGHTING
Illegal Parking Blocked Crosswalk Street/Sidewalk 34-01 31 STREET 31 STREET,UNSAFE_CROSSWALK
Street Light Condition Lamppost Base Door/Cover Open  495 CITY ISLAND AVENUE CITY ISLAND AVENUE,POOR_LIGHTING
Street Sign - Missing Other/Unknown Street 724 CONEY ISLAND AVENUE CONEY ISLAND AVENUE,MISSING_SIGNAGE
Street Light Condition Street Light Out  2170 TIEBOUT AVENUE TIEBOUT AVENUE,POOR_LIGHTING
Illegal Parking Blocked Crosswalk Street/Sidewalk JOHNSON STREET JOHNSON STREET,UNSAFE_CROSSWALK
Illegal Parking Blocked Crosswalk Street/Sidewalk 1445 1 AVENUE 1 AVENUE,UNSAFE_CROSSWALK
Illegal Parking Blocked Crosswalk Street/Sidewalk 825 WALTON AVENUE WALTON AVENUE,UNSAFE_CROSSWALK
Traffic Congestion/Gridlock Street/Sidewalk 3 AVENUE 3 AVENUE,OTHER
Street Light Condition Multiple St Lts Dayburning  DR GERTRUDE B KELLY PLGD DR GERTRUDE B KELLY PLGD,POOR_LIGHTING
Street Light Condition Lamppost Base Door/Cover Missing  FORT WASHINGTON PARK FORT WASHINGTON PARK,POOR_LIGHTING
Street Light Condition Fixture/Luminaire Hanging  HUDSON RIVER HUDSON RIVER,POOR_LIGHTING
Street Sign - Damaged Stop Street 87-01 57 AVENUE 57 AVENUE,MISSING_SIGNAGE
Street Light Condition Multiple Street Lights Out  CHERRY CLINTON PLGD CHERRY CLINTON PLGD,POOR_LIGHTING
Street Sign - Damaged Stop Street LEFFERTS BOULEVARD LEFFERTS BOULEVARD,MISSING_SIGNAGE
Street Sign - Damaged Stop Street 47-14 92 STREET 92 STREET,MISSING_SIGNAGE
Traffic Drag Racing Street/Sidewalk K AVENUE K AVENUE,SPEEDING
Street Light Condition Multiple Street Lights Out  6820 15 AVENUE 15 AVENUE,POOR_LIGHTING
Street Sign - Damaged Stop Street 41-49 BENHAM STREET BENHAM STREET,MISSING_SIGNAGE
Street Sign - Missing Other/Unknown Street 200 MONTAGUE STREET MONTAGUE STREET,MISSING_SIGNAGE
"Street Sign - Missing No Parking, Standing, Stopping Street 187 WOOLLEY AVENUE WOOLLEY AVENUE",MISSING_SIGNAGE
Street Sign - Damaged Stop Street 43-42 147 STREET 147 STREET,MISSING_SIGNAGE
Illegal Parking Blocked Crosswalk Street/Sidewalk 1361 AMSTERDAM AVENUE AMSTERDAM AVENUE,UNSAFE_CROSSWALK
Street Sign - Damaged Speed Limit Street 1776 BROADWAY BROADWAY,MISSING_SIGNAGE
Street Sign - Dangling Stop Street INDEPENDENCE AVENUE INDEPENDENCE AVENUE,MISSING_SIGNAGE
Illegal Parking Blocked Crosswalk Street/Sidewalk 59 BERGLUND AVENUE BERGLUND AVENUE,UNSAFE_CROSSWALK
Illegal Parking Blocked Crosswalk Street/Sidewalk 57 PEARL STREET PEARL STREET,UNSAFE_CROSSWALK
Street Light Condition Street Light Out  1766 WEST    5 STREET WEST    5 STREET,POOR_LIGHTING
Street Light Condition Street Light Out  89-25 96 STREET 96 STREET,POOR_LIGHTING
Street Light Condition Street Light Out  3104 WILKINSON AVENUE WILKINSON AVENUE,POOR_LIGHTING
Illegal Parking Blocked Crosswalk Street/Sidewalk 25 WEST 3 STREET WEST 3 STREET,UNSAFE_CROSSWALK
"Street Sign - Damaged No Parking, Standing, Stopping Street 17 WEST 32 STREET WEST 32 STREET",MISSING_SIGNAGE
Street Sign - Damaged Other/Unknown Street 37-65 74 STREET 74 STREET,MISSING_SIGNAGE
Street Sign - Damaged One Way Street 41-23 156 STREET 156 STREET,MISSING_SIGNAGE
Street Light Condition Street Light Out  156-20 RIVERSIDE DRIVE RIVERSIDE DRIVE,POOR_LIGHTING
Street Sign - Damaged Other/Unknown Street 75 9 AVENUE 9 AVENUE,MISSING_SIGNAGE
Illegal Parking Blocked Crosswalk Street/Sidewalk 32-01 75 STREET 75 STREET,UNSAFE_CROSSWALK
"Street Sign - Damaged No Parking, Standing, Stopping Street 1530 GRANVILLE PAYNE AVENUE GRANVILLE PAYNE AVENUE",MISSING_SIGNAGE
Illegal Parking Blocked Crosswalk Street/Sidewalk 1761 WALTON AVENUE WALTON AVENUE,UNSAFE_CROSSWALK
Street Sign - Missing St Name - Attached to Pole Street CLINTON STREET CLINTON STREET,MISSING_SIGNAGE
Illegal Parking Blocked Crosswalk Street/Sidewalk 1614 AVENUE S AVENUE S,UNSAFE_CROSSWALK
Street Light Condition Street Light Out  85-26 149 AVENUE 149 AVENUE,POOR_LIGHTING
Street Light Condition Street Light Out  2266 RICHMOND ROAD RICHMOND ROAD,POOR_LIGHTING
Street Light Condition Street Light Out  157 4 CORNERS RD 4 CORNERS RD,POOR_LIGHTING
Street Sign - Missing Bus Stop Street 10 AVENUE 10 AVENUE,MISSING_SIGNAGE
Illegal Parking Blocked Crosswalk Street/Sidewalk 160-15 POWELLS COVE BOULEVARD POWELLS COVE BOULEVARD,UNSAFE_CROSSWALK
Street Light Condition Street Light Out  975 TIFFANY STREET TIFFANY STREET,POOR_LIGHTING
Street Light Condition Street Light Lamp Dim  119-11 166 STREET 166 STREET,POOR_LIGHTING
Illegal Parking Blocked Crosswalk Street/Sidewalk 42-70 156 STREET 156 STREET,UNSAFE_CROSSWALK
Street Light Condition Lamppost Missing  5549 WHITTY LANE WHITTY LANE,POOR_LIGHTING
Street Sign - Damaged Stop Street 144-72 28 AVENUE 28 AVENUE,MISSING_SIGNAGE
Street Sign - Damaged St Name - Attached to Pole Street 33-02 SKILLMAN AVENUE SKILLMAN AVENUE,MISSING_SIGNAGE
Street Sign - Damaged St Name - Attached to Pole Street 39-06 30 STREET 30 STREET,MISSING_SIGNAGE
Illegal Parking Blocked Crosswalk Street/Sidewalk 140 RIVERSIDE DRIVE RIVERSIDE DRIVE,UNSAFE_CROSSWALK
Street Light Condition Street Light Out  67-48 197 STREET 197 STREET,POOR_LIGHTING
Illegal Parking Blocked Crosswalk Street/Sidewalk 60 BEDFORD STREET BEDFORD STREET,UNSAFE_CROSSWALK
"Street Sign - Damaged No Parking, Standing, Stopping Street 166 EAST 96 STREET EAST 96 STREET",MISSING_SIGNAGE
"Street Sign - Dangling No Parking, Standing, Stopping Street 515 WEST 20 STREET WEST 20 STREET",MISSING_SIGNAGE
Illegal Parking Blocked Crosswalk Street/Sidewalk 3140 GODWIN TERRACE GODWIN TERRACE,UNSAFE_CROSSWALK
Illegal Parking Blocked Crosswalk Street/Sidewalk 616 CLASSON AVENUE CLASSON AVENUE,UNSAFE_CROSSWALK
Street Light Condition Street Light Out  220 ASHWORTH AVENUE ASHWORTH AVENUE,POOR_LIGHTING
Street Sign - Dangling Other/Unknown Street 1001 PELHAM PARKWAY NORTH PELHAM PARKWAY NORTH,MISSING_SIGNAGE
Street Sign - Dangling Stop Street 2601 HENRY HUDSON PARKWAY HENRY HUDSON PARKWAY,MISSING_SIGNAGE
Street Sign - Damaged Stop Street PLATT STREET PLATT STREET,MISSING_SIGNAGE
Illegal Parking Blocked Crosswalk Street/Sidewalk 63-93 WOODHAVEN BOULEVARD WOODHAVEN BOULEVARD,UNSAFE_CROSSWALK
Street Sign - Damaged Stop Street 27-17 39 AVENUE 39 AVENUE,MISSING_SIGNAGE
Street Light Condition Street Light Out  1146 EAST   99 STREET EAST   99 STREET,POOR_LIGHTING
Traffic Congestion/Gridlock Street/Sidewalk DITMAS AVENUE DITMAS AVENUE,OTHER
Street Sign - Dangling Other/Unknown Street 44-02 11 STREET 11 STREET,MISSING_SIGNAGE
Illegal Parking Blocked Crosswalk Street/Sidewalk 82-15 ABINGDON ROAD ABINGDON ROAD,UNSAFE_CROSSWALK
Street Sign - Dangling St Name - Attached to Pole Street BEACH 80 STREET BEACH 80 STREET,MISSING_SIGNAGE
Illegal Parking Blocked Crosswalk Street/Sidewalk 417 WEST 35 STREET WEST 35 STREET,UNSAFE_CROSSWALK
Street Sign - Damaged Other/Unknown Street 82-02 168 STREET 168 STREET,MISSING_SIGNAGE
Street Sign - Missing Stop Street 11 STREET 11 STREET,MISSING_SIGNAGE
Illegal Parking Blocked Crosswalk Street/Sidewalk 149 PLACE 149 PLACE,UNSAFE_CROSSWALK
Street Sign - Damaged Stop Street 600 EAST 222 STREET EAST 222 STREET,MISSING_SIGNAGE
Illegal Parking Blocked Crosswalk Street/Sidewalk 6504 AVENUE N AVENUE N,UNSAFE_CROSSWALK
Traffic Congestion/Gridlock Street/Sidewalk 140 STREET 140 STREET,OTHER
Street Sign - Damaged One Way Street 43-40 11 STREET 11 STREET,MISSING_SIGNAGE
Street Sign - Damaged St Name - Attached to Pole Street 11-02 43 ROAD 43 ROAD,MISSING_SIGNAGE
Street Light Condition Street Light Out  90-01 ASTORIA BOULEVARD ASTORIA BOULEVARD,POOR_LIGHTING
Street Sign - Missing Stop Street EASTERN PARKWAY EASTERN PARKWAY,MISSING_SIGNAGE
Traffic Chronic Stoplight Violation Street/Sidewalk LITTLE CLOVE ROAD LITTLE CLOVE ROAD,MISSING_SIGNAGE
Illegal Parking Blocked Crosswalk Street/Sidewalk 1501 JEROME AVENUE JEROME AVENUE,UNSAFE_CROSSWALK
Traffic Chronic Stoplight Violation Street/Sidewalk LABAU AVENUE LABAU AVENUE,MISSING_SIGNAGE
Street Light Condition Multiple Street Lights Out  SCHLEY AVE SCHLEY AVE,POOR_LIGHTING
Street Light Condition Street Light Out  3123 BAILEY AVENUE BAILEY AVENUE,POOR_LIGHTING
Illegal Parking Blocked Crosswalk Street/Sidewalk 2898 EAST 196 STREET EAST 196 STREET,UNSAFE_CROSSWALK
Street Sign - Damaged Other/Unknown Street 2400 SEDGWICK AVENUE SEDGWICK AVENUE,MISSING_SIGNAGE
Illegal Parking Blocked Crosswalk Street/Sidewalk 3047 EMMONS AVENUE EMMONS AVENUE,UNSAFE_CROSSWALK
Street Sign - Damaged Stop Street 2601 HENRY HUDSON PARKWAY WEST HENRY HUDSON PARKWAY WEST,MISSING_SIGNAGE
Street Sign - Dangling Stop Street 85 PARKVILLE AVENUE PARKVILLE AVENUE,MISSING_SIGNAGE
Street Sign - Dangling One Way Street 845 SETON PLACE SETON PLACE,MISSING_SIGNAGE
Illegal Parking Blocked Crosswalk Street/Sidewalk 50 EAST 237 STREET EAST 237 STREET,UNSAFE_CROSSWALK
Street Sign - Damaged St Name - Attached to Pole Street 68-38 65 STREET 65 STREET,MISSING_SIGNAGE
Street Sign - Dangling Other/Unknown Street 68-38 65 STREET 65 STREET,MISSING_SIGNAGE
"Street Sign - Missing No Parking, Standing, Stopping Street PROSPECT AVENUE PROSPECT AVENUE",MISSING_SIGNAGE
Illegal Parking Blocked Crosswalk Street/Sidewalk 21-59 78 STREET 78 STREET,UNSAFE_CROSSWALK
Street Sign - Missing St Name - Attached to Pole Street BAY PARKWAY BAY PARKWAY,MISSING_SIGNAGE
Illegal Parking Blocked Crosswalk Street/Sidewalk 258 BUFFALO AVENUE BUFFALO AVENUE,UNSAFE_CROSSWALK
Street Sign - Damaged Stop Street AVENUE N AVENUE N,MISSING_SIGNAGE
Street Light Condition Street Light Out  159 HAWKINS STREET HAWKINS STREET,POOR_LIGHTING
Street Light Condition Street Light Out  103 BAY STREET BAY STREET,POOR_LIGHTING
Illegal Parking Blocked Crosswalk Street/Sidewalk 3443 MC OWEN AVENUE MC OWEN AVENUE,UNSAFE_CROSSWALK
Street Sign - Dangling Stop Street 65-03 COOPER AVENUE COOPER AVENUE,MISSING_SIGNAGE
Street Light Condition Street Light Out  72-47 CALAMUS AVENUE CALAMUS AVENUE,POOR_LIGHTING
Illegal Parking Blocked Crosswalk Street/Sidewalk 290 EAST 201 STREET EAST 201 STREET,UNSAFE_CROSSWALK
Illegal Parking Blocked Crosswalk Street/Sidewalk 221 STREET 221 STREET,UNSAFE_CROSSWALK
Illegal Parking Blocked Crosswalk Street/Sidewalk SAMPSON AVENUE SAMPSON AVENUE,UNSAFE_CROSSWALK
Illegal Parking Blocked Crosswalk Street/Sidewalk 730 EAST 166 STREET EAST 166 STREET,UNSAFE_CROSSWALK
Street Light Condition Street Light Out  172 LEVERETT AVENUE LEVERETT AVENUE,POOR_LIGHTING
Traffic Drag Racing Street/Sidewalk 97 QUINTARD STREET QUINTARD STREET,SPEEDING
Street Light Condition Street Light Out  311 DIXON AVENUE DIXON AVENUE,POOR_LIGHTING
Street Light Condition Lamppost Wire Exposed  356 PINE STREET PINE STREET,POOR_LIGHTING
Illegal Parking Blocked Crosswalk Street/Sidewalk 1122 84 STREET 84 STREET,UNSAFE_CROSSWALK
Illegal Parking Blocked Crosswalk Street/Sidewalk 800 AVENUE H AVENUE H,UNSAFE_CROSSWALK
"Street Sign - Missing No Parking, Standing, Stopping Street 92 MANHATTAN AVENUE MANHATTAN AVENUE",MISSING_SIGNAGE
Illegal Parking Blocked Crosswalk Street/Sidewalk 22-01 29 STREET 29 STREET,UNSAFE_CROSSWALK
Street Light Condition Street Light Out  HENDERSON AVENUE HENDERSON AVENUE,POOR_LIGHTING
Traffic Congestion/Gridlock Street/Sidewalk 696 2 AVENUE 2 AVENUE,OTHER
Traffic Congestion/Gridlock Street/Sidewalk 31 STREET 31 STREET,OTHER
Street Light Condition Street Light Out  1650 ALLERTON AVENUE ALLERTON AVENUE,POOR_LIGHTING
Street Light Condition Street Light Out  LINCOLN AVENUE LINCOLN AVENUE,POOR_LIGHTING
Illegal Parking Blocked Crosswalk Street/Sidewalk 831 GERARD AVENUE GERARD AVENUE,UNSAFE_CROSSWALK
Street Light Condition Street Light Out  79-15 149 AVENUE 149 AVENUE,POOR_LIGHTING
"Street Sign - Damaged No Parking, Standing, Stopping Street 86-18 76 STREET 76 STREET",MISSING_SIGNAGE
Street Light Condition Street Light Out  31-14 DITMARS BOULEVARD DITMARS BOULEVARD,POOR_LIGHTING
Street Sign - Damaged Other/Unknown Street 4077 BOSTON ROAD BOSTON ROAD,MISSING_SIGNAGE
Illegal Parking Blocked Crosswalk Street/Sidewalk 525 EAST 72 STREET EAST 72 STREET,UNSAFE_CROSSWALK
Street Light Condition Street Light Out  CROSS BRONX EXPY CROSS BRONX EXPY,POOR_LIGHTING
Illegal Parking Blocked Crosswalk Street/Sidewalk 11-33 WELLING COURT WELLING COURT,UNSAFE_CROSSWALK
Street Light Condition Street Light Out  1590 CASTLETON AVENUE CASTLETON AVENUE,POOR_LIGHTING
Illegal Parking Blocked Crosswalk Street/Sidewalk 141-02 78 ROAD 78 ROAD,UNSAFE_CROSSWALK
Street Light Condition Street Light Out  243 BOERUM STREET BOERUM STREET,POOR_LIGHTING
Illegal Parking Blocked Crosswalk Street/Sidewalk 70 STREET 70 STREET,UNSAFE_CROSSWALK
Street Light Condition Street Light Out  446 WEST  258 STREET WEST  258 STREET,POOR_LIGHTING
Street Light Condition Street Light Out  84-17 DORAN AVENUE DORAN AVENUE,POOR_LIGHTING
Street Light Condition Street Light Out  11 WILSON AVENUE WILSON AVENUE,POOR_LIGHTING
Street Light Condition Street Light Out  10557 AVENUE M AVENUE M,POOR_LIGHTING
Street Sign - Missing Bus Stop Street 10-42 JACKSON AVENUE JACKSON AVENUE,MISSING_SIGNAGE
Illegal Parking Blocked Crosswalk Street/Sidewalk 725 70 STREET 70 STREET,UNSAFE_CROSSWALK
Illegal Parking Blocked Crosswalk Street/Sidewalk 90 CARROLL STREET CARROLL STREET,UNSAFE_CROSSWALK
Illegal Parking Blocked Crosswalk Street/Sidewalk 7323 15 AVENUE 15 AVENUE,UNSAFE_CROSSWALK
Street Light Condition Street Light Out  -999 CLINTON ST CLINTON ST,POOR_LIGHTING
Street Light Condition Street Light Out  199-16 HILLSIDE AVENUE HILLSIDE AVENUE,POOR_LIGHTING
Illegal Parking Blocked Crosswalk Street/Sidewalk 1598 FLATBUSH AVENUE FLATBUSH AVENUE,UNSAFE_CROSSWALK
Illegal Parking Blocked Crosswalk Street/Sidewalk 908 SETON PLACE SETON PLACE,UNSAFE_CROSSWALK
Illegal Parking Blocked Crosswalk Street/Sidewalk 74-27 JAMAICA AVENUE JAMAICA AVENUE,UNSAFE_CROSSWALK
Street Sign - Damaged Other/Unknown Street 83-31 267 STREET 267 STREET,MISSING_SIGNAGE
Street Sign - Dangling Stop Street HENRY HUDSON PARKWAY WEST HENRY HUDSON PARKWAY WEST,MISSING_SIGNAGE
Illegal Parking Blocked Crosswalk Street/Sidewalk 2285 64 STREET 64 STREET,UNSAFE_CROSSWALK
Street Light Condition Street Light Out  952 PUTNAM AVENUE PUTNAM AVENUE,POOR_LIGHTING
Illegal Parking Blocked Crosswalk Street/Sidewalk 85-40 AUSTIN STREET AUSTIN STREET,UNSAFE_CROSSWALK
Street Sign - Missing Stop Street 414 WALTON AVENUE WALTON AVENUE,MISSING_SIGNAGE
Street Light Condition Street Light Out  867 METROPOLITAN AVENUE METROPOLITAN AVENUE,POOR_LIGHTING
Illegal Parking Blocked Crosswalk Street/Sidewalk CADMAN PLAZA EAST CADMAN PLAZA EAST,UNSAFE_CROSSWALK
Illegal Parking Blocked Crosswalk Street/Sidewalk 4580 BROADWAY BROADWAY,UNSAFE_CROSSWALK
Illegal Parking Blocked Crosswalk Street/Sidewalk 391 PACIFIC STREET PACIFIC STREET,UNSAFE_CROSSWALK
Illegal Parking Blocked Crosswalk Street/Sidewalk 50-05 43 AVENUE 43 AVENUE,UNSAFE_CROSSWALK
Street Sign - Missing Honorary Street 1490 GRANADA PLACE GRANADA PLACE,MISSING_SIGNAGE
"Street Sign - Dangling No Parking, Standing, Stopping Street 17 WEST 32 STREET WEST 32 STREET",MISSING_SIGNAGE
Illegal Parking Blocked Crosswalk Street/Sidewalk 457 7 AVENUE 7 AVENUE,UNSAFE_CROSSWALK
Illegal Parking Blocked Crosswalk Street/Sidewalk 354 15 STREET 15 STREET,UNSAFE_CROSSWALK
Traffic Chronic Speeding Street/Sidewalk 185 CANAL STREET CANAL STREET,SPEEDING
Street Light Condition Lamppost Base Door/Cover Missing  116 SUMPTER STREET SUMPTER STREET,POOR_LIGHTING
Street Light Condition Street Light Out  143-66 226 STREET 226 STREET,POOR_LIGHTING
"Street Sign - Damaged No Parking, Standing, Stopping Street 226 BEACH 129 STREET BEACH 129 STREET",MISSING_SIGNAGE
Street Light Condition Street Light Out  2400 LORILLARD PLACE LORILLARD PLACE,POOR_LIGHTING
"Street Sign - Damaged No Parking, Standing, Stopping Street 1074 SUMMIT AVENUE SUMMIT AVENUE",MISSING_SIGNAGE
Illegal Parking Blocked Crosswalk Street/Sidewalk 458 CYRUS PLACE CYRUS PLACE,UNSAFE_CROSSWALK
Illegal Parking Blocked Crosswalk Street/Sidewalk 4557 3 AVENUE 3 AVENUE,UNSAFE_CROSSWALK
Street Light Condition Street Light Out  143-49 38 AVENUE 38 AVENUE,POOR_LIGHTING
Illegal Parking Blocked Crosswalk Street/Sidewalk CLERMONT AVENUE CLERMONT AVENUE,UNSAFE_CROSSWALK
Street Sign - Missing Street Cleaning - ASP Street 12 EAST TREMONT AVENUE EAST TREMONT AVENUE,MISSING_SIGNAGE
Street Sign - Damaged Stop Street 311 WEST 103 STREET WEST 103 STREET,MISSING_SIGNAGE
"Street Sign - Damaged No Parking, Standing, Stopping Street 130-08 101 AVENUE 101 AVENUE",MISSING_SIGNAGE
Illegal Parking Blocked Crosswalk Street/Sidewalk 1212 GRANT AVENUE GRANT AVENUE,UNSAFE_CROSSWALK
Street Light Condition Street Light Out  750 EAST   52 STREET EAST   52 STREET,POOR_LIGHTING
Illegal Parking Blocked Crosswalk Street/Sidewalk WASHINGTON AVENUE WASHINGTON AVENUE,UNSAFE_CROSSWALK
Street Sign - Damaged St Name - Attached to Pole Street 119-48 SUTPHIN BOULEVARD SUTPHIN BOULEVARD,MISSING_SIGNAGE
"Street Sign - Dangling No Parking, Standing, Stopping Street 1376 METROPOLITAN AVENUE METROPOLITAN AVENUE",MISSING_SIGNAGE
Illegal Parking Blocked Crosswalk Street/Sidewalk 209 BOWERY BOWERY,UNSAFE_CROSSWALK
Illegal Parking Blocked Crosswalk Street/Sidewalk 2510 65 STREET 65 STREET,UNSAFE_CROSSWALK
"Street Sign - Missing No Parking, Standing, Stopping Street 975 NOSTRAND AVENUE NOSTRAND AVENUE",MISSING_SIGNAGE
Traffic Congestion/Gridlock Street/Sidewalk AVENUE S AVENUE S,OTHER
Street Light Condition Street Light Out  5915 HUXLEY AVENUE HUXLEY AVENUE,POOR_LIGHTING
Street Light Condition Lamppost Damaged  867 RIVERSIDE DRIVE RIVERSIDE DRIVE,POOR_LIGHTING
Traffic Drag Racing Street/Sidewalk COLONIAL ROAD COLONIAL ROAD,SPEEDING
Street Light Condition Lamppost Damaged  835 RIVERSIDE DRIVE RIVERSIDE DRIVE,POOR_LIGHTING
Illegal Parking Blocked Crosswalk Street/Sidewalk 7301 11 AVENUE 11 AVENUE,UNSAFE_CROSSWALK
Street Sign - Dangling Other/Unknown Street 95 WAINWRIGHT AVENUE WAINWRIGHT AVENUE,MISSING_SIGNAGE
Street Light Condition Lamppost Damaged  330 WEST   85 STREET WEST   85 STREET,POOR_LIGHTING
Traffic Congestion/Gridlock Street/Sidewalk 13 AVENUE 13 AVENUE,OTHER
Illegal Parking Blocked Crosswalk Street/Sidewalk 728 FULTON STREET FULTON STREET,UNSAFE_CROSSWALK
Traffic Congestion/Gridlock Street/Sidewalk 1500 OLMSTEAD AVENUE OLMSTEAD AVENUE,OTHER
Street Sign - Missing Other/Unknown Street 362 UNION AVENUE UNION AVENUE,MISSING_SIGNAGE
Illegal Parking Blocked Crosswalk Street/Sidewalk 181 NORTH 11 STREET NORTH 11 STREET,UNSAFE_CROSSWALK
Street Light Condition Street Light Out  744 PORT RICHMOND AVENUE PORT RICHMOND AVENUE,POOR_LIGHTING
Street Light Condition Street Light Out  750 PORT RICHMOND AVENUE PORT RICHMOND AVENUE,POOR_LIGHTING
Street Light Condition Street Light Out  297 PORT RICHMOND AVENUE PORT RICHMOND AVENUE,POOR_LIGHTING
Street Light Condition Street Light Out  294 PORT RICHMOND AVENUE PORT RICHMOND AVENUE,POOR_LIGHTING
Street Light Condition Street Light Out  260 PORT RICHMOND AVENUE PORT RICHMOND AVENUE,POOR_LIGHTING
Street Light Condition Street Light Out  251 PORT RICHMOND AVENUE PORT RICHMOND AVENUE,POOR_LIGHTING
Street Light Condition Street Light Out  232 PORT RICHMOND AVENUE PORT RICHMOND AVENUE,POOR_LIGHTING
Street Light Condition Street Light Out  235 PORT RICHMOND AVENUE PORT RICHMOND AVENUE,POOR_LIGHTING
Street Light Condition Street Light Out  201 PORT RICHMOND AVENUE PORT RICHMOND AVENUE,POOR_LIGHTING
Street Light Condition Street Light Out  133 PORT RICHMOND AVENUE PORT RICHMOND AVENUE,POOR_LIGHTING
Street Light Condition Street Light Out  155 PORT RICHMOND AVENUE PORT RICHMOND AVENUE,POOR_LIGHTING
Street Light Condition Multiple Street Lights Out  1830 FOREST HILL ROAD FOREST HILL ROAD,POOR_LIGHTING
Street Sign - Dangling St Name - Attached to Pole Street VAN CORTLANDT AVENUE WEST VAN CORTLANDT AVENUE WEST,MISSING_SIGNAGE
Traffic Drag Racing Street/Sidewalk 121-14 195 STREET 195 STREET,SPEEDING
Illegal Parking Blocked Crosswalk Street/Sidewalk 75-70 113 STREET 113 STREET,UNSAFE_CROSSWALK
Illegal Parking Blocked Crosswalk Street/Sidewalk 243 MT EDEN PARKWAY MT EDEN PARKWAY,UNSAFE_CROSSWALK
"Street Sign - Damaged No Parking, Standing, Stopping Street 251 SEELEY STREET SEELEY STREET",MISSING_SIGNAGE
Illegal Parking Blocked Crosswalk Street/Sidewalk 48 AVENUE 48 AVENUE,UNSAFE_CROSSWALK
Illegal Parking Blocked Crosswalk Street/Sidewalk 170 CLAREMONT AVENUE CLAREMONT AVENUE,UNSAFE_CROSSWALK
Illegal Parking Blocked Crosswalk Street/Sidewalk 2002 EAST 18 STREET EAST 18 STREET,UNSAFE_CROSSWALK
Street Light Condition Lamppost Knocked Down  WHITESTONE EXPY WHITESTONE EXPY,POOR_LIGHTING
Street Light Condition Street Light Lamp Missing  244-22 HORACE HARDING EXPRESSWAY HORACE HARDING EXPRESSWAY,POOR_LIGHTING
Street Sign - Damaged Bus Stop Street FORT WASHINGTON AVENUE FORT WASHINGTON AVENUE,MISSING_SIGNAGE
Illegal Parking Blocked Crosswalk Street/Sidewalk 625 ATLANTIC AVENUE ATLANTIC AVENUE,UNSAFE_CROSSWALK
Illegal Parking Blocked Crosswalk Street/Sidewalk 112 BROADWAY BROADWAY,UNSAFE_CROSSWALK
Traffic Chronic Speeding Street/Sidewalk CITY ISLAND AVENUE CITY ISLAND AVENUE,SPEEDING
Illegal Parking Blocked Crosswalk Street/Sidewalk 1626 FOSTER AVENUE FOSTER AVENUE,UNSAFE_CROSSWALK
Illegal Parking Blocked Crosswalk Street/Sidewalk 112 BOND STREET BOND STREET,UNSAFE_CROSSWALK
Street Sign - Missing Other/Unknown Street 981 MADISON AVENUE MADISON AVENUE,MISSING_SIGNAGE
"Street Sign - Damaged No Parking, Standing, Stopping Street 10-02 41 ROAD 41 ROAD",MISSING_SIGNAGE
Illegal Parking Blocked Crosswalk Street/Sidewalk 1669 RALPH AVENUE RALPH AVENUE,UNSAFE_CROSSWALK
Street Light Condition Street Light Out  403 BEACH   27 STREET BEACH   27 STREET,POOR_LIGHTING
Illegal Parking Blocked Crosswalk Street/Sidewalk 86 STREET 86 STREET,UNSAFE_CROSSWALK
Street Light Condition Street Light Out  3826 LACONIA AVENUE LACONIA AVENUE,POOR_LIGHTING
Street Light Condition Street Light Out  1669 CASTLETON AVENUE CASTLETON AVENUE,POOR_LIGHTING
"Street Sign - Dangling No Parking, Standing, Stopping Street 82-24 164 STREET 164 STREET",MISSING_SIGNAGE
Street Light Condition Street Light Out  EAST   56 STREET EAST   56 STREET,POOR_LIGHTING
Illegal Parking Blocked Crosswalk Street/Sidewalk BARTLETT STREET BARTLETT STREET,UNSAFE_CROSSWALK
Traffic Signal Condition Sidewalk Pull Box Co   ,MISSING_SIGNAGE
Street Light Condition Street Light Out  72-09 GRAND AVENUE GRAND AVENUE,POOR_LIGHTING
Street Sign - Damaged St Name - Over Intersection Street BROADWAY BROADWAY,MISSING_SIGNAGE
Illegal Parking Blocked Crosswalk Street/Sidewalk 1705 CORTELYOU ROAD CORTELYOU ROAD,UNSAFE_CROSSWALK
Street Light Condition Street Light Out  432 EAST    3 STREET EAST    3 STREET,POOR_LIGHTING
Street Light Condition Street Light Out  4560 BULLARD AVENUE BULLARD AVENUE,POOR_LIGHTING
Street Light Condition Multiple Street Lights Out  344 WEST   72 STREET WEST   72 STREET,POOR_LIGHTING
Street Light Condition Multiple Street Lights Out  145 LINCOLN AVENUE LINCOLN AVENUE,POOR_LIGHTING
Street Sign - Damaged Other/Unknown Street 46-02 108 STREET 108 STREET,MISSING_SIGNAGE
Street Light Condition Street Light Out  70-14 173 STREET 173 STREET,POOR_LIGHTING
Street Light Condition Lamppost Damaged  117 ADAMS STREET ADAMS STREET,POOR_LIGHTING
Street Light Condition Street Light Out  164 FINDLAY AVENUE FINDLAY AVENUE,POOR_LIGHTING
Illegal Parking Blocked Crosswalk Street/Sidewalk RICARD STREET RICARD STREET,UNSAFE_CROSSWALK
Traffic Chronic Speeding Street/Sidewalk 586 GENESEE AVENUE GENESEE AVENUE,SPEEDING
Illegal Parking Blocked Crosswalk Street/Sidewalk 2093 WEBSTER AVENUE WEBSTER AVENUE,UNSAFE_CROSSWALK
Street Light Condition Street Light Out  210 WYONA STREET WYONA STREET,POOR_LIGHTING
Street Sign - Missing Other/Unknown Street 207 EAST HOUSTON STREET EAST HOUSTON STREET,MISSING_SIGNAGE
Illegal Parking Blocked Crosswalk Street/Sidewalk CRANDALL AVENUE CRANDALL AVENUE,UNSAFE_CROSSWALK
"Street Sign - Missing No Parking, Standing, Stopping Street 166 NORTH 7 STREET NORTH 7 STREET",MISSING_SIGNAGE
Traffic Congestion/Gridlock Street/Sidewalk BAY STREET BAY STREET,OTHER
Street Sign - Dangling St Name - Over Intersection Street BURKE AVENUE BURKE AVENUE,MISSING_SIGNAGE
Traffic Truck Route Violation Street/Sidewalk 56-27 BELL BOULEVARD BELL BOULEVARD,OTHER
Traffic Truck Route Violation Street/Sidewalk 67-03 BELL BOULEVARD BELL BOULEVARD,OTHER
Street Light Condition Street Light Out  209 VAN DUZER STREET VAN DUZER STREET,POOR_LIGHTING
Street Light Condition Lamppost Leaning  1662 UTICA AVENUE UTICA AVENUE,POOR_LIGHTING
Illegal Parking Blocked Crosswalk Street/Sidewalk 910 HOME STREET HOME STREET,UNSAFE_CROSSWALK
Illegal Parking Blocked Crosswalk Street/Sidewalk 133 WYCKOFF STREET WYCKOFF STREET,UNSAFE_CROSSWALK
Illegal Parking Blocked Crosswalk Street/Sidewalk VAN BUREN STREET VAN BUREN STREET,UNSAFE_CROSSWALK
Street Sign - Damaged School Crossing Street 104-18 42 AVENUE 42 AVENUE,MISSING_SIGNAGE
Illegal Parking Blocked Crosswalk Street/Sidewalk 20 PRINCETON LANE PRINCETON LANE,UNSAFE_CROSSWALK
Street Sign - Damaged One Way Street 40-12 104 STREET 104 STREET,MISSING_SIGNAGE
Street Sign - Damaged Stop Street 41-01 NATIONAL STREET NATIONAL STREET,MISSING_SIGNAGE
Illegal Parking Blocked Crosswalk Street/Sidewalk 114-79 DALIAN COURT DALIAN COURT,UNSAFE_CROSSWALK
Illegal Parking Blocked Crosswalk Street/Sidewalk 12 HAMPTON GREEN HAMPTON GREEN,UNSAFE_CROSSWALK
Illegal Parking Blocked Crosswalk Street/Sidewalk 190-25 WOODHULL AVENUE WOODHULL AVENUE,UNSAFE_CROSSWALK
Street Sign - Missing Other/Unknown Street 369 WEST 51 STREET WEST 51 STREET,MISSING_SIGNAGE
Traffic Signal Condition Box Cover   ,MISSING_SIGNAGE
Illegal Parking Blocked Crosswalk Street/Sidewalk 350 LINWOOD STREET LINWOOD STREET,UNSAFE_CROSSWALK
Street Sign - Damaged St Name - Attached to Pole Street 101-04 NICOLLS AVENUE NICOLLS AVENUE,MISSING_SIGNAGE
Traffic Congestion/Gridlock Street/Sidewalk 86 STREET 86 STREET,OTHER
Street Sign - Dangling St Name - Attached to Pole Street 245 BEACH 79 STREET BEACH 79 STREET,MISSING_SIGNAGE
Illegal Parking Blocked Crosswalk Street/Sidewalk 1635 GRAND AVENUE GRAND AVENUE,UNSAFE_CROSSWALK
Illegal Parking Blocked Crosswalk Street/Sidewalk 228-15 67 AVENUE 67 AVENUE,UNSAFE_CROSSWALK
Street Light Condition Street Light Out  120 BROADWAY BROADWAY,POOR_LIGHTING
Street Light Condition Street Light Out  28 LIBERTY STREET LIBERTY STREET,POOR_LIGHTING
Street Sign - Dangling St Name - Attached to Pole Street 107 AVENUE 107 AVENUE,MISSING_SIGNAGE
Illegal Parking Blocked Crosswalk Street/Sidewalk 21-19 49 AVENUE 49 AVENUE,UNSAFE_CROSSWALK
Illegal Parking Blocked Crosswalk Street/Sidewalk 450 EASTERN PARKWAY EASTERN PARKWAY,UNSAFE_CROSSWALK
Street Sign - Dangling St Name - Attached to Pole Street SUTPHIN BOULEVARD SUTPHIN BOULEVARD,MISSING_SIGNAGE
Street Sign - Dangling One Way Street 642 90 STREET 90 STREET,MISSING_SIGNAGE
Illegal Parking Blocked Crosswalk Street/Sidewalk 3751 RIVERDALE AVENUE RIVERDALE AVENUE,UNSAFE_CROSSWALK
Street Light Condition Street Light Out  175 PELTON AVENUE PELTON AVENUE,POOR_LIGHTING
Illegal Parking Blocked Crosswalk Street/Sidewalk 506 WEST 21 STREET WEST 21 STREET,UNSAFE_CROSSWALK
Illegal Parking Blocked Crosswalk Street/Sidewalk 60-90 60 DRIVE 60 DRIVE,UNSAFE_CROSSWALK
Illegal Parking Blocked Crosswalk Street/Sidewalk 1471 DEKALB AVENUE DEKALB AVENUE,UNSAFE_CROSSWALK
Illegal Parking Blocked Crosswalk Street/Sidewalk 227 WEST STREET WEST STREET,UNSAFE_CROSSWALK
Illegal Parking Blocked Crosswalk Street/Sidewalk 2382 EAST 13 STREET EAST 13 STREET,UNSAFE_CROSSWALK
Illegal Parking Blocked Crosswalk Street/Sidewalk 46 AVENUE 46 AVENUE,UNSAFE_CROSSWALK
Illegal Parking Blocked Crosswalk Street/Sidewalk 20 WESTERVELT AVENUE WESTERVELT AVENUE,UNSAFE_CROSSWALK
Street Sign - Damaged Bus Stop Street 5413 AVENUE N AVENUE N,MISSING_SIGNAGE
Street Sign - Dangling Street Cleaning - ASP Street 1376 METROPOLITAN AVENUE METROPOLITAN AVENUE,MISSING_SIGNAGE
Illegal Parking Blocked Crosswalk Street/Sidewalk 565 WEST 113 STREET WEST 113 STREET,UNSAFE_CROSSWALK
Illegal Parking Blocked Crosswalk Street/Sidewalk EAST 206 STREET EAST 206 STREET,UNSAFE_CROSSWALK
Illegal Parking Blocked Crosswalk Street/Sidewalk BRIGHTON 4 ROAD BRIGHTON 4 ROAD,UNSAFE_CROSSWALK
Illegal Parking Blocked Crosswalk Street/Sidewalk 56-44 58 STREET 58 STREET,UNSAFE_CROSSWALK
Illegal Parking Blocked Crosswalk Street/Sidewalk 70-14 65 STREET 65 STREET,UNSAFE_CROSSWALK
Illegal Parking Blocked Crosswalk Street/Sidewalk 3840 GREYSTONE AVENUE GREYSTONE AVENUE,UNSAFE_CROSSWALK
Illegal Parking Blocked Crosswalk Street/Sidewalk OGDEN AVENUE OGDEN AVENUE,UNSAFE_CROSSWALK
Illegal Parking Blocked Crosswalk Street/Sidewalk 197-16 91 ROAD 91 ROAD,UNSAFE_CROSSWALK
Traffic Drag Racing Street/Sidewalk 1001 SAINT NICHOLAS AVENUE SAINT NICHOLAS AVENUE,SPEEDING
Street Sign - Damaged Other/Unknown Street EAST 135 STREET EAST 135 STREET,MISSING_SIGNAGE
Street Light Condition Street Light Out  28 WILLIS AVENUE WILLIS AVENUE,POOR_LIGHTING
Street Light Condition Street Light Lamp Dim  5915 HUXLEY AVENUE HUXLEY AVENUE,POOR_LIGHTING
Street Light Condition Street Light Out  67-25 AUSTIN STREET AUSTIN STREET,POOR_LIGHTING
"Street Sign - Damaged No Parking, Standing, Stopping Street 600 WEST 254 STREET WEST 254 STREET",MISSING_SIGNAGE
Traffic Chronic Stoplight Violation Street/Sidewalk FLEET STREET FLEET STREET,MISSING_SIGNAGE
Traffic Drag Racing Street/Sidewalk 3510 AVENUE H AVENUE H,SPEEDING
Street Light Condition Street Light Out  HOLLIS COURT BOULEVARD HOLLIS COURT BOULEVARD,POOR_LIGHTING
Illegal Parking Blocked Crosswalk Street/Sidewalk 101-01 QUEENS BOULEVARD QUEENS BOULEVARD,UNSAFE_CROSSWALK
Illegal Parking Blocked Crosswalk Street/Sidewalk 2101 VOORHIES AVENUE VOORHIES AVENUE,UNSAFE_CROSSWALK
Street Light Condition Street Light Out  832 JEWETT AVENUE JEWETT AVENUE,POOR_LIGHTING
Illegal Parking Blocked Crosswalk Street/Sidewalk 1502 60 STREET 60 STREET,UNSAFE_CROSSWALK
Traffic Congestion/Gridlock Street/Sidewalk EAST 57 STREET EAST 57 STREET,OTHER
Illegal Parking Blocked Crosswalk Street/Sidewalk 29-02 23 AVENUE 23 AVENUE,UNSAFE_CROSSWALK
Street Light Condition Street Light Lamp Missing  261-16 72 ROAD 72 ROAD,POOR_LIGHTING
Illegal Parking Blocked Crosswalk Street/Sidewalk 3118 FULTON STREET FULTON STREET,UNSAFE_CROSSWALK
Illegal Parking Blocked Crosswalk Street/Sidewalk EAST 235 STREET EAST 235 STREET,UNSAFE_CROSSWALK
Street Light Condition Street Light Out  3614 IRWIN AVENUE IRWIN AVENUE,POOR_LIGHTING
Street Light Condition Street Light Out  -999 ORLOFF AVENUE ORLOFF AVENUE,POOR_LIGHTING
Street Light Condition Street Light Out  41-56 70 STREET 70 STREET,POOR_LIGHTING
Street Sign - Dangling St Name - Over Intersection Street 70-35 112 STREET 112 STREET,MISSING_SIGNAGE
Illegal Parking Blocked Crosswalk Street/Sidewalk 100-01 210 STREET 210 STREET,UNSAFE_CROSSWALK
Illegal Parking Blocked Crosswalk Street/Sidewalk 74-39 JAMAICA AVENUE JAMAICA AVENUE,UNSAFE_CROSSWALK
Street Light Condition Street Light Out  424 EAST  149 STREET EAST  149 STREET,POOR_LIGHTING
Street Light Condition Street Light Out  54 DAFFODIL COURT DAFFODIL COURT,POOR_LIGHTING
Street Light Condition Street Light Cycling  2477 ROHR PLACE ROHR PLACE,POOR_LIGHTING
Street Light Condition Street Light Out  27-28 MC INTOSH STREET MC INTOSH STREET,POOR_LIGHTING
Illegal Parking Blocked Crosswalk Street/Sidewalk 90-01 78 STREET 78 STREET,UNSAFE_CROSSWALK
Street Light Condition Street Light Out  95 HOWTON AVENUE HOWTON AVENUE,POOR_LIGHTING
Street Sign - Dangling Street Cleaning - ASP Street 2052 STRAUSS STREET STRAUSS STREET,MISSING_SIGNAGE
Street Light Condition Street Light Lamp Dim  115 EAST   55 STREET EAST   55 STREET,POOR_LIGHTING
Street Sign - Damaged Other/Unknown Street MERRYMOUNT STREET MERRYMOUNT STREET,MISSING_SIGNAGE
Street Light Condition Street Light Out  555 MADISON AVENUE MADISON AVENUE,POOR_LIGHTING
Street Light Condition Street Light Out  1144 83 STREET 83 STREET,POOR_LIGHTING
Illegal Parking Blocked Crosswalk Street/Sidewalk 2620 GLENWOOD ROAD GLENWOOD ROAD,UNSAFE_CROSSWALK
Traffic Chronic Speeding Street/Sidewalk FLEET STREET FLEET STREET,SPEEDING
Street Light Condition Street Light Lamp Dim  554 SENATOR STREET SENATOR STREET,POOR_LIGHTING
Illegal Parking Blocked Crosswalk Street/Sidewalk 181-20 64 AVENUE 64 AVENUE,UNSAFE_CROSSWALK
Traffic Congestion/Gridlock Street/Sidewalk CONDUIT BOULEVARD CONDUIT BOULEVARD,OTHER
Street Light Condition Lamppost Wire Exposed  3306 BAY VIEW AVENUE BAY VIEW AVENUE,POOR_LIGHTING
Illegal Parking Blocked Crosswalk Street/Sidewalk 8313 BAY PARKWAY BAY PARKWAY,UNSAFE_CROSSWALK
Illegal Parking Blocked Crosswalk Street/Sidewalk 1833 HOBART AVENUE HOBART AVENUE,UNSAFE_CROSSWALK
Traffic Drag Racing Street/Sidewalk 485 TENTH AVENUE TENTH AVENUE,SPEEDING
Street Sign - Damaged Other/Unknown Street 17 3 STREET 3 STREET,MISSING_SIGNAGE
Street Sign - Damaged Other/Unknown Street 45 WEST 132 STREET WEST 132 STREET,MISSING_SIGNAGE
Street Sign - Missing Other/Unknown Street 107-30 ROCKAWAY BOULEVARD ROCKAWAY BOULEVARD,MISSING_SIGNAGE
Street Light Condition Street Light Out  120-51 132 STREET 132 STREET,POOR_LIGHTING
Illegal Parking Blocked Crosswalk Street/Sidewalk 55-54 64 STREET 64 STREET,UNSAFE_CROSSWALK
Street Light Condition Lamppost Damaged  SILVER LAKE PARK SILVER LAKE PARK,POOR_LIGHTING
Illegal Parking Blocked Crosswalk Street/Sidewalk 455 ST JOHNS PLACE ST JOHNS PLACE,UNSAFE_CROSSWALK
Street Sign - Dangling Stop Street 82 AVENUE 82 AVENUE,MISSING_SIGNAGE
Street Light Condition Street Light Out  2728 BROADWAY BROADWAY,POOR_LIGHTING
Traffic Congestion/Gridlock Street/Sidewalk AMSTERDAM AVENUE AMSTERDAM AVENUE,OTHER
Street Sign - Damaged Other/Unknown Street 350 EAST 35 STREET EAST 35 STREET,MISSING_SIGNAGE
Street Sign - Damaged St Name - Over Intersection Street 425 PARK AVENUE PARK AVENUE,MISSING_SIGNAGE
Street Sign - Missing Stop Street 224 STREET 224 STREET,MISSING_SIGNAGE
Illegal Parking Blocked Crosswalk Street/Sidewalk LIBERTY AVENUE LIBERTY AVENUE,UNSAFE_CROSSWALK
Illegal Parking Blocked Crosswalk Street/Sidewalk 501 6 STREET 6 STREET,UNSAFE_CROSSWALK
Illegal Parking Blocked Crosswalk Street/Sidewalk 22 WESTERVELT AVENUE WESTERVELT AVENUE,UNSAFE_CROSSWALK
Street Light Condition Multiple Street Lights Out  NORTHSHORE ESPLANADE NORTHSHORE ESPLANADE,POOR_LIGHTING
Street Light Condition Street Light Cycling  93 WOODWARD AVENUE WOODWARD AVENUE,POOR_LIGHTING
Street Sign - Damaged Yield Street 345 FLATBUSH AVENUE FLATBUSH AVENUE,MISSING_SIGNAGE
Street Sign - Damaged Other/Unknown Street 1982 2 AVENUE 2 AVENUE,MISSING_SIGNAGE
Illegal Parking Blocked Crosswalk Street/Sidewalk ST MARKS AVENUE ST MARKS AVENUE,UNSAFE_CROSSWALK
Street Light Condition Street Light Out  197 BEACH   25 STREET BEACH   25 STREET,POOR_LIGHTING
Illegal Parking Blocked Crosswalk Street/Sidewalk 4601 3 AVENUE 3 AVENUE,UNSAFE_CROSSWALK
Illegal Parking Blocked Crosswalk Street/Sidewalk 548 EAST 183 STREET EAST 183 STREET,UNSAFE_CROSSWALK
"Street Sign - Missing No Parking, Standing, Stopping Street 1592 WHITE PLAINS ROAD WHITE PLAINS ROAD",MISSING_SIGNAGE
Illegal Parking Blocked Crosswalk Street/Sidewalk 290 ST JAMES PLACE ST JAMES PLACE,UNSAFE_CROSSWALK
Street Sign - Dangling Stop Street 265-04 82 AVENUE 82 AVENUE,MISSING_SIGNAGE
Street Light Condition Street Light Out  ASTORIA PARK ASTORIA PARK,POOR_LIGHTING
Street Light Condition Street Light Out  3334 PEARSALL AVENUE PEARSALL AVENUE,POOR_LIGHTING
Illegal Parking Blocked Crosswalk Street/Sidewalk 252 EAST GUN HILL ROAD EAST GUN HILL ROAD,UNSAFE_CROSSWALK
Street Sign - Missing Other/Unknown Street 37-15 79 STREET 79 STREET,MISSING_SIGNAGE
Illegal Parking Blocked Crosswalk Street/Sidewalk UNION STREET UNION STREET,UNSAFE_CROSSWALK
Illegal Parking Blocked Crosswalk Street/Sidewalk 34 74 STREET 74 STREET,UNSAFE_CROSSWALK
Street Light Condition Street Light Out  137 RICHMOND HILL ROAD RICHMOND HILL ROAD,POOR_LIGHTING
Illegal Parking Blocked Crosswalk Street/Sidewalk 1007 BEDFORD AVENUE BEDFORD AVENUE,UNSAFE_CROSSWALK
Street Light Condition Street Light Out  2780 MILES AVENUE MILES AVENUE,POOR_LIGHTING
Illegal Parking Blocked Crosswalk Street/Sidewalk PACIFIC STREET PACIFIC STREET,UNSAFE_CROSSWALK
Traffic Congestion/Gridlock Street/Sidewalk 53 AVENUE 53 AVENUE,OTHER
Illegal Parking Blocked Crosswalk Street/Sidewalk 34 EAST 58 STREET EAST 58 STREET,UNSAFE_CROSSWALK
Illegal Parking Blocked Crosswalk Street/Sidewalk 917 OLMSTEAD AVENUE OLMSTEAD AVENUE,UNSAFE_CROSSWALK
"Street Sign - Dangling No Parking, Standing, Stopping Street 9324 AVENUE M AVENUE M",MISSING_SIGNAGE
Illegal Parking Blocked Crosswalk Street/Sidewalk 181 SCHERMERHORN STREET SCHERMERHORN STREET,UNSAFE_CROSSWALK
Illegal Parking Blocked Crosswalk Street/Sidewalk 495 HANCOCK STREET HANCOCK STREET,UNSAFE_CROSSWALK
Illegal Parking Blocked Crosswalk Street/Sidewalk 767 FIFTH AVENUE FIFTH AVENUE,UNSAFE_CROSSWALK
Street Sign - Damaged Other/Unknown Street 2103 KENMORE TERRACE KENMORE TERRACE,MISSING_SIGNAGE
Traffic Chronic Stoplight Violation Street/Sidewalk ARDEN AVENUE ARDEN AVENUE,MISSING_SIGNAGE
Illegal Parking Blocked Crosswalk Street/Sidewalk 1162 63 STREET 63 STREET,UNSAFE_CROSSWALK
Street Sign - Damaged One Way Street 84 STREET 84 STREET,MISSING_SIGNAGE
Traffic Truck Route Violation Street/Sidewalk 46-32 SPRINGFIELD BOULEVARD SPRINGFIELD BOULEVARD,OTHER
Illegal Parking Blocked Crosswalk Street/Sidewalk 1107 LAFAYETTE AVENUE LAFAYETTE AVENUE,UNSAFE_CROSSWALK
Street Sign - Damaged Other/Unknown Street EAST 21 STREET EAST 21 STREET,MISSING_SIGNAGE
Street Sign - Dangling Street Cleaning - ASP Street 2943 BRUCKNER BOULEVARD BRUCKNER BOULEVARD,MISSING_SIGNAGE
Traffic Congestion/Gridlock Street/Sidewalk JEROME AVENUE JEROME AVENUE,OTHER
Street Light Condition Street Light Out  TREMONT PARK TREMONT PARK,POOR_LIGHTING
Street Sign - Missing Stop Street 65 STREET 65 STREET,MISSING_SIGNAGE
Street Light Condition Fixture/Luminaire Damaged  TREMONT PARK TREMONT PARK,POOR_LIGHTING
Illegal Parking Blocked Crosswalk Street/Sidewalk 300 EAST 75 STREET EAST 75 STREET,UNSAFE_CROSSWALK
Street Light Condition Street Light Out  51-56 71 STREET 71 STREET,POOR_LIGHTING
Traffic Congestion/Gridlock Street/Sidewalk 554 DEKALB AVENUE DEKALB AVENUE,OTHER
Traffic Truck Route Violation Street/Sidewalk 554 DEKALB AVENUE DEKALB AVENUE,OTHER
Illegal Parking Blocked Crosswalk Street/Sidewalk 514 EAST 149 STREET EAST 149 STREET,UNSAFE_CROSSWALK
Street Sign - Damaged Stop Street 78-14 AUSTIN STREET AUSTIN STREET,MISSING_SIGNAGE
Illegal Parking Blocked Crosswalk Street/Sidewalk 28-05 NEWTOWN AVENUE NEWTOWN AVENUE,UNSAFE_CROSSWALK
Street Sign - Missing Other/Unknown Street 48 STREET 48 STREET,MISSING_SIGNAGE
Street Light Condition Street Light Out  5-20 54 AVENUE 54 AVENUE,POOR_LIGHTING
Street Light Condition Street Light Out  106 SOUTH    3 STREET SOUTH    3 STREET,POOR_LIGHTING
Illegal Parking Blocked Crosswalk Street/Sidewalk AVENUE X AVENUE X,UNSAFE_CROSSWALK
Illegal Parking Blocked Crosswalk Street/Sidewalk 2424 CORTELYOU ROAD CORTELYOU ROAD,UNSAFE_CROSSWALK
Street Light Condition Street Light Out  BENSONHURST PARK BENSONHURST PARK,POOR_LIGHTING
"Street Sign - Missing No Parking, Standing, Stopping Street FLATLANDS AVENUE FLATLANDS AVENUE",MISSING_SIGNAGE
Street Sign - Damaged One Way Street 3 BEACH 88 STREET BEACH 88 STREET,MISSING_SIGNAGE
Street Light Condition Street Light Out  627 VAN NEST AVENUE VAN NEST AVENUE,POOR_LIGHTING
Street Light Condition Multiple Street Lights Out  MAJOR DEEGAN EXPY MAJOR DEEGAN EXPY,POOR_LIGHTING
Illegal Parking Blocked Crosswalk Street/Sidewalk 56 STREET 56 STREET,UNSAFE_CROSSWALK
Street Light Condition Street Light Lamp Missing  205-21 MURDOCK AVENUE MURDOCK AVENUE,POOR_LIGHTING
Illegal Parking Blocked Crosswalk Street/Sidewalk 124 STREET 124 STREET,UNSAFE_CROSSWALK
Illegal Parking Blocked Crosswalk Street/Sidewalk 486 11 STREET 11 STREET,UNSAFE_CROSSWALK
Illegal Parking Blocked Crosswalk Street/Sidewalk 766 PUGSLEY AVENUE PUGSLEY AVENUE,UNSAFE_CROSSWALK
Illegal Parking Blocked Crosswalk Street/Sidewalk 9-02 27 AVENUE 27 AVENUE,UNSAFE_CROSSWALK
Street Sign - Missing Street Cleaning - ASP Street 24-02 39 AVENUE 39 AVENUE,MISSING_SIGNAGE
Street Sign - Damaged Stop Street 127-02 143 STREET 143 STREET,MISSING_SIGNAGE
Street Sign - Dangling Stop Street 143-02 123 AVENUE 123 AVENUE,MISSING_SIGNAGE
Street Light Condition Street Light Out  68-23 61 ROAD 61 ROAD,POOR_LIGHTING
Traffic Congestion/Gridlock Street/Sidewalk 8 AVENUE 8 AVENUE,OTHER
Street Sign - Damaged Stop Street 119-50 145 STREET 145 STREET,MISSING_SIGNAGE
Street Sign - Dangling St Name - Attached to Pole Street 144-26 120 AVENUE 120 AVENUE,MISSING_SIGNAGE
Illegal Parking Blocked Crosswalk Street/Sidewalk 638 11 STREET 11 STREET,UNSAFE_CROSSWALK
Illegal Parking Blocked Crosswalk Street/Sidewalk 21-61 SHORE BOULEVARD SHORE BOULEVARD,UNSAFE_CROSSWALK
Illegal Parking Blocked Crosswalk Street/Sidewalk 20-73 SHORE BOULEVARD SHORE BOULEVARD,UNSAFE_CROSSWALK
Street Light Condition Street Light Out  149 MASON STREET MASON STREET,POOR_LIGHTING
"Street Sign - Missing No Parking, Standing, Stopping Street 2309 AVENUE Z AVENUE Z",MISSING_SIGNAGE
Street Sign - Missing Other/Unknown Street 1634 57 STREET 57 STREET,MISSING_SIGNAGE
Traffic Truck Route Violation Street/Sidewalk OLD TOWN ROAD OLD TOWN ROAD,OTHER
Street Light Condition Street Light Lamp Missing  1190 CLOVE ROAD CLOVE ROAD,POOR_LIGHTING
Street Light Condition Street Light Out  1 43 STREET 43 STREET,POOR_LIGHTING
Street Sign - Missing Street Cleaning - ASP Street 1634 57 STREET 57 STREET,MISSING_SIGNAGE
Illegal Parking Blocked Crosswalk Street/Sidewalk 215-01 47 AVENUE 47 AVENUE,UNSAFE_CROSSWALK
Illegal Parking Blocked Crosswalk Street/Sidewalk 262 59 STREET 59 STREET,UNSAFE_CROSSWALK
Street Light Condition Street Light Out  157-10 RIVERSIDE DRIVE RIVERSIDE DRIVE,POOR_LIGHTING
Street Sign - Missing Other/Unknown Street 153-38 41 AVENUE 41 AVENUE,MISSING_SIGNAGE
Illegal Parking Blocked Crosswalk Street/Sidewalk 76-05 47 AVENUE 47 AVENUE,UNSAFE_CROSSWALK
Traffic Congestion/Gridlock Street/Sidewalk 1446 EAST 2 STREET EAST 2 STREET,OTHER
Street Light Condition Fixture/Luminaire Damaged  30-13 BROADWAY BROADWAY,POOR_LIGHTING
Street Sign - Dangling Stop Street 43-22 TENTH STREET TENTH STREET,MISSING_SIGNAGE
Street Sign - Dangling One Way Street 43-22 TENTH STREET TENTH STREET,MISSING_SIGNAGE
Illegal Parking Blocked Crosswalk Street/Sidewalk 854 KNICKERBOCKER AVENUE KNICKERBOCKER AVENUE,UNSAFE_CROSSWALK
Street Sign - Damaged Stop Street 42-44 NINTH STREET NINTH STREET,MISSING_SIGNAGE
Illegal Parking Blocked Crosswalk Street/Sidewalk 2813 WEST 19 STREET WEST 19 STREET,UNSAFE_CROSSWALK
Street Sign - Dangling Bus Stop Street 444 CLOVE ROAD CLOVE ROAD,MISSING_SIGNAGE
Street Light Condition Street Light Out  48 ROCKWELL AVENUE ROCKWELL AVENUE,POOR_LIGHTING
Illegal Parking Blocked Crosswalk Street/Sidewalk 2575 BROADWAY BROADWAY,UNSAFE_CROSSWALK
Street Sign - Dangling St Name - Attached to Pole Street 260 BEACH 81 STREET BEACH 81 STREET,MISSING_SIGNAGE
Street Light Condition Street Light Out  DUMONT AVENUE DUMONT AVENUE,POOR_LIGHTING
Street Sign - Dangling Other/Unknown Street 245 BEACH 79 STREET BEACH 79 STREET,MISSING_SIGNAGE
Street Sign - Damaged Do Not Enter Street 52-11 29 STREET 29 STREET,MISSING_SIGNAGE
Illegal Parking Blocked Crosswalk Street/Sidewalk MADISON AVENUE MADISON AVENUE,UNSAFE_CROSSWALK
Street Sign - Missing St Name - Attached to Pole Street 3320 RICHMOND TERRACE RICHMOND TERRACE,MISSING_SIGNAGE
Illegal Parking Blocked Crosswalk Street/Sidewalk 77 BIRCH ROAD BIRCH ROAD,UNSAFE_CROSSWALK
Illegal Parking Blocked Crosswalk Street/Sidewalk 4-37 27 AVENUE 27 AVENUE,UNSAFE_CROSSWALK
Street Light Condition Lamppost Leaning  730 3 AVENUE 3 AVENUE,POOR_LIGHTING
Illegal Parking Blocked Crosswalk Street/Sidewalk 87-22 143 STREET 143 STREET,UNSAFE_CROSSWALK
Street Light Condition Lamppost Knocked Down  SILVER LAKE PARK RD SILVER LAKE PARK RD,POOR_LIGHTING
Street Light Condition Street Light Out  523 LYNN STREET LYNN STREET,POOR_LIGHTING
Street Light Condition Street Light Lamp Missing  60 COOPER STREET COOPER STREET,POOR_LIGHTING
Illegal Parking Blocked Crosswalk Street/Sidewalk 120 WEST 169 STREET WEST 169 STREET,UNSAFE_CROSSWALK
Traffic Drag Racing Street/Sidewalk 2500 BROADWAY BROADWAY,SPEEDING
Illegal Parking Blocked Crosswalk Street/Sidewalk 13-06 CAFFREY AVENUE CAFFREY AVENUE,UNSAFE_CROSSWALK
Illegal Parking Blocked Crosswalk Street/Sidewalk 8020 4 AVENUE 4 AVENUE,UNSAFE_CROSSWALK
Street Sign - Damaged Stop Street 282 UNION AVENUE UNION AVENUE,MISSING_SIGNAGE
Illegal Parking Blocked Crosswalk Street/Sidewalk 2383 85 STREET 85 STREET,UNSAFE_CROSSWALK
Traffic Congestion/Gridlock Street/Sidewalk 161 STREET 161 STREET,OTHER
Illegal Parking Blocked Crosswalk Street/Sidewalk HOYT STREET HOYT STREET,UNSAFE_CROSSWALK
Traffic Congestion/Gridlock Street/Sidewalk LINCOLN TUNNEL LINCOLN TUNNEL,OTHER
"Street Sign - Missing No Parking, Standing, Stopping Street 2-23 BORDEN AVENUE BORDEN AVENUE",MISSING_SIGNAGE
Illegal Parking Blocked Crosswalk Street/Sidewalk 126-01 9 AVENUE 9 AVENUE,UNSAFE_CROSSWALK
Street Light Condition Street Light Out  6402 15 AVENUE 15 AVENUE,POOR_LIGHTING
Street Light Condition Street Light Out  81-51 LANGDALE STREET LANGDALE STREET,POOR_LIGHTING
"Street Sign - Dangling No Parking, Standing, Stopping Street 67-126 BURNS STREET BURNS STREET",MISSING_SIGNAGE
Illegal Parking Blocked Crosswalk Street/Sidewalk 36-45 VERNON BOULEVARD VERNON BOULEVARD,UNSAFE_CROSSWALK
Illegal Parking Blocked Crosswalk Street/Sidewalk 160-01 72 AVENUE 72 AVENUE,UNSAFE_CROSSWALK
Street Light Condition Street Light Out  1675 PELHAM PARKWAY NORTH PELHAM PARKWAY NORTH,POOR_LIGHTING
Illegal Parking Blocked Crosswalk Street/Sidewalk ARNOW AVENUE ARNOW AVENUE,UNSAFE_CROSSWALK
Illegal Parking Blocked Crosswalk Street/Sidewalk 47-19 67 STREET 67 STREET,UNSAFE_CROSSWALK
Illegal Parking Blocked Crosswalk Street/Sidewalk 94-66 224 STREET 224 STREET,UNSAFE_CROSSWALK
Illegal Parking Blocked Crosswalk Street/Sidewalk 65 STREET 65 STREET,UNSAFE_CROSSWALK
Illegal Parking Blocked Crosswalk Street/Sidewalk 79 STREET 79 STREET,UNSAFE_CROSSWALK
Illegal Parking Blocked Crosswalk Street/Sidewalk 126-02 9 AVENUE 9 AVENUE,UNSAFE_CROSSWALK
Street Light Condition Street Light Out  503 EDISON AVENUE EDISON AVENUE,POOR_LIGHTING
Street Light Condition Street Light Out  3564 EAST TREMONT AVENUE EAST TREMONT AVENUE,POOR_LIGHTING
Street Light Condition Street Light Out  1727 SEDDON STREET SEDDON STREET,POOR_LIGHTING
Illegal Parking Blocked Crosswalk Street/Sidewalk CYPRESS AVENUE CYPRESS AVENUE,UNSAFE_CROSSWALK
Illegal Parking Blocked Crosswalk Street/Sidewalk 24 BILLS PLACE BILLS PLACE,UNSAFE_CROSSWALK
Illegal Parking Blocked Crosswalk Street/Sidewalk BYRON AVENUE BYRON AVENUE,UNSAFE_CROSSWALK
Street Light Condition Street Light Out  8 WINDSOR ROAD WINDSOR ROAD,POOR_LIGHTING
Illegal Parking Blocked Crosswalk Street/Sidewalk 91-14 31 AVENUE 31 AVENUE,UNSAFE_CROSSWALK
Illegal Parking Blocked Crosswalk Street/Sidewalk 2700 GUNTHER AVENUE GUNTHER AVENUE,UNSAFE_CROSSWALK
Street Light Condition Street Light Out  3128 FAIRFIELD AVENUE FAIRFIELD AVENUE,POOR_LIGHTING
Street Light Condition Street Light Out  820 EAST   10 STREET EAST   10 STREET,POOR_LIGHTING
Street Light Condition Street Light Out  1545 EAST    9 STREET EAST    9 STREET,POOR_LIGHTING
Street Light Condition Street Light Out  481 CLEVELAND STREET CLEVELAND STREET,POOR_LIGHTING
Illegal Parking Blocked Crosswalk Street/Sidewalk EAST 65 STREET EAST 65 STREET,UNSAFE_CROSSWALK
Illegal Parking Blocked Crosswalk Street/Sidewalk 30-00 42 STREET 42 STREET,UNSAFE_CROSSWALK
Street Light Condition Street Light Out  922 JEWETT AVENUE JEWETT AVENUE,POOR_LIGHTING
Street Light Condition Street Light Out  2601 EAST   14 STREET EAST   14 STREET,POOR_LIGHTING
Street Light Condition Street Light Out  174-30 GLADWIN AVENUE GLADWIN AVENUE,POOR_LIGHTING
Illegal Parking Blocked Crosswalk Street/Sidewalk 191-03 42 AVENUE 42 AVENUE,UNSAFE_CROSSWALK
Street Light Condition Street Light Out  66 NORMAN AVENUE NORMAN AVENUE,POOR_LIGHTING
Street Light Condition Street Light Out  1450 CLAY AVENUE CLAY AVENUE,POOR_LIGHTING
Illegal Parking Blocked Crosswalk Street/Sidewalk 109-53 LEFFERTS BOULEVARD LEFFERTS BOULEVARD,UNSAFE_CROSSWALK
Illegal Parking Blocked Crosswalk Street/Sidewalk 1716 AVENUE T AVENUE T,UNSAFE_CROSSWALK
Street Light Condition Street Light Out  MOSHOLU PKWY MOSHOLU PKWY,POOR_LIGHTING
Street Light Condition Street Light Out  35 BOARDWALK BOARDWALK,POOR_LIGHTING
Illegal Parking Blocked Crosswalk Street/Sidewalk 30-04 44 STREET 44 STREET,UNSAFE_CROSSWALK
Illegal Parking Blocked Crosswalk Street/Sidewalk 160-09 SANFORD AVENUE SANFORD AVENUE,UNSAFE_CROSSWALK
Street Light Condition Street Light Out  80-57 90 ROAD 90 ROAD,POOR_LIGHTING
Street Light Condition Street Light Out  9801 AVENUE K AVENUE K,POOR_LIGHTING
Street Light Condition Street Light Out  2025 EAST   29 STREET EAST   29 STREET,POOR_LIGHTING
Illegal Parking Blocked Crosswalk Street/Sidewalk 28-20 23 AVENUE 23 AVENUE,UNSAFE_CROSSWALK
Illegal Parking Blocked Crosswalk Street/Sidewalk 75-02 JAMAICA AVENUE JAMAICA AVENUE,UNSAFE_CROSSWALK
Illegal Parking Blocked Crosswalk Street/Sidewalk 2567 BENSON AVENUE BENSON AVENUE,UNSAFE_CROSSWALK
Street Light Condition Street Light Out  3228 GUNTHER AVENUE GUNTHER AVENUE,POOR_LIGHTING
Street Light Condition Street Light Out  1410 AVENUE I AVENUE I,POOR_LIGHTING
Street Sign - Damaged Street Cleaning - ASP Street 1642 WEIRFIELD STREET WEIRFIELD STREET,MISSING_SIGNAGE
"Street Sign - Damaged No Parking, Standing, Stopping Street 1093 SUMMIT AVENUE SUMMIT AVENUE",MISSING_SIGNAGE
Street Light Condition Street Light Out  176-19 77 ROAD 77 ROAD,POOR_LIGHTING
Illegal Parking Blocked Crosswalk Street/Sidewalk 4325 KATONAH AVENUE KATONAH AVENUE,UNSAFE_CROSSWALK
Street Light Condition Street Light Out  106-20 96 STREET 96 STREET,POOR_LIGHTING
Illegal Parking Blocked Crosswalk Street/Sidewalk 39 AVENUE 39 AVENUE,UNSAFE_CROSSWALK
Illegal Parking Blocked Crosswalk Street/Sidewalk 4025 1 AVENUE 1 AVENUE,UNSAFE_CROSSWALK
Street Sign - Damaged Bus Stop Street CHESTNUT AVENUE CHESTNUT AVENUE,MISSING_SIGNAGE
Street Light Condition Street Light Out  319 BROAD STREET BROAD STREET,POOR_LIGHTING
Street Sign - Damaged Street Cleaning - ASP Street 872 METCALF AVENUE METCALF AVENUE,MISSING_SIGNAGE
Illegal Parking Blocked Crosswalk Street/Sidewalk 175 AVENUE P AVENUE P,UNSAFE_CROSSWALK
Street Light Condition Street Light Out  1035 DICKENS AVENUE DICKENS AVENUE,POOR_LIGHTING
Illegal Parking Blocked Crosswalk Street/Sidewalk 241 WEST 97 STREET WEST 97 STREET,UNSAFE_CROSSWALK
Street Sign - Dangling One Way Street 535 MARCY AVENUE MARCY AVENUE,MISSING_SIGNAGE
Illegal Parking Blocked Crosswalk Street/Sidewalk AUTUMN AVENUE AUTUMN AVENUE,UNSAFE_CROSSWALK
Illegal Parking Blocked Crosswalk Street/Sidewalk CLARAN COURT CLARAN COURT,UNSAFE_CROSSWALK
Street Light Condition Street Light Out  623 EAST    5 STREET EAST    5 STREET,POOR_LIGHTING
Street Light Condition Street Light Out  214-93 34 AVENUE 34 AVENUE,POOR_LIGHTING
Illegal Parking Blocked Crosswalk Street/Sidewalk 333 AVENUE S AVENUE S,UNSAFE_CROSSWALK
Illegal Parking Blocked Crosswalk Street/Sidewalk 30-97 41 STREET 41 STREET,UNSAFE_CROSSWALK
Traffic Congestion/Gridlock Street/Sidewalk 36 STREET 36 STREET,OTHER
Illegal Parking Blocked Crosswalk Street/Sidewalk 84 FRANKLIN STREET FRANKLIN STREET,UNSAFE_CROSSWALK
Illegal Parking Blocked Crosswalk Street/Sidewalk 3013 WEBSTER AVENUE WEBSTER AVENUE,UNSAFE_CROSSWALK
"Street Sign - Damaged No Parking, Standing, Stopping Street 22 IRVING PLACE IRVING PLACE",MISSING_SIGNAGE
Traffic Signal Condition Door   ,MISSING_SIGNAGE
Illegal Parking Blocked Crosswalk Street/Sidewalk 2 HARDY STREET HARDY STREET,UNSAFE_CROSSWALK
Street Light Condition Street Light Out  594 WEST FINGERBOARD ROAD WEST FINGERBOARD ROAD,POOR_LIGHTING
Street Light Condition Street Light Out  3640 TIBBETT AVENUE TIBBETT AVENUE,POOR_LIGHTING
Street Sign - Damaged St Name - Attached to Pole Street 58-42 MASPETH AVENUE MASPETH AVENUE,MISSING_SIGNAGE
Illegal Parking Blocked Crosswalk Street/Sidewalk 51 STREET 51 STREET,UNSAFE_CROSSWALK
Street Sign - Damaged Stop Street 55-54 60 STREET 60 STREET,MISSING_SIGNAGE
Street Light Condition Street Light Out  28 COMMERCE STREET COMMERCE STREET,POOR_LIGHTING
Illegal Parking Blocked Crosswalk Street/Sidewalk BRONXWOOD AVENUE BRONXWOOD AVENUE,UNSAFE_CROSSWALK
Street Sign - Missing Stop Street 1336 GILLESPIE AVENUE GILLESPIE AVENUE,MISSING_SIGNAGE
Illegal Parking Blocked Crosswalk Street/Sidewalk 2821 AVENUE N AVENUE N,UNSAFE_CROSSWALK
Street Sign - Damaged Other/Unknown Street 70-28 80 STREET 80 STREET,MISSING_SIGNAGE
Illegal Parking Blocked Crosswalk Street/Sidewalk 84-07 ROOSEVELT AVENUE ROOSEVELT AVENUE,UNSAFE_CROSSWALK
Traffic Congestion/Gridlock Street/Sidewalk 171 LENOX ROAD LENOX ROAD,OTHER
"Street Sign - Dangling No Parking, Standing, Stopping Street 268 COOPER STREET COOPER STREET",MISSING_SIGNAGE
Street Light Condition Street Light Out  601 PELHAM PARKWAY NORTH PELHAM PARKWAY NORTH,POOR_LIGHTING
Street Light Condition Street Light Out  70-38 68 STREET 68 STREET,POOR_LIGHTING
Street Sign - Damaged Other/Unknown Street 3690 JEROME AVENUE JEROME AVENUE,MISSING_SIGNAGE
Street Light Condition Street Light Lamp Dim  195 CHRYSTIE STREET CHRYSTIE STREET,POOR_LIGHTING
Street Sign - Damaged Other/Unknown Street 99-10 60 AVENUE 60 AVENUE,MISSING_SIGNAGE
Street Light Condition Street Light Out  66 PORT RICHMOND AVENUE PORT RICHMOND AVENUE,POOR_LIGHTING
Street Sign - Dangling Other/Unknown Street 920 SENECA AVENUE SENECA AVENUE,MISSING_SIGNAGE
Illegal Parking Blocked Crosswalk Street/Sidewalk 419 8 STREET 8 STREET,UNSAFE_CROSSWALK
Traffic Signal Condition Ped Visor  MACOMBS DAM BRIDGE MACOMBS DAM BRIDGE,MISSING_SIGNAGE
Street Light Condition Street Light Out  1736 STANHOPE STREET STANHOPE STREET,POOR_LIGHTING
Traffic Congestion/Gridlock Street/Sidewalk 65 STREET 65 STREET,OTHER
Street Light Condition Street Light Out  83 DARTMOUTH STREET DARTMOUTH STREET,POOR_LIGHTING
Street Sign - Missing Other/Unknown Street 21-00 49 AVENUE 49 AVENUE,MISSING_SIGNAGE
Street Light Condition Bracket Arm Loose   ,POOR_LIGHTING
"Street Sign - Dangling No Parking, Standing, Stopping Street 724 CONEY ISLAND AVENUE CONEY ISLAND AVENUE",MISSING_SIGNAGE
Street Light Condition Lamppost Missing  WEST  136 STREET WEST  136 STREET,POOR_LIGHTING
Illegal Parking Blocked Crosswalk Street/Sidewalk 2255 BENSON AVENUE BENSON AVENUE,UNSAFE_CROSSWALK
"Street Sign - Damaged No Parking, Standing, Stopping Street 89-19 171 STREET 171 STREET",MISSING_SIGNAGE
Street Sign - Damaged Other/Unknown Street 730 CONEY ISLAND AVENUE CONEY ISLAND AVENUE,MISSING_SIGNAGE
Street Light Condition Street Light Out  2703 YATES AVENUE YATES AVENUE,POOR_LIGHTING
"Street Sign - Missing No Parking, Standing, Stopping Street 161-20 FOCH BOULEVARD FOCH BOULEVARD",MISSING_SIGNAGE
Street Sign - Damaged Stop Street 156-19 111 AVENUE 111 AVENUE,MISSING_SIGNAGE
Street Light Condition Street Light Out  MARIA HERNANDEZ PARK MARIA HERNANDEZ PARK,POOR_LIGHTING
"Street Sign - Damaged No Parking, Standing, Stopping Street 279 EAST 203 STREET EAST 203 STREET",MISSING_SIGNAGE
Illegal Parking Blocked Crosswalk Street/Sidewalk BEACH 17 STREET BEACH 17 STREET,UNSAFE_CROSSWALK
Street Sign - Dangling Stop Street 17-19 150 STREET 150 STREET,MISSING_SIGNAGE
Street Sign - Dangling One Way Street 2084 EAST 41 STREET EAST 41 STREET,MISSING_SIGNAGE
Illegal Parking Blocked Crosswalk Street/Sidewalk 122 HILLSIDE AVENUE HILLSIDE AVENUE,UNSAFE_CROSSWALK
Street Light Condition Street Light Out  61 RICHMOND AVE RICHMOND AVE,POOR_LIGHTING
Illegal Parking Blocked Crosswalk Street/Sidewalk 525 VANDERBILT AVENUE VANDERBILT AVENUE,UNSAFE_CROSSWALK
Street Light Condition Street Light Out  35-61 169 STREET 169 STREET,POOR_LIGHTING
Street Sign - Dangling Stop Street 43-03 156 STREET 156 STREET,MISSING_SIGNAGE
Street Light Condition Street Light Out  59-16 58 ROAD 58 ROAD,POOR_LIGHTING
Traffic Congestion/Gridlock Street/Sidewalk WEST 165 STREET WEST 165 STREET,OTHER
"Street Sign - Missing No Parking, Standing, Stopping Street 12-31 166 STREET 166 STREET",MISSING_SIGNAGE
Illegal Parking Blocked Crosswalk Street/Sidewalk 57 73 STREET 73 STREET,UNSAFE_CROSSWALK
Street Light Condition Flood Light Lamp Cycling  8670 20 AVENUE 20 AVENUE,POOR_LIGHTING
"Street Sign - Missing No Parking, Standing, Stopping Street 730 CONEY ISLAND AVENUE CONEY ISLAND AVENUE",MISSING_SIGNAGE
"Street Sign - Damaged No Parking, Standing, Stopping Street 724 CONEY ISLAND AVENUE CONEY ISLAND AVENUE",MISSING_SIGNAGE
Street Light Condition Street Light Out  2 ELIE COURT ELIE COURT,POOR_LIGHTING
Street Light Condition Lamppost Knocked Down  MAJOR DEEGAN EXPY MAJOR DEEGAN EXPY,POOR_LIGHTING
Illegal Parking Blocked Crosswalk Street/Sidewalk AVENUE M AVENUE M,UNSAFE_CROSSWALK
Street Light Condition Street Light Out  2154 FOREST AVENUE FOREST AVENUE,POOR_LIGHTING
Street Light Condition Street Light Out  261-16 72 ROAD 72 ROAD,POOR_LIGHTING
Illegal Parking Blocked Crosswalk Street/Sidewalk EAST 202 STREET EAST 202 STREET,UNSAFE_CROSSWALK
Street Sign - Dangling Other/Unknown Street 50-25 97 PLACE 97 PLACE,MISSING_SIGNAGE
Street Light Condition Street Light Out  2106 HONEYWELL AVENUE HONEYWELL AVENUE,POOR_LIGHTING
Street Light Condition Street Light Out  285 JULES DRIVE JULES DRIVE,POOR_LIGHTING
Street Sign - Damaged Other/Unknown Street BOAT BASIN PLACE BOAT BASIN PLACE,MISSING_SIGNAGE
"Street Sign - Damaged No Parking, Standing, Stopping Street 440 RIVERSIDE DRIVE RIVERSIDE DRIVE",MISSING_SIGNAGE
Street Light Condition Street Light Out  109-11 RYE PLACE RYE PLACE,POOR_LIGHTING
Illegal Parking Blocked Crosswalk Street/Sidewalk 150 VARICK STREET VARICK STREET,UNSAFE_CROSSWALK
Street Sign - Damaged Other/Unknown Street 52-43 39 AVENUE 39 AVENUE,MISSING_SIGNAGE
Street Light Condition Street Light Out  67-49 ELIOT AVENUE ELIOT AVENUE,POOR_LIGHTING
Street Sign - Damaged Other/Unknown Street 103 STREET 103 STREET,MISSING_SIGNAGE
Street Sign - Damaged One Way Street 103 STREET 103 STREET,MISSING_SIGNAGE
Street Sign - Damaged One Way Street 42 AVENUE 42 AVENUE,MISSING_SIGNAGE
Street Sign - Damaged Stop Street 45 AVENUE 45 AVENUE,MISSING_SIGNAGE
Street Light Condition Multiple St Lts Dayburning  BENNETT PARK BENNETT PARK,POOR_LIGHTING
Street Sign - Damaged One Way Street 45 AVENUE 45 AVENUE,MISSING_SIGNAGE
Street Light Condition Street Light Out  24 PRESIDENT STREET PRESIDENT STREET,POOR_LIGHTING
"Street Sign - Damaged No Parking, Standing, Stopping Street 98-16 45 AVENUE 45 AVENUE",MISSING_SIGNAGE
Street Light Condition Fixture/Luminaire Hanging  2311 MORRIS AVENUE MORRIS AVENUE,POOR_LIGHTING
Street Sign - Damaged Stop Street 109-48 167 STREET 167 STREET,MISSING_SIGNAGE
Street Sign - Damaged Stop Street 45-04 97 PLACE 97 PLACE,MISSING_SIGNAGE
"Street Sign - Dangling No Parking, Standing, Stopping Street 45-02 97 PLACE 97 PLACE",MISSING_SIGNAGE
"Street Sign - Damaged No Parking, Standing, Stopping Street 3655 WILLETT AVENUE WILLETT AVENUE",MISSING_SIGNAGE
Street Sign - Dangling Street Cleaning - ASP Street 1436 51 STREET 51 STREET,MISSING_SIGNAGE
Illegal Parking Blocked Crosswalk Street/Sidewalk 1902 NEPTUNE AVENUE NEPTUNE AVENUE,UNSAFE_CROSSWALK
Street Sign - Dangling Other/Unknown Street 2600 LAFAYETTE AVENUE LAFAYETTE AVENUE,MISSING_SIGNAGE
"Street Sign - Dangling No Parking, Standing, Stopping Street 53-47 69 STREET 69 STREET",MISSING_SIGNAGE
Illegal Parking Blocked Crosswalk Street/Sidewalk AVENUE O AVENUE O,UNSAFE_CROSSWALK
Street Sign - Damaged St Name - Attached to Pole Street 92 STREET 92 STREET,MISSING_SIGNAGE
Street Sign - Missing Street Cleaning - ASP Street 703 LENOX AVENUE LENOX AVENUE,MISSING_SIGNAGE
"Street Sign - Damaged No Parking, Standing, Stopping Street 122 8 STREET 8 STREET",MISSING_SIGNAGE
Street Light Condition Street Light Out  4911 FOSTER AVENUE FOSTER AVENUE,POOR_LIGHTING
Illegal Parking Blocked Crosswalk Street/Sidewalk 832 HICKS STREET HICKS STREET,UNSAFE_CROSSWALK
Street Sign - Damaged Other/Unknown Street QUEENS BOULEVARD QUEENS BOULEVARD,MISSING_SIGNAGE
Street Sign - Missing Other/Unknown Street 4011 MONTICELLO AVENUE MONTICELLO AVENUE,MISSING_SIGNAGE
Street Sign - Damaged Speed Limit Street 91-00 59 AVENUE 59 AVENUE,MISSING_SIGNAGE
Illegal Parking Blocked Crosswalk Street/Sidewalk 215 EAST HOUSTON STREET EAST HOUSTON STREET,UNSAFE_CROSSWALK
Street Light Condition Street Light Out  1919 AVENUE W AVENUE W,POOR_LIGHTING
"Street Sign - Dangling No Parking, Standing, Stopping Street 3893 WALDO AVENUE WALDO AVENUE",MISSING_SIGNAGE
Illegal Parking Blocked Crosswalk Street/Sidewalk 875 FOURTH AVENUE FOURTH AVENUE,UNSAFE_CROSSWALK
Street Light Condition Street Light Out  1232 EAST   53 STREET EAST   53 STREET,POOR_LIGHTING
Street Sign - Damaged Street Cleaning - ASP Street 3893 WALDO AVENUE WALDO AVENUE,MISSING_SIGNAGE
Illegal Parking Blocked Crosswalk Street/Sidewalk 319 43 STREET 43 STREET,UNSAFE_CROSSWALK
"Street Sign - Damaged No Parking, Standing, Stopping Street 150-42 115 AVENUE 115 AVENUE",MISSING_SIGNAGE
Illegal Parking Blocked Crosswalk Street/Sidewalk 850 THIRD AVENUE THIRD AVENUE,UNSAFE_CROSSWALK
Street Light Condition Street Light Out  2381 BELMONT AVENUE BELMONT AVENUE,POOR_LIGHTING
Traffic Chronic Speeding Street/Sidewalk 4 AVENUE 4 AVENUE,SPEEDING
Illegal Parking Blocked Crosswalk Street/Sidewalk 223 VARET STREET VARET STREET,UNSAFE_CROSSWALK
Illegal Parking Blocked Crosswalk Street/Sidewalk 141-01 33 AVENUE 33 AVENUE,UNSAFE_CROSSWALK
Street Sign - Damaged One Way Street 102-02 101 AVENUE 101 AVENUE,MISSING_SIGNAGE
Street Sign - Damaged Stop Street 60-50 68 ROAD 68 ROAD,MISSING_SIGNAGE
Street Sign - Damaged Stop Street 60-48 68 ROAD 68 ROAD,MISSING_SIGNAGE
Street Sign - Missing Stop Street 339 KENT AVENUE KENT AVENUE,MISSING_SIGNAGE
Street Light Condition Street Light Out  2840 EAST  197 STREET EAST  197 STREET,POOR_LIGHTING
Street Sign - Damaged Other/Unknown Street 398 PATTERSON AVENUE PATTERSON AVENUE,MISSING_SIGNAGE
Street Sign - Dangling One Way Street 123-19 115 AVENUE 115 AVENUE,MISSING_SIGNAGE
Street Sign - Damaged Stop Street 122-20 LINDEN AVENUE LINDEN AVENUE,MISSING_SIGNAGE
Street Sign - Dangling Stop Street 122-16 111 AVENUE 111 AVENUE,MISSING_SIGNAGE
Street Sign - Damaged One Way Street 119-20 109 AVENUE 109 AVENUE,MISSING_SIGNAGE
Street Sign - Damaged One Way Street 115-19 109 AVENUE 109 AVENUE,MISSING_SIGNAGE
Street Sign - Damaged Stop Street 109-02 113 STREET 113 STREET,MISSING_SIGNAGE
Illegal Parking Blocked Crosswalk Street/Sidewalk 48 EAST 58 STREET EAST 58 STREET,UNSAFE_CROSSWALK
Street Sign - Damaged Stop Street 60-50 69 AVENUE 69 AVENUE,MISSING_SIGNAGE
Street Sign - Damaged Street Cleaning - ASP Street 69-15 60 LANE 60 LANE,MISSING_SIGNAGE
Illegal Parking Blocked Crosswalk Street/Sidewalk 97 HENDERSON AVENUE HENDERSON AVENUE,UNSAFE_CROSSWALK
Street Light Condition Street Light Out  91 SEELEY STREET SEELEY STREET,POOR_LIGHTING
Illegal Parking Blocked Crosswalk Street/Sidewalk 2 CROWN STREET CROWN STREET,UNSAFE_CROSSWALK
Traffic Congestion/Gridlock Street/Sidewalk BAISLEY BOULEVARD BAISLEY BOULEVARD,OTHER
Street Light Condition Street Light Out  999 MANOR ROAD MANOR ROAD,POOR_LIGHTING
"Street Sign - Missing No Parking, Standing, Stopping Street 216 EAST 21 STREET EAST 21 STREET",MISSING_SIGNAGE
Illegal Parking Blocked Crosswalk Street/Sidewalk 28 ADRIAN AVENUE ADRIAN AVENUE,UNSAFE_CROSSWALK
Street Sign - Damaged Other/Unknown Street 81 ROCHELLE PLACE ROCHELLE PLACE,MISSING_SIGNAGE
Illegal Parking Blocked Crosswalk Street/Sidewalk 6201 24 AVENUE 24 AVENUE,UNSAFE_CROSSWALK
Street Sign - Damaged Street Cleaning - ASP Street 87-20 LEFFERTS BOULEVARD LEFFERTS BOULEVARD,MISSING_SIGNAGE
Street Sign - Damaged Speed Limit Street MYRTLE AVENUE MYRTLE AVENUE,MISSING_SIGNAGE
Street Sign - Damaged One Way Street 85 AVENUE 85 AVENUE,MISSING_SIGNAGE
Illegal Parking Blocked Crosswalk Street/Sidewalk 84 HERBERT STREET HERBERT STREET,UNSAFE_CROSSWALK
"Street Sign - Missing No Parking, Standing, Stopping Street 655 WEST 179 STREET WEST 179 STREET",MISSING_SIGNAGE
Street Light Condition Multiple St Lts Dayburning  1515 ST MARKS AVENUE ST MARKS AVENUE,POOR_LIGHTING
Street Light Condition Street Light Out  2325 WESTCHESTER AVENUE WESTCHESTER AVENUE,POOR_LIGHTING
Street Light Condition Street Light Out  2041 BURR AVENUE BURR AVENUE,POOR_LIGHTING
Illegal Parking Blocked Crosswalk Street/Sidewalk 355 WADSWORTH AVENUE WADSWORTH AVENUE,UNSAFE_CROSSWALK
Street Sign - Damaged Street Cleaning - ASP Street 109 SOUTH 2 STREET SOUTH 2 STREET,MISSING_SIGNAGE
Street Sign - Missing Bus Stop Street 2-23 BORDEN AVENUE BORDEN AVENUE,MISSING_SIGNAGE
Illegal Parking Blocked Crosswalk Street/Sidewalk UNIVERSITY AVENUE UNIVERSITY AVENUE,UNSAFE_CROSSWALK
Street Light Condition Lamppost Damaged  51 STREET 51 STREET,POOR_LIGHTING
Illegal Parking Blocked Crosswalk Street/Sidewalk 131 GREEN VALLEY ROAD GREEN VALLEY ROAD,UNSAFE_CROSSWALK
"Street Sign - Missing No Parking, Standing, Stopping Street 2001 BASSETT AVENUE BASSETT AVENUE",MISSING_SIGNAGE
Illegal Parking Blocked Crosswalk Street/Sidewalk 2254 86 STREET 86 STREET,UNSAFE_CROSSWALK
Illegal Parking Blocked Crosswalk Street/Sidewalk 95-06 120 STREET 120 STREET,UNSAFE_CROSSWALK
Street Light Condition Street Light Out  1452 55 STREET 55 STREET,POOR_LIGHTING
Illegal Parking Blocked Crosswalk Street/Sidewalk 141 STREET 141 STREET,UNSAFE_CROSSWALK
Street Light Condition Street Light Out  3062 INDEPENDENCE AVENUE INDEPENDENCE AVENUE,POOR_LIGHTING
Street Light Condition Flood Light Lamp Out  314 BEACH   84 STREET BEACH   84 STREET,POOR_LIGHTING
"Street Sign - Dangling No Parking, Standing, Stopping Street 829 EMPIRE AVENUE EMPIRE AVENUE",MISSING_SIGNAGE
Illegal Parking Blocked Crosswalk Street/Sidewalk 5321 NEW UTRECHT AVENUE NEW UTRECHT AVENUE,UNSAFE_CROSSWALK
Street Light Condition Street Light Out  185 CLYMER STREET CLYMER STREET,POOR_LIGHTING
Street Light Condition Street Light Out  85-68 262 STREET 262 STREET,POOR_LIGHTING
Illegal Parking Blocked Crosswalk Street/Sidewalk 1304 GLENWOOD ROAD GLENWOOD ROAD,UNSAFE_CROSSWALK
Street Light Condition Street Light Out  86-07 85 STREET 85 STREET,POOR_LIGHTING
Street Light Condition Street Light Out  -999 PARKVIEW AVENUE PARKVIEW AVENUE,POOR_LIGHTING
Street Light Condition Street Light Out  6903 15 AVENUE 15 AVENUE,POOR_LIGHTING
Street Light Condition Street Light Out  2428 THROOP AVENUE THROOP AVENUE,POOR_LIGHTING
Street Light Condition Street Light Out  32-38 96 STREET 96 STREET,POOR_LIGHTING
Illegal Parking Blocked Crosswalk Street/Sidewalk SOUTHERN BOULEVARD SOUTHERN BOULEVARD,UNSAFE_CROSSWALK
Street Light Condition Street Light Out  148-31 REEVES AVENUE REEVES AVENUE,POOR_LIGHTING
Street Light Condition Street Light Out  21-12 BROADWAY BROADWAY,POOR_LIGHTING
Street Sign - Dangling One Way Street 89 AVENUE 89 AVENUE,MISSING_SIGNAGE
Illegal Parking Blocked Crosswalk Street/Sidewalk 67 DRIVE 67 DRIVE,UNSAFE_CROSSWALK
Street Light Condition Street Light Out  1126 48 STREET 48 STREET,POOR_LIGHTING
Street Light Condition Street Light Out  1095 HALSEY STREET HALSEY STREET,POOR_LIGHTING
Illegal Parking Blocked Crosswalk Street/Sidewalk 1658 66 STREET 66 STREET,UNSAFE_CROSSWALK
Street Light Condition Street Light Out  58 TURF ROAD TURF ROAD,POOR_LIGHTING
Illegal Parking Blocked Crosswalk Street/Sidewalk 1070 FLATBUSH AVENUE FLATBUSH AVENUE,UNSAFE_CROSSWALK
Illegal Parking Blocked Crosswalk Street/Sidewalk 1057 FLATBUSH AVENUE FLATBUSH AVENUE,UNSAFE_CROSSWALK
Street Light Condition Street Light Out  53-12 214 STREET 214 STREET,POOR_LIGHTING
Street Light Condition Street Light Out  76-10 170 STREET 170 STREET,POOR_LIGHTING
Street Light Condition Street Light Out  FORT WASHINGTON PARK FORT WASHINGTON PARK,POOR_LIGHTING
"Street Sign - Damaged No Parking, Standing, Stopping Street 2133 EAST 3 STREET EAST 3 STREET",MISSING_SIGNAGE
Illegal Parking Blocked Crosswalk Street/Sidewalk 60-07 138 STREET 138 STREET,UNSAFE_CROSSWALK
Street Light Condition Street Light Out  1205 EAST   93 STREET EAST   93 STREET,POOR_LIGHTING
Illegal Parking Blocked Crosswalk Street/Sidewalk 145 PARK AVENUE PARK AVENUE,UNSAFE_CROSSWALK
Illegal Parking Blocked Crosswalk Street/Sidewalk PLEASANTVIEW STREET PLEASANTVIEW STREET,UNSAFE_CROSSWALK
Illegal Parking Blocked Crosswalk Street/Sidewalk 1126 THROGMORTON AVENUE THROGMORTON AVENUE,UNSAFE_CROSSWALK
Street Light Condition Street Light Out  2132 EAST   37 STREET EAST   37 STREET,POOR_LIGHTING
Street Sign - Damaged Other/Unknown Street AVENUE I AVENUE I,MISSING_SIGNAGE
Illegal Parking Blocked Crosswalk Street/Sidewalk JACKSON AVENUE JACKSON AVENUE,UNSAFE_CROSSWALK
Illegal Parking Blocked Crosswalk Street/Sidewalk 626 BANNER AVENUE BANNER AVENUE,UNSAFE_CROSSWALK
Street Light Condition Street Light Out  100 BEACH  100 STREET BEACH  100 STREET,POOR_LIGHTING
Street Sign - Dangling Other/Unknown Street SPENCER AVENUE SPENCER AVENUE,MISSING_SIGNAGE
Illegal Parking Blocked Crosswalk Street/Sidewalk 25 CENTRAL PARK WEST CENTRAL PARK WEST,UNSAFE_CROSSWALK
Illegal Parking Blocked Crosswalk Street/Sidewalk 257 WEST 101 STREET WEST 101 STREET,UNSAFE_CROSSWALK
Illegal Parking Blocked Crosswalk Street/Sidewalk 153 AVENUE O AVENUE O,UNSAFE_CROSSWALK
Illegal Parking Blocked Crosswalk Street/Sidewalk 38 AVENUE 38 AVENUE,UNSAFE_CROSSWALK
Traffic Congestion/Gridlock Street/Sidewalk EAST 59 STREET EAST 59 STREET,OTHER
Illegal Parking Blocked Crosswalk Street/Sidewalk 33-58 75 STREET 75 STREET,UNSAFE_CROSSWALK
Illegal Parking Blocked Crosswalk Street/Sidewalk 800 10 AVENUE 10 AVENUE,UNSAFE_CROSSWALK
Illegal Parking Blocked Crosswalk Street/Sidewalk 4716 BROADWAY BROADWAY,UNSAFE_CROSSWALK
Illegal Parking Blocked Crosswalk Street/Sidewalk 1551 THIRD AVENUE THIRD AVENUE,UNSAFE_CROSSWALK
Illegal Parking Blocked Crosswalk Street/Sidewalk 3801 REVIEW PLACE REVIEW PLACE,UNSAFE_CROSSWALK
Illegal Parking Blocked Crosswalk Street/Sidewalk 100 SOUTH 3 STREET SOUTH 3 STREET,UNSAFE_CROSSWALK
Street Sign - Dangling Other/Unknown Street 1473 PUTNAM AVENUE PUTNAM AVENUE,MISSING_SIGNAGE
Illegal Parking Blocked Crosswalk Street/Sidewalk 1644 66 STREET 66 STREET,UNSAFE_CROSSWALK
Street Sign - Damaged School Crossing Street HOLLAND AVENUE HOLLAND AVENUE,MISSING_SIGNAGE
Illegal Parking Blocked Crosswalk Street/Sidewalk AVENUE A AVENUE A,UNSAFE_CROSSWALK
Street Sign - Damaged St Name - Attached to Pole Street BEACH 80 STREET BEACH 80 STREET,MISSING_SIGNAGE
Street Sign - Dangling Stop Street BEACH 80 STREET BEACH 80 STREET,MISSING_SIGNAGE
Street Sign - Damaged Other/Unknown Street BEACH CHANNEL DRIVE BEACH CHANNEL DRIVE,MISSING_SIGNAGE
Street Sign - Dangling Other/Unknown Street 223 EAST 82 STREET EAST 82 STREET,MISSING_SIGNAGE
Street Sign - Damaged One Way Street BEACH 88 STREET BEACH 88 STREET,MISSING_SIGNAGE
Illegal Parking Blocked Crosswalk Street/Sidewalk 11-17 GIPSON STREET GIPSON STREET,UNSAFE_CROSSWALK
Street Light Condition Fixture/Luminaire Missing  532 10 AVENUE 10 AVENUE,POOR_LIGHTING
Street Sign - Damaged Other/Unknown Street BEACH 91 STREET BEACH 91 STREET,MISSING_SIGNAGE
Street Light Condition Street Light Out  432 WEST   38 STREET WEST   38 STREET,POOR_LIGHTING
Illegal Parking Blocked Crosswalk Street/Sidewalk 118 EAST FORDHAM ROAD EAST FORDHAM ROAD,UNSAFE_CROSSWALK
Illegal Parking Blocked Crosswalk Street/Sidewalk 536 EAST SEVENTH STREET EAST SEVENTH STREET,UNSAFE_CROSSWALK
Illegal Parking Blocked Crosswalk Street/Sidewalk 535 EAST SEVENTH STREET EAST SEVENTH STREET,UNSAFE_CROSSWALK
Street Light Condition Lamppost Leaning  117 ADAMS STREET ADAMS STREET,POOR_LIGHTING
Illegal Parking Blocked Crosswalk Street/Sidewalk 1615 CEDAR STREET CEDAR STREET,UNSAFE_CROSSWALK
Illegal Parking Blocked Crosswalk Street/Sidewalk 15 WEST END AVENUE WEST END AVENUE,UNSAFE_CROSSWALK
Illegal Parking Blocked Crosswalk Street/Sidewalk 163-04 88 STREET 88 STREET,UNSAFE_CROSSWALK
Traffic Congestion/Gridlock Street/Sidewalk EAST 98 STREET EAST 98 STREET,OTHER
Illegal Parking Blocked Crosswalk Street/Sidewalk 14-09 130 STREET 130 STREET,UNSAFE_CROSSWALK
Illegal Parking Blocked Crosswalk Street/Sidewalk 106 THAMES STREET THAMES STREET,UNSAFE_CROSSWALK
Street Sign - Damaged School Crossing Street 929 SHAD CREEK ROAD SHAD CREEK ROAD,MISSING_SIGNAGE
Street Sign - Missing Stop Street 168 BANKER STREET BANKER STREET,MISSING_SIGNAGE
Street Sign - Missing Other/Unknown Street 782 OCEAN AVENUE OCEAN AVENUE,MISSING_SIGNAGE
Street Sign - Damaged Other/Unknown Street 3736 RIVERDALE AVENUE RIVERDALE AVENUE,MISSING_SIGNAGE
Illegal Parking Blocked Crosswalk Street/Sidewalk 1 AVENUE 1 AVENUE,UNSAFE_CROSSWALK
Illegal Parking Blocked Crosswalk Street/Sidewalk 3 HICKORY COURT HICKORY COURT,UNSAFE_CROSSWALK
Street Light Condition Street Light Out  1170 RICHMOND AVENUE RICHMOND AVENUE,POOR_LIGHTING
Street Sign - Damaged School Crossing Street 111-04 ROCKAWAY BEACH BOULEVARD ROCKAWAY BEACH BOULEVARD,MISSING_SIGNAGE
Traffic Chronic Stoplight Violation Street/Sidewalk RAVENHURST AVENUE RAVENHURST AVENUE,MISSING_SIGNAGE
Illegal Parking Blocked Crosswalk Street/Sidewalk 5601 AVENUE N AVENUE N,UNSAFE_CROSSWALK
Illegal Parking Blocked Crosswalk Street/Sidewalk 3302 GRISWOLD AVENUE GRISWOLD AVENUE,UNSAFE_CROSSWALK
Street Light Condition Street Light Out  2600 ST RAYMOND AVENUE ST RAYMOND AVENUE,POOR_LIGHTING
Street Light Condition Street Light Out  NORDEN STREET NORDEN STREET,POOR_LIGHTING
Illegal Parking Blocked Crosswalk Street/Sidewalk 87 STUYVESANT PLACE STUYVESANT PLACE,UNSAFE_CROSSWALK
Illegal Parking Blocked Crosswalk Street/Sidewalk 2 WEST STREET WEST STREET,UNSAFE_CROSSWALK
Traffic Drag Racing Street/Sidewalk 2765 STRICKLAND AVENUE STRICKLAND AVENUE,SPEEDING
Illegal Parking Blocked Crosswalk Street/Sidewalk 1061 GRAVESEND NECK ROAD GRAVESEND NECK ROAD,UNSAFE_CROSSWALK
Illegal Parking Blocked Crosswalk Street/Sidewalk GLEASON AVENUE GLEASON AVENUE,UNSAFE_CROSSWALK
Illegal Parking Blocked Crosswalk Street/Sidewalk CURZON ROAD CURZON ROAD,UNSAFE_CROSSWALK
Illegal Parking Blocked Crosswalk Street/Sidewalk 83-60 118 STREET 118 STREET,UNSAFE_CROSSWALK
Illegal Parking Blocked Crosswalk Street/Sidewalk 2791 WEST FIFTH STREET WEST FIFTH STREET,UNSAFE_CROSSWALK
Illegal Parking Blocked Crosswalk Street/Sidewalk 475 SOUTHERN BOULEVARD SOUTHERN BOULEVARD,UNSAFE_CROSSWALK
Illegal Parking Blocked Crosswalk Street/Sidewalk 2734 SEDGWICK AVENUE SEDGWICK AVENUE,UNSAFE_CROSSWALK
Traffic Congestion/Gridlock Street/Sidewalk 1 AVENUE 1 AVENUE,OTHER
Street Light Condition Street Light Lamp Dim  108 WEST    3 STREET WEST    3 STREET,POOR_LIGHTING
"Street Sign - Dangling No Parking, Standing, Stopping Street 1717 BROADWAY BROADWAY",MISSING_SIGNAGE
Street Light Condition Street Light Lamp Dim  AVENUE OF THE AMERICAS AVENUE OF THE AMERICAS,POOR_LIGHTING
Street Light Condition Fixture/Luminaire Damaged  563 SACKETT STREET SACKETT STREET,POOR_LIGHTING
Illegal Parking Blocked Crosswalk Street/Sidewalk 700 CORTELYOU ROAD CORTELYOU ROAD,UNSAFE_CROSSWALK
Illegal Parking Blocked Crosswalk Street/Sidewalk 3224 GRAND CONCOURSE GRAND CONCOURSE,UNSAFE_CROSSWALK
Illegal Parking Blocked Crosswalk Street/Sidewalk 31-33 82 STREET 82 STREET,UNSAFE_CROSSWALK
Illegal Parking Blocked Crosswalk Street/Sidewalk 88-22 129 STREET 129 STREET,UNSAFE_CROSSWALK
Illegal Parking Blocked Crosswalk Street/Sidewalk 440 ARTHUR KILL ROAD ARTHUR KILL ROAD,UNSAFE_CROSSWALK
Illegal Parking Blocked Crosswalk Street/Sidewalk 132 WOODRUFF AVENUE WOODRUFF AVENUE,UNSAFE_CROSSWALK
Street Light Condition Street Light Out  370 WEST  255 STREET WEST  255 STREET,POOR_LIGHTING
Illegal Parking Blocked Crosswalk Street/Sidewalk 1806 CATON AVENUE CATON AVENUE,UNSAFE_CROSSWALK
Street Light Condition Street Light Out  2170 ROYAL STREET ROYAL STREET,POOR_LIGHTING
Street Sign - Damaged Other/Unknown Street 732 SACKETT STREET SACKETT STREET,MISSING_SIGNAGE
Illegal Parking Blocked Crosswalk Street/Sidewalk 134-18 107 AVENUE 107 AVENUE,UNSAFE_CROSSWALK
Illegal Parking Blocked Crosswalk Street/Sidewalk 1417 PENNSYLVANIA AVENUE PENNSYLVANIA AVENUE,UNSAFE_CROSSWALK
Illegal Parking Blocked Crosswalk Street/Sidewalk 23 BILLS PLACE BILLS PLACE,UNSAFE_CROSSWALK
Illegal Parking Blocked Crosswalk Street/Sidewalk 5 STRATFORD ROAD STRATFORD ROAD,UNSAFE_CROSSWALK
Illegal Parking Blocked Crosswalk Street/Sidewalk 658 WEST 182 STREET WEST 182 STREET,UNSAFE_CROSSWALK
Illegal Parking Blocked Crosswalk Street/Sidewalk 2106A WEST 6 STREET WEST 6 STREET,UNSAFE_CROSSWALK
Street Sign - Dangling St Name - Over Intersection Street EAST 23 STREET EAST 23 STREET,MISSING_SIGNAGE
Illegal Parking Blocked Crosswalk Street/Sidewalk 3313 BAYCHESTER AVENUE BAYCHESTER AVENUE,UNSAFE_CROSSWALK
Street Sign - Damaged One Way Street 118 STREET 118 STREET,MISSING_SIGNAGE
Street Sign - Damaged Other/Unknown Street CRONSTON AVENUE CRONSTON AVENUE,MISSING_SIGNAGE
Street Sign - Dangling St Name - Attached to Pole Street BEACH 124 STREET BEACH 124 STREET,MISSING_SIGNAGE
Illegal Parking Blocked Crosswalk Street/Sidewalk 1631 STILLWELL AVENUE STILLWELL AVENUE,UNSAFE_CROSSWALK
"Street Sign - Dangling No Parking, Standing, Stopping Street 134-16 CRONSTON AVENUE CRONSTON AVENUE",MISSING_SIGNAGE
Street Sign - Dangling Stop Street 466 BEACH 136 STREET BEACH 136 STREET,MISSING_SIGNAGE
Illegal Parking Blocked Crosswalk Street/Sidewalk 49-01 67 STREET 67 STREET,UNSAFE_CROSSWALK
Street Sign - Dangling St Name - Attached to Pole Street BEACH 139 STREET BEACH 139 STREET,MISSING_SIGNAGE
Illegal Parking Blocked Crosswalk Street/Sidewalk 76 AVENUE S AVENUE S,UNSAFE_CROSSWALK
Street Sign - Damaged St Name - Attached to Pole Street BEACH 144 STREET BEACH 144 STREET,MISSING_SIGNAGE
Illegal Parking Blocked Crosswalk Street/Sidewalk 50-27 67 STREET 67 STREET,UNSAFE_CROSSWALK
Street Sign - Damaged Stop Street BEACH 139 STREET BEACH 139 STREET,MISSING_SIGNAGE
Street Sign - Damaged Other/Unknown Street 134-04 NEWPORT AVENUE NEWPORT AVENUE,MISSING_SIGNAGE
Illegal Parking Blocked Crosswalk Street/Sidewalk 2863 FULTON STREET FULTON STREET,UNSAFE_CROSSWALK
Illegal Parking Blocked Crosswalk Street/Sidewalk 192 ARLINGTON AVENUE ARLINGTON AVENUE,UNSAFE_CROSSWALK
Illegal Parking Blocked Crosswalk Street/Sidewalk 1457 UNIVERSITY AVENUE UNIVERSITY AVENUE,UNSAFE_CROSSWALK
Street Sign - Damaged Do Not Enter Street 157 BEACH 109 STREET BEACH 109 STREET,MISSING_SIGNAGE
Street Sign - Damaged Other/Unknown Street 157 BEACH 109 STREET BEACH 109 STREET,MISSING_SIGNAGE
Street Light Condition Street Light Out  -999 WYTHE AVENUE WYTHE AVENUE,POOR_LIGHTING
Street Light Condition Street Light Out  743 FLUSHING AVENUE FLUSHING AVENUE,POOR_LIGHTING
Street Light Condition Street Light Out  242 WALLABOUT STREET WALLABOUT STREET,POOR_LIGHTING
Street Sign - Missing Other/Unknown Street 9 METRO TECH METRO TECH,MISSING_SIGNAGE
Street Light Condition Street Light Out  10011 AVENUE M AVENUE M,POOR_LIGHTING
Illegal Parking Blocked Crosswalk Street/Sidewalk 9305 AVENUE A AVENUE A,UNSAFE_CROSSWALK
Illegal Parking Blocked Crosswalk Street/Sidewalk 29-34 NEWTOWN AVENUE NEWTOWN AVENUE,UNSAFE_CROSSWALK
Illegal Parking Blocked Crosswalk Street/Sidewalk 28-40 31 STREET 31 STREET,UNSAFE_CROSSWALK
Illegal Parking Blocked Crosswalk Street/Sidewalk 118 STREET 118 STREET,UNSAFE_CROSSWALK
Illegal Parking Blocked Crosswalk Street/Sidewalk 92-13 77 STREET 77 STREET,UNSAFE_CROSSWALK
Illegal Parking Blocked Crosswalk Street/Sidewalk 91-03 76 STREET 76 STREET,UNSAFE_CROSSWALK
Illegal Parking Blocked Crosswalk Street/Sidewalk WEST 181 STREET WEST 181 STREET,UNSAFE_CROSSWALK
Traffic Drag Racing Street/Sidewalk WYTHE AVENUE WYTHE AVENUE,SPEEDING
Illegal Parking Blocked Crosswalk Street/Sidewalk EAST 164 STREET EAST 164 STREET,UNSAFE_CROSSWALK
Street Light Condition Street Light Out  285 CENTRAL PARK WEST CENTRAL PARK WEST,POOR_LIGHTING
Street Light Condition Street Light Out  1 WEST   86 STREET WEST   86 STREET,POOR_LIGHTING
Illegal Parking Blocked Crosswalk Street/Sidewalk LORING AVENUE LORING AVENUE,UNSAFE_CROSSWALK
Street Light Condition Street Light Out  1448 78 STREET 78 STREET,POOR_LIGHTING
Street Light Condition Street Light Out  286 PRESIDENT STREET PRESIDENT STREET,POOR_LIGHTING
Illegal Parking Blocked Crosswalk Street/Sidewalk 795 EAST 169 STREET EAST 169 STREET,UNSAFE_CROSSWALK
Illegal Parking Blocked Crosswalk Street/Sidewalk 9303 SHORE ROAD SHORE ROAD,UNSAFE_CROSSWALK
Illegal Parking Blocked Crosswalk Street/Sidewalk 162 AVENUE 162 AVENUE,UNSAFE_CROSSWALK
Street Light Condition Street Light Out  2583 HOLLERS AVENUE HOLLERS AVENUE,POOR_LIGHTING
Street Light Condition Street Light Out  3552 HUGUENOT AVENUE HUGUENOT AVENUE,POOR_LIGHTING
Illegal Parking Blocked Crosswalk Street/Sidewalk 61-37 68 STREET 68 STREET,UNSAFE_CROSSWALK
Illegal Parking Blocked Crosswalk Street/Sidewalk 47-03 50 AVENUE 50 AVENUE,UNSAFE_CROSSWALK
Illegal Parking Blocked Crosswalk Street/Sidewalk 37-20 30 AVENUE 30 AVENUE,UNSAFE_CROSSWALK
Street Light Condition Street Light Out  100-17 89 AVENUE 89 AVENUE,POOR_LIGHTING
Illegal Parking Blocked Crosswalk Street/Sidewalk 365 WEST END AVENUE WEST END AVENUE,UNSAFE_CROSSWALK
Illegal Parking Blocked Crosswalk Street/Sidewalk 102 GOLLER PLACE GOLLER PLACE,UNSAFE_CROSSWALK
Street Light Condition Street Light Out  1458 59 STREET 59 STREET,POOR_LIGHTING
Street Light Condition Street Light Out  573 SACKETT STREET SACKETT STREET,POOR_LIGHTING
Street Light Condition Street Light Out  127 GARY PLACE GARY PLACE,POOR_LIGHTING
Street Light Condition Street Light Out  555 SENATOR STREET SENATOR STREET,POOR_LIGHTING
Street Light Condition Street Light Out  2414 CRESTON AVENUE CRESTON AVENUE,POOR_LIGHTING
Street Light Condition Street Light Out  172 87 STREET 87 STREET,POOR_LIGHTING
Street Light Condition Street Light Cycling  409 EDGECOMBE AVENUE EDGECOMBE AVENUE,POOR_LIGHTING
Street Light Condition Street Light Out  2877 EAST  195 STREET EAST  195 STREET,POOR_LIGHTING
Street Light Condition Street Light Out  31 BELMONT TERRACE BELMONT TERRACE,POOR_LIGHTING
Street Light Condition Street Light Out  810 PELHAM PARKWAY SOUTH PELHAM PARKWAY SOUTH,POOR_LIGHTING
Street Light Condition Street Light Out  129 HENRY PLACE HENRY PLACE,POOR_LIGHTING
Illegal Parking Blocked Crosswalk Street/Sidewalk 60-21 PUTNAM AVENUE PUTNAM AVENUE,UNSAFE_CROSSWALK
Illegal Parking Blocked Crosswalk Street/Sidewalk 676 5 AVENUE 5 AVENUE,UNSAFE_CROSSWALK
Street Sign - Dangling St Name - Over Intersection Street 82 AVENUE 82 AVENUE,MISSING_SIGNAGE
Illegal Parking Blocked Crosswalk Street/Sidewalk 453 DELAFIELD AVENUE DELAFIELD AVENUE,UNSAFE_CROSSWALK
Street Light Condition Street Light Lamp Missing  2 AVENUE 2 AVENUE,POOR_LIGHTING
Illegal Parking Blocked Crosswalk Street/Sidewalk 454 WYCKOFF AVENUE WYCKOFF AVENUE,UNSAFE_CROSSWALK
Street Sign - Dangling Speed Limit Street COZINE AVENUE COZINE AVENUE,MISSING_SIGNAGE
Traffic Congestion/Gridlock Street/Sidewalk 87-17 102 STREET 102 STREET,OTHER
Street Light Condition Street Light Out  1305 RICHMOND AVENUE RICHMOND AVENUE,POOR_LIGHTING
Illegal Parking Blocked Crosswalk Street/Sidewalk 128 RIVINGTON STREET RIVINGTON STREET,UNSAFE_CROSSWALK
Street Light Condition Street Light Out  1012 RICHMOND AVENUE RICHMOND AVENUE,POOR_LIGHTING
Illegal Parking Blocked Crosswalk Street/Sidewalk 244 STREET 244 STREET,UNSAFE_CROSSWALK
Street Sign - Dangling Street Cleaning - ASP Street 384 WARWICK STREET WARWICK STREET,MISSING_SIGNAGE
Illegal Parking Blocked Crosswalk Street/Sidewalk 224 20 STREET 20 STREET,UNSAFE_CROSSWALK
Illegal Parking Blocked Crosswalk Street/Sidewalk 187-05 HILLSIDE AVENUE HILLSIDE AVENUE,UNSAFE_CROSSWALK
Illegal Parking Blocked Crosswalk Street/Sidewalk 61-42 188 STREET 188 STREET,UNSAFE_CROSSWALK
Street Light Condition Lamppost Base Door/Cover Open  345 GREENWICH STREET GREENWICH STREET,POOR_LIGHTING
Illegal Parking Blocked Crosswalk Street/Sidewalk 30 EAST END AVENUE EAST END AVENUE,UNSAFE_CROSSWALK
"Street Sign - Missing No Parking, Standing, Stopping Street STANWIX STREET STANWIX STREET",MISSING_SIGNAGE
Illegal Parking Blocked Crosswalk Street/Sidewalk AMERSFORT PLACE AMERSFORT PLACE,UNSAFE_CROSSWALK
Traffic Congestion/Gridlock Street/Sidewalk 175 EASTERN PARKWAY EASTERN PARKWAY,OTHER
Illegal Parking Blocked Crosswalk Street/Sidewalk 402 OCEAN VIEW AVENUE OCEAN VIEW AVENUE,UNSAFE_CROSSWALK
"Street Sign - Damaged No Parking, Standing, Stopping Street 22-03 124 STREET 124 STREET",MISSING_SIGNAGE
Illegal Parking Blocked Crosswalk Street/Sidewalk 173 STANTON STREET STANTON STREET,UNSAFE_CROSSWALK
Traffic Drag Racing Street/Sidewalk 97 SACKMAN STREET SACKMAN STREET,SPEEDING
Illegal Parking Blocked Crosswalk Street/Sidewalk 82-77 116 STREET 116 STREET,UNSAFE_CROSSWALK
Illegal Parking Blocked Crosswalk Street/Sidewalk 427 17 STREET 17 STREET,UNSAFE_CROSSWALK
Illegal Parking Blocked Crosswalk Street/Sidewalk 8 AVENUE 8 AVENUE,UNSAFE_CROSSWALK
Street Sign - Damaged Stop Street 181 BEACH AVENUE BEACH AVENUE,MISSING_SIGNAGE
Street Sign - Missing Other/Unknown Street 21-51 31 STREET 31 STREET,MISSING_SIGNAGE
Illegal Parking Blocked Crosswalk Street/Sidewalk 130 EAST 177 STREET EAST 177 STREET,UNSAFE_CROSSWALK
Street Light Condition Street Light Out  288 TRAVIS AVENUE TRAVIS AVENUE,POOR_LIGHTING
Illegal Parking Blocked Crosswalk Street/Sidewalk 48 NORTH 15 STREET NORTH 15 STREET,UNSAFE_CROSSWALK
Illegal Parking Blocked Crosswalk Street/Sidewalk 4 STEELE AVENUE STEELE AVENUE,UNSAFE_CROSSWALK
Street Sign - Damaged Stop Street EAST 7 ROAD EAST 7 ROAD,MISSING_SIGNAGE
Street Sign - Damaged Stop Street 724 SHAD CREEK ROAD SHAD CREEK ROAD,MISSING_SIGNAGE
Street Sign - Damaged Other/Unknown Street 812 SHAD CREEK ROAD SHAD CREEK ROAD,MISSING_SIGNAGE
Street Sign - Damaged Stop Street 811 SHAD CREEK ROAD SHAD CREEK ROAD,MISSING_SIGNAGE
Street Sign - Damaged Other/Unknown Street 85 VARET STREET VARET STREET,MISSING_SIGNAGE
"Street Sign - Dangling No Parking, Standing, Stopping Street 1591 GATES AVENUE GATES AVENUE",MISSING_SIGNAGE
Illegal Parking Blocked Crosswalk Street/Sidewalk 103-45 105 STREET 105 STREET,UNSAFE_CROSSWALK
Street Sign - Missing Other/Unknown Street 77 VARET STREET VARET STREET,MISSING_SIGNAGE
Illegal Parking Blocked Crosswalk Street/Sidewalk JACKSON COURT JACKSON COURT,UNSAFE_CROSSWALK
Illegal Parking Blocked Crosswalk Street/Sidewalk 78-38 79 LANE 79 LANE,UNSAFE_CROSSWALK
Illegal Parking Blocked Crosswalk Street/Sidewalk 88-17 138 STREET 138 STREET,UNSAFE_CROSSWALK
Street Light Condition Fixture/Luminaire Hanging  1101 ELDERT LANE ELDERT LANE,POOR_LIGHTING
Street Light Condition Street Light Out  20 ONEIDA AVENUE ONEIDA AVENUE,POOR_LIGHTING
Illegal Parking Blocked Crosswalk Street/Sidewalk EASTERN PARKWAY EASTERN PARKWAY,UNSAFE_CROSSWALK
Illegal Parking Blocked Crosswalk Street/Sidewalk 30-77 42 STREET 42 STREET,UNSAFE_CROSSWALK
Street Sign - Damaged Other/Unknown Street 262-09 GRAND CENTRAL PARKWAY GRAND CENTRAL PARKWAY,MISSING_SIGNAGE
Illegal Parking Blocked Crosswalk Street/Sidewalk 112-31 84 AVENUE 84 AVENUE,UNSAFE_CROSSWALK
Illegal Parking Blocked Crosswalk Street/Sidewalk 1 WEST 54 STREET WEST 54 STREET,UNSAFE_CROSSWALK
Illegal Parking Blocked Crosswalk Street/Sidewalk 180 FRONT STREET FRONT STREET,UNSAFE_CROSSWALK
Illegal Parking Blocked Crosswalk Street/Sidewalk 950 OLMSTEAD AVENUE OLMSTEAD AVENUE,UNSAFE_CROSSWALK
Traffic Congestion/Gridlock Street/Sidewalk 201 EASTERN PARKWAY EASTERN PARKWAY,OTHER
Street Sign - Dangling Other/Unknown Street 2009 VICTORY BOULEVARD VICTORY BOULEVARD,MISSING_SIGNAGE
Illegal Parking Blocked Crosswalk Street/Sidewalk 316 BOND STREET BOND STREET,UNSAFE_CROSSWALK
Street Sign - Missing St Name - Attached to Pole Street EAST 149 STREET EAST 149 STREET,MISSING_SIGNAGE
Illegal Parking Blocked Crosswalk Street/Sidewalk 280 ADAMS AVENUE ADAMS AVENUE,UNSAFE_CROSSWALK
Illegal Parking Blocked Crosswalk Street/Sidewalk 363 BUTLER STREET BUTLER STREET,UNSAFE_CROSSWALK
Illegal Parking Blocked Crosswalk Street/Sidewalk 266 HOSMER AVENUE HOSMER AVENUE,UNSAFE_CROSSWALK
Illegal Parking Blocked Crosswalk Street/Sidewalk 219 STREET 219 STREET,UNSAFE_CROSSWALK
Illegal Parking Blocked Crosswalk Street/Sidewalk 82 PRINCE STREET PRINCE STREET,UNSAFE_CROSSWALK
Traffic Drag Racing Street/Sidewalk HIGHLAND BOULEVARD HIGHLAND BOULEVARD,SPEEDING
Illegal Parking Blocked Crosswalk Street/Sidewalk 4318 KATONAH AVENUE KATONAH AVENUE,UNSAFE_CROSSWALK
Street Light Condition Street Light Lamp Missing  24-44 80 STREET 80 STREET,POOR_LIGHTING
Street Sign - Damaged Other/Unknown Street 545 WEST 30 STREET WEST 30 STREET,MISSING_SIGNAGE
Street Sign - Damaged Speed Limit Street 360 FURMAN STREET FURMAN STREET,MISSING_SIGNAGE
Street Sign - Damaged Stop Street CHRISTOPHER LANE CHRISTOPHER LANE,MISSING_SIGNAGE
Street Sign - Damaged Other/Unknown Street 205 ALLEN STREET ALLEN STREET,MISSING_SIGNAGE
Illegal Parking Blocked Crosswalk Street/Sidewalk DEGRAW STREET DEGRAW STREET,UNSAFE_CROSSWALK
Street Sign - Dangling St Name - Attached to Pole Street 82-46 167 STREET 167 STREET,MISSING_SIGNAGE
"Street Sign - Missing No Parking, Standing, Stopping Street 526 SCHROEDERS AVENUE SCHROEDERS AVENUE",MISSING_SIGNAGE
Street Light Condition Street Light Out  2318 64 STREET 64 STREET,POOR_LIGHTING
Street Light Condition Lamppost Knocked Down  JACKIE ROBINSON PKWY JACKIE ROBINSON PKWY,POOR_LIGHTING
Street Sign - Missing Other/Unknown Street 154 9 AVENUE 9 AVENUE,MISSING_SIGNAGE
Street Sign - Dangling Other/Unknown Street ANDERSON AVENUE ANDERSON AVENUE,MISSING_SIGNAGE
Illegal Parking Blocked Crosswalk Street/Sidewalk 100 WEST 195 STREET WEST 195 STREET,UNSAFE_CROSSWALK
Illegal Parking Blocked Crosswalk Street/Sidewalk 7001 LOUISE TERRACE LOUISE TERRACE,UNSAFE_CROSSWALK
Illegal Parking Blocked Crosswalk Street/Sidewalk 64-01 PALMETTO STREET PALMETTO STREET,UNSAFE_CROSSWALK
Street Light Condition Lamppost Wire Exposed  200 NAGLE AVENUE NAGLE AVENUE,POOR_LIGHTING
Street Light Condition Street Light Out  205 PROSPECT AVENUE PROSPECT AVENUE,POOR_LIGHTING
Illegal Parking Blocked Crosswalk Street/Sidewalk 2 BAYARD STREET BAYARD STREET,UNSAFE_CROSSWALK
Illegal Parking Blocked Crosswalk Street/Sidewalk 123 LINDEN BOULEVARD LINDEN BOULEVARD,UNSAFE_CROSSWALK
Street Light Condition Street Light Out  BELT PKWY BELT PKWY,POOR_LIGHTING
Street Sign - Damaged Stop Street 45-04 PARSONS BOULEVARD PARSONS BOULEVARD,MISSING_SIGNAGE
Street Sign - Missing Street Cleaning - ASP Street 11 WEST 53 STREET WEST 53 STREET,MISSING_SIGNAGE
"Street Sign - Dangling No Parking, Standing, Stopping Street 698 BROOK AVENUE BROOK AVENUE",MISSING_SIGNAGE
Street Light Condition Street Light Out  80-27 217 STREET 217 STREET,POOR_LIGHTING
Illegal Parking Blocked Crosswalk Street/Sidewalk 221-35 91 ROAD 91 ROAD,UNSAFE_CROSSWALK
Illegal Parking Blocked Crosswalk Street/Sidewalk STUYVESANT AVENUE STUYVESANT AVENUE,UNSAFE_CROSSWALK
Street Sign - Missing St Name - Attached to Pole Street BLAKE AVENUE BLAKE AVENUE,MISSING_SIGNAGE
Illegal Parking Blocked Crosswalk Street/Sidewalk EAST 57 STREET EAST 57 STREET,UNSAFE_CROSSWALK
Street Sign - Damaged Street Cleaning - ASP Street 1717 BROADWAY BROADWAY,MISSING_SIGNAGE
Traffic Congestion/Gridlock Street/Sidewalk 5411 AMBOY ROAD AMBOY ROAD,OTHER
Illegal Parking Blocked Crosswalk Street/Sidewalk 35-01 78 STREET 78 STREET,UNSAFE_CROSSWALK
"Street Sign - Missing No Parking, Standing, Stopping Street 149-53 LEFFERTS BOULEVARD LEFFERTS BOULEVARD",MISSING_SIGNAGE
Illegal Parking Blocked Crosswalk Street/Sidewalk 1057 VINCENT AVENUE VINCENT AVENUE,UNSAFE_CROSSWALK
Illegal Parking Blocked Crosswalk Street/Sidewalk 123-21 103 AVENUE 103 AVENUE,UNSAFE_CROSSWALK
Illegal Parking Blocked Crosswalk Street/Sidewalk GATES AVENUE GATES AVENUE,UNSAFE_CROSSWALK
Traffic Drag Racing Street/Sidewalk 273 MCDONALD AVENUE MCDONALD AVENUE,SPEEDING
Illegal Parking Blocked Crosswalk Street/Sidewalk 197-18 91 ROAD 91 ROAD,UNSAFE_CROSSWALK
Illegal Parking Blocked Crosswalk Street/Sidewalk 499 FORT WASHINGTON AVENUE FORT WASHINGTON AVENUE,UNSAFE_CROSSWALK
Illegal Parking Blocked Crosswalk Street/Sidewalk 7823 12 AVENUE 12 AVENUE,UNSAFE_CROSSWALK
Illegal Parking Blocked Crosswalk Street/Sidewalk 133 BERGEN STREET BERGEN STREET,UNSAFE_CROSSWALK
"Street Sign - Damaged No Parking, Standing, Stopping Street 92 WHITE STREET WHITE STREET",MISSING_SIGNAGE
Street Light Condition Street Light Out  1255 WARD AVENUE WARD AVENUE,POOR_LIGHTING
Street Light Condition Street Light Out  130-17 229 STREET 229 STREET,POOR_LIGHTING
Illegal Parking Blocked Crosswalk Street/Sidewalk 3039 EMMONS AVENUE EMMONS AVENUE,UNSAFE_CROSSWALK
Illegal Parking Blocked Crosswalk Street/Sidewalk 6713 COLONIAL ROAD COLONIAL ROAD,UNSAFE_CROSSWALK
Street Light Condition Street Light Cycling  ANNADALE ROAD ANNADALE ROAD,POOR_LIGHTING
Illegal Parking Blocked Crosswalk Street/Sidewalk 119 ROAD 119 ROAD,UNSAFE_CROSSWALK
Traffic Drag Racing Street/Sidewalk 101 AVENUE 101 AVENUE,SPEEDING
Street Light Condition Street Light Out  605 JACKSON AVENUE JACKSON AVENUE,POOR_LIGHTING
Traffic Drag Racing Street/Sidewalk ARDEN AVENUE ARDEN AVENUE,SPEEDING
Illegal Parking Blocked Crosswalk Street/Sidewalk 86 LEWIS AVENUE LEWIS AVENUE,UNSAFE_CROSSWALK
Illegal Parking Blocked Crosswalk Street/Sidewalk 35-20 30 AVENUE 30 AVENUE,UNSAFE_CROSSWALK
Street Light Condition Street Light Cycling  58 TURF ROAD TURF ROAD,POOR_LIGHTING
Illegal Parking Blocked Crosswalk Street/Sidewalk 37-01 31 AVENUE 31 AVENUE,UNSAFE_CROSSWALK
Illegal Parking Blocked Crosswalk Street/Sidewalk 34-48 STEINWAY STREET STEINWAY STREET,UNSAFE_CROSSWALK
Street Light Condition Street Light Out  45-09 74 STREET 74 STREET,POOR_LIGHTING
Street Light Condition Street Light Out  2150 WALLACE AVENUE WALLACE AVENUE,POOR_LIGHTING
"Street Sign - Damaged No Parking, Standing, Stopping Street 131-10 AVERY AVENUE AVERY AVENUE",MISSING_SIGNAGE
Traffic Congestion/Gridlock Street/Sidewalk WEST 48 STREET WEST 48 STREET,OTHER
Illegal Parking Blocked Crosswalk Street/Sidewalk 32-21 BROADWAY BROADWAY,UNSAFE_CROSSWALK
Illegal Parking Blocked Crosswalk Street/Sidewalk 2197 CRUGER AVENUE CRUGER AVENUE,UNSAFE_CROSSWALK
Street Light Condition Foreign Attachment On Lamppost  63 UTICA AVENUE UTICA AVENUE,POOR_LIGHTING
Illegal Parking Blocked Crosswalk Street/Sidewalk 174 WILD AVENUE WILD AVENUE,UNSAFE_CROSSWALK
Illegal Parking Blocked Crosswalk Street/Sidewalk 7924 3 AVENUE 3 AVENUE,UNSAFE_CROSSWALK
Illegal Parking Blocked Crosswalk Street/Sidewalk 33-01 BROADWAY BROADWAY,UNSAFE_CROSSWALK
Illegal Parking Blocked Crosswalk Street/Sidewalk 27-19 24 AVENUE 24 AVENUE,UNSAFE_CROSSWALK
Illegal Parking Blocked Crosswalk Street/Sidewalk 393 CUMBERLAND STREET CUMBERLAND STREET,UNSAFE_CROSSWALK
Street Light Condition Street Light Out  328 HANCOCK STREET HANCOCK STREET,POOR_LIGHTING
Street Light Condition Street Light Out  SEAWARD PARK HS SEAWARD PARK HS,POOR_LIGHTING
Street Light Condition Street Light Lamp Dim  EAST BROADWAY EAST BROADWAY,POOR_LIGHTING
Illegal Parking Blocked Crosswalk Street/Sidewalk 2050 EAST 28 STREET EAST 28 STREET,UNSAFE_CROSSWALK
Street Light Condition Street Light Out  107 AVENUE 107 AVENUE,POOR_LIGHTING
Illegal Parking Blocked Crosswalk Street/Sidewalk 95 STREET 95 STREET,UNSAFE_CROSSWALK
Illegal Parking Blocked Crosswalk Street/Sidewalk WINTHROP STREET WINTHROP STREET,UNSAFE_CROSSWALK
Street Sign - Damaged Stop Street 144-29 181 STREET 181 STREET,MISSING_SIGNAGE
Illegal Parking Blocked Crosswalk Street/Sidewalk 135-05 122 PLACE 122 PLACE,UNSAFE_CROSSWALK
Street Light Condition Street Light Lamp Missing  11-56 BRUNSWICK AVENUE BRUNSWICK AVENUE,POOR_LIGHTING
Traffic Drag Racing Street/Sidewalk 650 EAST 31 STREET EAST 31 STREET,SPEEDING
Illegal Parking Blocked Crosswalk Street/Sidewalk 8821 3 AVENUE 3 AVENUE,UNSAFE_CROSSWALK
Street Light Condition Street Light Out  39 DONGAN STREET DONGAN STREET,POOR_LIGHTING
Street Light Condition Street Light Out  101 WALKER STREET WALKER STREET,POOR_LIGHTING
Illegal Parking Blocked Crosswalk Street/Sidewalk 1393 YORK AVENUE YORK AVENUE,UNSAFE_CROSSWALK
Illegal Parking Blocked Crosswalk Street/Sidewalk 451 AVENUE P AVENUE P,UNSAFE_CROSSWALK
Traffic Truck Route Violation Street/Sidewalk 444 TYSENS LANE TYSENS LANE,OTHER
Illegal Parking Blocked Crosswalk Street/Sidewalk 34-01 77 STREET 77 STREET,UNSAFE_CROSSWALK
Illegal Parking Blocked Crosswalk Street/Sidewalk 27-02 ASTORIA BOULEVARD ASTORIA BOULEVARD,UNSAFE_CROSSWALK
Illegal Parking Blocked Crosswalk Street/Sidewalk FULTON STREET FULTON STREET,UNSAFE_CROSSWALK
Street Sign - Dangling Street Cleaning - ASP Street 146-52 32 AVENUE 32 AVENUE,MISSING_SIGNAGE
Illegal Parking Blocked Crosswalk Street/Sidewalk 198 KNICKERBOCKER AVENUE KNICKERBOCKER AVENUE,UNSAFE_CROSSWALK
Illegal Parking Blocked Crosswalk Street/Sidewalk 54 KNICKERBOCKER AVENUE KNICKERBOCKER AVENUE,UNSAFE_CROSSWALK
Street Light Condition Lamppost Damaged  NEW LOTS AVENUE NEW LOTS AVENUE,POOR_LIGHTING
Illegal Parking Blocked Crosswalk Street/Sidewalk 33 AVENUE 33 AVENUE,UNSAFE_CROSSWALK
Illegal Parking Blocked Crosswalk Street/Sidewalk 3 EAST 69 STREET EAST 69 STREET,UNSAFE_CROSSWALK
Street Sign - Dangling Detour Street 265 STREET 265 STREET,MISSING_SIGNAGE
Street Sign - Damaged Street Cleaning - ASP Street 114-30 ROCKAWAY BEACH BOULEVARD ROCKAWAY BEACH BOULEVARD,MISSING_SIGNAGE
Street Sign - Damaged Other/Unknown Street 300 EAST 59 STREET EAST 59 STREET,MISSING_SIGNAGE
Street Sign - Dangling St Name - Attached to Pole Street 256-15 JERICHO TURNPIKE JERICHO TURNPIKE,MISSING_SIGNAGE
Illegal Parking Blocked Crosswalk Street/Sidewalk 575 SENECA AVENUE SENECA AVENUE,UNSAFE_CROSSWALK
Street Light Condition Lamppost Damaged  HILLSIDE AVENUE HILLSIDE AVENUE,POOR_LIGHTING
Street Sign - Dangling St Name - Attached to Pole Street PORT RICHMOND AVENUE PORT RICHMOND AVENUE,MISSING_SIGNAGE
Illegal Parking Blocked Crosswalk Street/Sidewalk 179 AVENUE U AVENUE U,UNSAFE_CROSSWALK
Street Light Condition Lamppost Missing  UNION TPKE UNION TPKE,POOR_LIGHTING
Illegal Parking Blocked Crosswalk Street/Sidewalk 1290 ARNOW AVENUE ARNOW AVENUE,UNSAFE_CROSSWALK
Street Light Condition Lamppost Missing  FRANCIS LEWIS BOULEVARD FRANCIS LEWIS BOULEVARD,POOR_LIGHTING
Street Light Condition Street Light Out  23 NILES PLACE NILES PLACE,POOR_LIGHTING
Street Sign - Damaged Bus Stop Street EAST BROADWAY EAST BROADWAY,MISSING_SIGNAGE
Traffic Signal Condition Wood Pole Equipment   ,MISSING_SIGNAGE
Illegal Parking Blocked Crosswalk Street/Sidewalk 2387 WASHINGTON AVENUE WASHINGTON AVENUE,UNSAFE_CROSSWALK
"Street Sign - Dangling No Parking, Standing, Stopping Street 68-07 BURNS STREET BURNS STREET",MISSING_SIGNAGE
Illegal Parking Blocked Crosswalk Street/Sidewalk 3607 FLATLANDS AVENUE FLATLANDS AVENUE,UNSAFE_CROSSWALK
Street Light Condition Street Light Out  19 WEST    9 STREET WEST    9 STREET,POOR_LIGHTING
"Street Sign - Missing No Parking, Standing, Stopping Street 811 ATLANTIC AVENUE ATLANTIC AVENUE",MISSING_SIGNAGE
Illegal Parking Blocked Crosswalk Street/Sidewalk 5189 BROADWAY BROADWAY,UNSAFE_CROSSWALK
Street Sign - Missing Stop Street EVERGREEN AVENUE EVERGREEN AVENUE,MISSING_SIGNAGE
Illegal Parking Blocked Crosswalk Street/Sidewalk 250 EAST HOUSTON STREET EAST HOUSTON STREET,UNSAFE_CROSSWALK
Traffic Signal Condition Pedestrian Sign   ,UNSAFE_CROSSWALK
Street Light Condition Street Light Out  112-50 72 AVENUE 72 AVENUE,POOR_LIGHTING
Street Light Condition Street Light Out  79-17 PITKIN AVENUE PITKIN AVENUE,POOR_LIGHTING
"Street Sign - Dangling No Parking, Standing, Stopping Street 251 WEST 92 STREET WEST 92 STREET",MISSING_SIGNAGE
Traffic Signal Condition Ped Lens   ,MISSING_SIGNAGE
Traffic Chronic Speeding Street/Sidewalk 167 STREET 167 STREET,SPEEDING
Street Light Condition Street Light Out  642 EAST  222 STREET EAST  222 STREET,POOR_LIGHTING
Street Sign - Damaged Other/Unknown Street 69 1 AVENUE 1 AVENUE,MISSING_SIGNAGE
Illegal Parking Blocked Crosswalk Street/Sidewalk EAST 36 STREET EAST 36 STREET,UNSAFE_CROSSWALK
Traffic Congestion/Gridlock Street/Sidewalk 69 STREET 69 STREET,OTHER
Illegal Parking Blocked Crosswalk Street/Sidewalk 35 WEST 83 STREET WEST 83 STREET,UNSAFE_CROSSWALK
Street Light Condition Street Light Out  3325 BAYCHESTER AVENUE BAYCHESTER AVENUE,POOR_LIGHTING
Street Sign - Damaged Bus Stop Street 10 EAST BURNSIDE AVENUE EAST BURNSIDE AVENUE,MISSING_SIGNAGE
Street Light Condition Street Light Out  WHITE PLACE WHITE PLACE,POOR_LIGHTING
Street Light Condition Street Light Out  370 RALPH AVENUE RALPH AVENUE,POOR_LIGHTING
Street Light Condition Lamppost Missing  BELT PKWY BELT PKWY,POOR_LIGHTING
Illegal Parking Blocked Crosswalk Street/Sidewalk 751 WALTON AVENUE WALTON AVENUE,UNSAFE_CROSSWALK
Street Sign - Dangling Other/Unknown Street 135 AVENUE 135 AVENUE,MISSING_SIGNAGE
Street Light Condition Street Light Cycling  66-05 WOODHAVEN BOULEVARD WOODHAVEN BOULEVARD,POOR_LIGHTING
Street Light Condition Street Light Out  3638 PALMER AVENUE PALMER AVENUE,POOR_LIGHTING
Illegal Parking Blocked Crosswalk Street/Sidewalk 10424 AVENUE K AVENUE K,UNSAFE_CROSSWALK
Street Light Condition Street Light Out  280 FLAGG PLACE FLAGG PLACE,POOR_LIGHTING
Street Light Condition Street Light Out  188-25 121 AVENUE 121 AVENUE,POOR_LIGHTING
Street Light Condition Street Light Out  2211 EMMONS AVENUE EMMONS AVENUE,POOR_LIGHTING
Traffic Congestion/Gridlock Street/Sidewalk EAST 85 STREET EAST 85 STREET,OTHER
Illegal Parking Blocked Crosswalk Street/Sidewalk 3223 WESTCHESTER AVENUE WESTCHESTER AVENUE,UNSAFE_CROSSWALK
Illegal Parking Blocked Crosswalk Street/Sidewalk 215 WYCKOFF AVENUE WYCKOFF AVENUE,UNSAFE_CROSSWALK
Street Light Condition Lamppost Knocked Down  VAN WYCK EXPRESSWAY VAN WYCK EXPRESSWAY,POOR_LIGHTING
Street Light Condition Street Light Out  510 ATLANTIC AVENUE ATLANTIC AVENUE,POOR_LIGHTING
Street Light Condition Street Light Out  457 ATLANTIC AVENUE ATLANTIC AVENUE,POOR_LIGHTING
Street Light Condition Street Light Out  472 ATLANTIC AVENUE ATLANTIC AVENUE,POOR_LIGHTING
Street Light Condition Street Light Out  460 ATLANTIC AVENUE ATLANTIC AVENUE,POOR_LIGHTING
Street Light Condition Street Light Lamp Dim  235 BRUCKNER BOULEVARD BRUCKNER BOULEVARD,POOR_LIGHTING
Street Light Condition Street Light Out  170 NELSON AVENUE NELSON AVENUE,POOR_LIGHTING
Street Light Condition Street Light Out  46 OAKDALE STREET OAKDALE STREET,POOR_LIGHTING
Street Light Condition Street Light Out  20-011 BLEECKER STREET BLEECKER STREET,POOR_LIGHTING
Street Sign - Missing Bus Stop Street EAST 125 STREET EAST 125 STREET,MISSING_SIGNAGE
Street Sign - Damaged Other/Unknown Street 160-31 96 STREET 96 STREET,MISSING_SIGNAGE
Street Sign - Damaged Bus Stop Street 3 AVENUE 3 AVENUE,MISSING_SIGNAGE
Traffic Truck Route Violation Street/Sidewalk 749 HUMBOLDT STREET HUMBOLDT STREET,OTHER
Street Light Condition Street Light Out  314 BARTLETT AVENUE BARTLETT AVENUE,POOR_LIGHTING
Street Sign - Missing Street Cleaning - ASP Street 864E EAST 149 STREET EAST 149 STREET,MISSING_SIGNAGE
Traffic Chronic Speeding Street/Sidewalk 1710 AVENUE Y AVENUE Y,SPEEDING
Illegal Parking Blocked Crosswalk Street/Sidewalk 43-01 31 AVENUE 31 AVENUE,UNSAFE_CROSSWALK
Street Light Condition Street Light Out  572 ATLANTIC AVENUE ATLANTIC AVENUE,POOR_LIGHTING
Street Light Condition Street Light Out  850 BRYANT AVENUE BRYANT AVENUE,POOR_LIGHTING
"Street Sign - Missing No Parking, Standing, Stopping Street 27-17 42 ROAD 42 ROAD",MISSING_SIGNAGE
Illegal Parking Blocked Crosswalk Street/Sidewalk 504 WEST 212 STREET WEST 212 STREET,UNSAFE_CROSSWALK
Illegal Parking Blocked Crosswalk Street/Sidewalk 288 SAINT JAMES PLACE SAINT JAMES PLACE,UNSAFE_CROSSWALK
Street Light Condition Street Light Out  106-10 78 STREET 78 STREET,POOR_LIGHTING
Street Light Condition Street Light Out  59-16 MASPETH AVENUE MASPETH AVENUE,POOR_LIGHTING
Traffic Truck Route Violation Street/Sidewalk 246 KINGSLAND AVENUE KINGSLAND AVENUE,OTHER
"Street Sign - Missing No Parking, Standing, Stopping Street 80 COLUMBIA HEIGHTS COLUMBIA HEIGHTS",MISSING_SIGNAGE
Illegal Parking Blocked Crosswalk Street/Sidewalk 446 WEST 167 STREET WEST 167 STREET,UNSAFE_CROSSWALK
Illegal Parking Blocked Crosswalk Street/Sidewalk 32 AVENUE B AVENUE B,UNSAFE_CROSSWALK
Street Light Condition Multiple Street Lights Out  BEVERLEY ROAD BEVERLEY ROAD,POOR_LIGHTING
Illegal Parking Blocked Crosswalk Street/Sidewalk 3001 KINGSBRIDGE TERRACE KINGSBRIDGE TERRACE,UNSAFE_CROSSWALK
Street Sign - Dangling Stop Street 147-17 GLASSBORO AVENUE GLASSBORO AVENUE,MISSING_SIGNAGE
Traffic Congestion/Gridlock Street/Sidewalk 138-17 HILLSIDE AVENUE HILLSIDE AVENUE,OTHER
Street Sign - Damaged Construction Street 1511 BRIGHTWATER AVENUE BRIGHTWATER AVENUE,MISSING_SIGNAGE
Street Sign - Missing Other/Unknown Street 400 RODNEY STREET RODNEY STREET,MISSING_SIGNAGE
Traffic Truck Route Violation Street/Sidewalk 195 KINGSLAND AVENUE KINGSLAND AVENUE,OTHER
Illegal Parking Blocked Crosswalk Street/Sidewalk 150-55 129 STREET 129 STREET,UNSAFE_CROSSWALK
Street Sign - Dangling Stop Street 711 SEAGIRT AVENUE SEAGIRT AVENUE,MISSING_SIGNAGE
Street Sign - Dangling Other/Unknown Street 56 ROAD 56 ROAD,MISSING_SIGNAGE
Illegal Parking Blocked Crosswalk Street/Sidewalk 154 HAVEN AVENUE HAVEN AVENUE,UNSAFE_CROSSWALK
Street Light Condition Street Light Out  255 WEST   39 STREET WEST   39 STREET,POOR_LIGHTING
Illegal Parking Blocked Crosswalk Street/Sidewalk 1856 CEDAR AVENUE CEDAR AVENUE,UNSAFE_CROSSWALK
Street Light Condition Fixture/Luminaire Out Of Position  199-40 KENO AVENUE KENO AVENUE,POOR_LIGHTING
Street Light Condition Street Light Out  BRONX PARK BRONX PARK,POOR_LIGHTING
Illegal Parking Blocked Crosswalk Street/Sidewalk 158 WEST 89 STREET WEST 89 STREET,UNSAFE_CROSSWALK
Street Light Condition Street Light Out  2300 BRONX PARK EAST BRONX PARK EAST,POOR_LIGHTING
Traffic Chronic Speeding Street/Sidewalk STRONG STREET STRONG STREET,SPEEDING
Street Light Condition Street Light Out  180 ST ANN'S AVENUE ST ANN'S AVENUE,POOR_LIGHTING
Illegal Parking Blocked Crosswalk Street/Sidewalk 50 WYCKOFF AVENUE WYCKOFF AVENUE,UNSAFE_CROSSWALK
Illegal Parking Blocked Crosswalk Street/Sidewalk 200 BETHEL LOOP BETHEL LOOP,UNSAFE_CROSSWALK
Illegal Parking Blocked Crosswalk Street/Sidewalk 1981 BRONXDALE AVENUE BRONXDALE AVENUE,UNSAFE_CROSSWALK
Illegal Parking Blocked Crosswalk Street/Sidewalk 28-01 24 AVENUE 24 AVENUE,UNSAFE_CROSSWALK
Traffic Truck Route Violation Street/Sidewalk 214 KINGSLAND AVENUE KINGSLAND AVENUE,OTHER
"Street Sign - Missing No Parking, Standing, Stopping Street 15-09 CENTRAL AVENUE CENTRAL AVENUE",MISSING_SIGNAGE
Street Sign - Damaged Speed Limit Street 128-18 115 AVENUE 115 AVENUE,MISSING_SIGNAGE
Illegal Parking Blocked Crosswalk Street/Sidewalk 276 65 STREET 65 STREET,UNSAFE_CROSSWALK
Street Light Condition Street Light Out  59 ST E 59 ST E,POOR_LIGHTING
Street Light Condition Multiple Street Lights Out  BRONX PARK BRONX PARK,POOR_LIGHTING
Street Light Condition Street Light Out  53-18 BELL BOULEVARD BELL BOULEVARD,POOR_LIGHTING
Street Sign - Damaged Other/Unknown Street 227 WEST STREET WEST STREET,MISSING_SIGNAGE
Street Light Condition Street Light Out  1080 ANDERSON AVENUE ANDERSON AVENUE,POOR_LIGHTING
Illegal Parking Blocked Crosswalk Street/Sidewalk 1 EASTERN PARKWAY EASTERN PARKWAY,UNSAFE_CROSSWALK
Street Light Condition Street Light Out  94-24 85 ROAD 85 ROAD,POOR_LIGHTING
Street Sign - Damaged Speed Limit Street 176 BEACH 84 STREET BEACH 84 STREET,MISSING_SIGNAGE
Street Light Condition Multiple Street Lights Out  REISS PL REISS PL,POOR_LIGHTING
Street Light Condition Street Light Out  THWAITES PL THWAITES PL,POOR_LIGHTING
Illegal Parking Blocked Crosswalk Street/Sidewalk 2417 TILDEN AVENUE TILDEN AVENUE,UNSAFE_CROSSWALK
Traffic Congestion/Gridlock Street/Sidewalk 26-17 12 STREET 12 STREET,OTHER
Illegal Parking Blocked Crosswalk Street/Sidewalk 231-06 145 AVENUE 145 AVENUE,UNSAFE_CROSSWALK
Street Sign - Damaged Stop Street 5 BRENTWOOD AVENUE BRENTWOOD AVENUE,MISSING_SIGNAGE
Street Sign - Dangling Other/Unknown Street 48 STREET 48 STREET,MISSING_SIGNAGE
Illegal Parking Blocked Crosswalk Street/Sidewalk 2637 NATIONAL DRIVE NATIONAL DRIVE,UNSAFE_CROSSWALK
Illegal Parking Blocked Crosswalk Street/Sidewalk 2218 VALENTINE AVENUE VALENTINE AVENUE,UNSAFE_CROSSWALK
Street Sign - Missing Stop Street 326 WYTHE AVENUE WYTHE AVENUE,MISSING_SIGNAGE
Illegal Parking Blocked Crosswalk Street/Sidewalk MONITOR STREET MONITOR STREET,UNSAFE_CROSSWALK
Illegal Parking Blocked Crosswalk Street/Sidewalk 85-54 67 AVENUE 67 AVENUE,UNSAFE_CROSSWALK
"Street Sign - Missing No Parking, Standing, Stopping Street 1827 FLUSHING AVENUE FLUSHING AVENUE",MISSING_SIGNAGE
Illegal Parking Blocked Crosswalk Street/Sidewalk 228 BAY RIDGE AVENUE BAY RIDGE AVENUE,UNSAFE_CROSSWALK
Illegal Parking Blocked Crosswalk Street/Sidewalk GREENE AVENUE GREENE AVENUE,UNSAFE_CROSSWALK
Illegal Parking Blocked Crosswalk Street/Sidewalk 809 WEST 177 STREET WEST 177 STREET,UNSAFE_CROSSWALK
Illegal Parking Blocked Crosswalk Street/Sidewalk 222-14 JAMAICA AVENUE JAMAICA AVENUE,UNSAFE_CROSSWALK
Street Sign - Damaged Street Cleaning - ASP Street 45 EAST 80 STREET EAST 80 STREET,MISSING_SIGNAGE
Illegal Parking Blocked Crosswalk Street/Sidewalk 317 SCHERMERHORN STREET SCHERMERHORN STREET,UNSAFE_CROSSWALK
Illegal Parking Blocked Crosswalk Street/Sidewalk 540 WEST 165 STREET WEST 165 STREET,UNSAFE_CROSSWALK
Illegal Parking Blocked Crosswalk Street/Sidewalk 103-02 129 STREET 129 STREET,UNSAFE_CROSSWALK
Street Light Condition Street Light Out  3756 BRONX BOULEVARD BRONX BOULEVARD,POOR_LIGHTING
Street Sign - Missing Other/Unknown Street CROSBY STREET CROSBY STREET,MISSING_SIGNAGE
Illegal Parking Blocked Crosswalk Street/Sidewalk 84-44 60 AVENUE 60 AVENUE,UNSAFE_CROSSWALK
Street Light Condition Street Light Out  OCEAN AVENUE OCEAN AVENUE,POOR_LIGHTING
Illegal Parking Blocked Crosswalk Street/Sidewalk 1996 WEST 6 STREET WEST 6 STREET,UNSAFE_CROSSWALK
Illegal Parking Blocked Crosswalk Street/Sidewalk 34-02 34 AVENUE 34 AVENUE,UNSAFE_CROSSWALK
Street Light Condition Street Light Out  155-23 89 STREET 89 STREET,POOR_LIGHTING
Illegal Parking Blocked Crosswalk Street/Sidewalk 93-01 74 PLACE 74 PLACE,UNSAFE_CROSSWALK
Illegal Parking Blocked Crosswalk Street/Sidewalk AVENUE Y AVENUE Y,UNSAFE_CROSSWALK
Street Light Condition Street Light Out  344 VERNON AVENUE VERNON AVENUE,POOR_LIGHTING
Illegal Parking Blocked Crosswalk Street/Sidewalk 72 94 STREET 94 STREET,UNSAFE_CROSSWALK
Street Light Condition Multiple Street Lights Out  GRAND CENTRAL PKWY GRAND CENTRAL PKWY,POOR_LIGHTING
"Street Sign - Dangling No Parking, Standing, Stopping Street 1008 EAST GUN HILL ROAD EAST GUN HILL ROAD",MISSING_SIGNAGE
Illegal Parking Blocked Crosswalk Street/Sidewalk 40-51 72 STREET 72 STREET,UNSAFE_CROSSWALK
Street Light Condition Street Light Out  878 EAST NEW YORK AVENUE EAST NEW YORK AVENUE,POOR_LIGHTING
Illegal Parking Blocked Crosswalk Street/Sidewalk 59-29 48 AVENUE 48 AVENUE,UNSAFE_CROSSWALK
Street Sign - Missing Other/Unknown Street CORTELYOU ROAD CORTELYOU ROAD,MISSING_SIGNAGE
Illegal Parking Blocked Crosswalk Street/Sidewalk 65-39 108 STREET 108 STREET,UNSAFE_CROSSWALK
Street Light Condition Street Light Out  509 WEST  170 STREET WEST  170 STREET,POOR_LIGHTING
Illegal Parking Blocked Crosswalk Street/Sidewalk EAST 181 STREET EAST 181 STREET,UNSAFE_CROSSWALK
Traffic Drag Racing Street/Sidewalk 50-46 185 STREET 185 STREET,SPEEDING
Illegal Parking Blocked Crosswalk Street/Sidewalk 110 EAST 119 STREET EAST 119 STREET,UNSAFE_CROSSWALK
Traffic Drag Racing Street/Sidewalk 81 AVENUE 81 AVENUE,SPEEDING
Traffic Drag Racing Street/Sidewalk 173 METROPOLITAN AVENUE METROPOLITAN AVENUE,SPEEDING
Street Light Condition Street Light Out  153 BEACH   24 STREET BEACH   24 STREET,POOR_LIGHTING
Street Light Condition Street Light Out  1721 WEST    5 STREET WEST    5 STREET,POOR_LIGHTING
Street Sign - Missing Other/Unknown Street 893 4 AVENUE 4 AVENUE,MISSING_SIGNAGE
Street Light Condition Street Light Out  2301 TILLOTSON AVENUE TILLOTSON AVENUE,POOR_LIGHTING
Illegal Parking Blocked Crosswalk Street/Sidewalk 75 FRANKLIN STREET FRANKLIN STREET,UNSAFE_CROSSWALK
Street Light Condition Street Light Out  375 5 STREET 5 STREET,POOR_LIGHTING
Street Light Condition Street Light Out  616 77 STREET 77 STREET,POOR_LIGHTING
Street Light Condition Street Light Out  1476 JESUP AVENUE JESUP AVENUE,POOR_LIGHTING
Illegal Parking Blocked Crosswalk Street/Sidewalk CORNELIA STREET CORNELIA STREET,UNSAFE_CROSSWALK
Illegal Parking Blocked Crosswalk Street/Sidewalk 110-27 107 STREET 107 STREET,UNSAFE_CROSSWALK
Illegal Parking Blocked Crosswalk Street/Sidewalk 3158 SANDS PLACE SANDS PLACE,UNSAFE_CROSSWALK
Illegal Parking Blocked Crosswalk Street/Sidewalk 153 STANTON STREET STANTON STREET,UNSAFE_CROSSWALK
Street Light Condition Street Light Out  70 MALTA STREET MALTA STREET,POOR_LIGHTING
Street Light Condition Street Light Out  440 WEST   47 STREET WEST   47 STREET,POOR_LIGHTING
Traffic Drag Racing Street/Sidewalk LEFFERTS BOULEVARD LEFFERTS BOULEVARD,SPEEDING
Street Light Condition Street Light Out  93-12 177 STREET 177 STREET,POOR_LIGHTING
Street Light Condition Street Light Out  328 WEST   96 STREET WEST   96 STREET,POOR_LIGHTING
Street Light Condition Street Light Out  54 CARMINE STREET CARMINE STREET,POOR_LIGHTING
Illegal Parking Blocked Crosswalk Street/Sidewalk MURIEL COURT MURIEL COURT,UNSAFE_CROSSWALK
Street Light Condition Street Light Out  1664 68 STREET 68 STREET,POOR_LIGHTING
Street Light Condition Street Light Out  1242 46 STREET 46 STREET,POOR_LIGHTING
Street Light Condition Street Light Out  10 VERMILYEA AVENUE VERMILYEA AVENUE,POOR_LIGHTING
Street Sign - Damaged Other/Unknown Street 2005 VICTORY BOULEVARD VICTORY BOULEVARD,MISSING_SIGNAGE
Street Light Condition Street Light Out  110 AVENUE 110 AVENUE,POOR_LIGHTING
Street Light Condition Street Light Out  478 EAST    7 STREET EAST    7 STREET,POOR_LIGHTING
Street Sign - Dangling Street Cleaning - ASP Street 2746 WESTERVELT AVENUE WESTERVELT AVENUE,MISSING_SIGNAGE
Street Light Condition Street Light Out  227 LYNCH STREET LYNCH STREET,POOR_LIGHTING
Street Light Condition Street Light Out  1900 SCHENECTADY AVENUE SCHENECTADY AVENUE,POOR_LIGHTING
Street Light Condition Street Light Out  326 STOCKHOLM STREET STOCKHOLM STREET,POOR_LIGHTING
Street Light Condition Street Light Out  241 ABINGDON AVENUE ABINGDON AVENUE,POOR_LIGHTING
Traffic Drag Racing Street/Sidewalk EBBITTS AVENUE EBBITTS AVENUE,SPEEDING
Traffic Drag Racing Street/Sidewalk 2656 HYLAN BOULEVARD HYLAN BOULEVARD,SPEEDING
Illegal Parking Blocked Crosswalk Street/Sidewalk 68 STREET 68 STREET,UNSAFE_CROSSWALK
Illegal Parking Blocked Crosswalk Street/Sidewalk MAJOR GENERAL JOHN R BROWN TRGL MAJOR GENERAL JOHN R BROWN TRGL,UNSAFE_CROSSWALK
"Street Sign - Damaged No Parking, Standing, Stopping Street 433 WEST 21 STREET WEST 21 STREET",MISSING_SIGNAGE
Street Sign - Damaged Street Cleaning - ASP Street 6921 13 AVENUE 13 AVENUE,MISSING_SIGNAGE
Street Light Condition Glassware Hanging  261 FILLMORE STREET FILLMORE STREET,POOR_LIGHTING
Street Light Condition Street Light Out  CENTRAL AVE CENTRAL AVE,POOR_LIGHTING
Street Light Condition Street Light Out  152-34 JEWEL AVENUE JEWEL AVENUE,POOR_LIGHTING
Illegal Parking Blocked Crosswalk Street/Sidewalk 65-17 68 AVENUE 68 AVENUE,UNSAFE_CROSSWALK
Illegal Parking Blocked Crosswalk Street/Sidewalk 221-24 67 AVENUE 67 AVENUE,UNSAFE_CROSSWALK
Street Sign - Dangling Other/Unknown Street LINDEN PLACE LINDEN PLACE,MISSING_SIGNAGE
Illegal Parking Blocked Crosswalk Street/Sidewalk 53 2 STREET 2 STREET,UNSAFE_CROSSWALK
Street Sign - Missing Other/Unknown Street 91-02 111 STREET 111 STREET,MISSING_SIGNAGE
Street Sign - Damaged Bus Stop Street 140-35 243 STREET 243 STREET,MISSING_SIGNAGE
Illegal Parking Blocked Crosswalk Street/Sidewalk 854 WEST 180 STREET WEST 180 STREET,UNSAFE_CROSSWALK
Street Sign - Damaged Bus Stop Street 245 STREET 245 STREET,MISSING_SIGNAGE
Illegal Parking Blocked Crosswalk Street/Sidewalk 574 TROY AVENUE TROY AVENUE,UNSAFE_CROSSWALK
Illegal Parking Blocked Crosswalk Street/Sidewalk 260 43 STREET 43 STREET,UNSAFE_CROSSWALK
Street Sign - Missing Other/Unknown Street 168-02 91 AVENUE 91 AVENUE,MISSING_SIGNAGE
Street Light Condition Street Light Out  27 POETS CIRCLE POETS CIRCLE,POOR_LIGHTING
Street Light Condition Street Light Out  205-16 26 AVENUE 26 AVENUE,POOR_LIGHTING
Illegal Parking Blocked Crosswalk Street/Sidewalk 752 ONDERDONK AVENUE ONDERDONK AVENUE,UNSAFE_CROSSWALK
Street Light Condition Street Light Out  715 ANNADALE ROAD ANNADALE ROAD,POOR_LIGHTING
"Street Sign - Damaged No Parking, Standing, Stopping Street 398 PATTERSON AVENUE PATTERSON AVENUE",MISSING_SIGNAGE
Illegal Parking Blocked Crosswalk Street/Sidewalk 48 EAST KINGSBRIDGE ROAD EAST KINGSBRIDGE ROAD,UNSAFE_CROSSWALK
Street Sign - Damaged Other/Unknown Street LENOX AVENUE LENOX AVENUE,MISSING_SIGNAGE
Street Light Condition Street Light Out  194-27 116 ROAD 116 ROAD,POOR_LIGHTING
Traffic Drag Racing Street/Sidewalk VANDERBILT AVENUE VANDERBILT AVENUE,SPEEDING
Street Light Condition Street Light Lamp Dim  559 TROY AVENUE TROY AVENUE,POOR_LIGHTING
Street Sign - Damaged Bus Stop Street ROOSEVELT TRIANGLE ROOSEVELT TRIANGLE,MISSING_SIGNAGE
Traffic Drag Racing Street/Sidewalk 22-11 42 STREET 42 STREET,SPEEDING
Traffic Drag Racing Street/Sidewalk 815 MORRIS PARK AVENUE MORRIS PARK AVENUE,SPEEDING
Street Light Condition Street Light Out  122-02 LUCAS STREET LUCAS STREET,POOR_LIGHTING
Illegal Parking Blocked Crosswalk Street/Sidewalk 4734 3 AVENUE 3 AVENUE,UNSAFE_CROSSWALK
Street Light Condition Street Light Out  QUEENS MIDTOWN EXPY QUEENS MIDTOWN EXPY,POOR_LIGHTING
Street Light Condition Street Light Out  38-01 48 AVENUE 48 AVENUE,POOR_LIGHTING
Illegal Parking Blocked Crosswalk Street/Sidewalk 4586 3 AVENUE 3 AVENUE,UNSAFE_CROSSWALK
Street Sign - Damaged Street Cleaning - ASP Street 228 WEST 116 STREET WEST 116 STREET,MISSING_SIGNAGE
Illegal Parking Blocked Crosswalk Street/Sidewalk 257 CENTRAL PARK WEST CENTRAL PARK WEST,UNSAFE_CROSSWALK
Street Sign - Missing Other/Unknown Street 2950 NOSTRAND AVENUE NOSTRAND AVENUE,MISSING_SIGNAGE
Traffic Congestion/Gridlock Street/Sidewalk 30-01 37 STREET 37 STREET,OTHER
Illegal Parking Blocked Crosswalk Street/Sidewalk 528 BROADWAY BROADWAY,UNSAFE_CROSSWALK
Street Light Condition Street Light Out  1428 EAST    5 STREET EAST    5 STREET,POOR_LIGHTING
Street Light Condition Street Light Lamp Dim  41 WESTCOTT BOULEVARD WESTCOTT BOULEVARD,POOR_LIGHTING
Street Light Condition Street Light Out  418 WEST  110 STREET WEST  110 STREET,POOR_LIGHTING
Illegal Parking Blocked Crosswalk Street/Sidewalk 3044 AVENUE R AVENUE R,UNSAFE_CROSSWALK
Street Sign - Missing Other/Unknown Street 155-33 COHANCY STREET COHANCY STREET,MISSING_SIGNAGE
Street Light Condition Lamppost Missing  BROADWAY BROADWAY,POOR_LIGHTING
Traffic Truck Route Violation Street/Sidewalk 328 PLYMOUTH STREET PLYMOUTH STREET,OTHER
Illegal Parking Blocked Crosswalk Street/Sidewalk 66 BRADHURST AVENUE BRADHURST AVENUE,UNSAFE_CROSSWALK
Street Sign - Missing School Crossing Street 88-08 JUSTICE AVENUE JUSTICE AVENUE,MISSING_SIGNAGE
Street Sign - Damaged Other/Unknown Street 23-13 BROADWAY BROADWAY,MISSING_SIGNAGE
Street Light Condition Street Light Out  149-30 88 STREET 88 STREET,POOR_LIGHTING
Illegal Parking Blocked Crosswalk Street/Sidewalk 2712 SEXTON PLACE SEXTON PLACE,UNSAFE_CROSSWALK
"Street Sign - Dangling No Parking, Standing, Stopping Street 650 GRASSMERE TERRACE GRASSMERE TERRACE",MISSING_SIGNAGE
"Street Sign - Dangling No Parking, Standing, Stopping Street 74 PURDY AVENUE PURDY AVENUE",MISSING_SIGNAGE
"Street Sign - Missing No Parking, Standing, Stopping Street 2697 EAST 21 STREET EAST 21 STREET",MISSING_SIGNAGE
Street Light Condition Street Light Out  2690 NATIONAL DRIVE NATIONAL DRIVE,POOR_LIGHTING
Street Light Condition Street Light Out  HUTCH RVR PKWY HUTCH RVR PKWY,POOR_LIGHTING
Illegal Parking Blocked Crosswalk Street/Sidewalk 3 DEBEVOISE STREET DEBEVOISE STREET,UNSAFE_CROSSWALK
Traffic Signal Condition Speed Board Sign   ,MISSING_SIGNAGE
Street Light Condition Street Light Out  511 BEACH  125 STREET BEACH  125 STREET,POOR_LIGHTING
Illegal Parking Blocked Crosswalk Street/Sidewalk 1558 EAST 172 STREET EAST 172 STREET,UNSAFE_CROSSWALK
Illegal Parking Blocked Crosswalk Street/Sidewalk 65-33 AUSTIN STREET AUSTIN STREET,UNSAFE_CROSSWALK
Illegal Parking Blocked Crosswalk Street/Sidewalk 233 WEST 232 STREET WEST 232 STREET,UNSAFE_CROSSWALK
Street Light Condition Street Light Out  WILLOW ROAD EAST WILLOW ROAD EAST,POOR_LIGHTING
Illegal Parking Blocked Crosswalk Street/Sidewalk 66 GOLD STREET GOLD STREET,UNSAFE_CROSSWALK
Street Light Condition Street Light Out  43-22 QUEENS STREET QUEENS STREET,POOR_LIGHTING
Street Sign - Damaged Construction Street PACIFIC STREET PACIFIC STREET,MISSING_SIGNAGE
Street Sign - Damaged Other/Unknown Street 3102 BRIGHTON 1 PLACE BRIGHTON 1 PLACE,MISSING_SIGNAGE
Street Sign - Missing Stop Street 3810 ORLOFF AVENUE ORLOFF AVENUE,MISSING_SIGNAGE
Illegal Parking Blocked Crosswalk Street/Sidewalk 15 PROSPECT PARK WEST PROSPECT PARK WEST,UNSAFE_CROSSWALK
Street Sign - Damaged Other/Unknown Street 162 CRESCENT STREET CRESCENT STREET,MISSING_SIGNAGE
Street Sign - Damaged Other/Unknown Street 128 EAST 70 STREET EAST 70 STREET,MISSING_SIGNAGE
Street Light Condition Street Light Out  1128 41 STREET 41 STREET,POOR_LIGHTING
Street Light Condition Flood Light Lamp Out  3-048 BEACH   75 STREET BEACH   75 STREET,POOR_LIGHTING
Traffic Chronic Speeding Street/Sidewalk 31 AVENUE 31 AVENUE,SPEEDING
Street Sign - Missing Other/Unknown Street 2965 WEST EIGHTH STREET WEST EIGHTH STREET,MISSING_SIGNAGE
Street Sign - Damaged Other/Unknown Street 67-36 KESSEL STREET KESSEL STREET,MISSING_SIGNAGE
Street Light Condition Street Light Out  481 WEST   22 STREET WEST   22 STREET,POOR_LIGHTING
Street Light Condition Street Light Out  121-28 235 STREET 235 STREET,POOR_LIGHTING
Illegal Parking Blocked Crosswalk Street/Sidewalk 2450 STILLWELL AVENUE STILLWELL AVENUE,UNSAFE_CROSSWALK
Illegal Parking Blocked Crosswalk Street/Sidewalk 1001 AVENUE P AVENUE P,UNSAFE_CROSSWALK
Street Light Condition Street Light Out  227 STREET 227 STREET,POOR_LIGHTING
Illegal Parking Blocked Crosswalk Street/Sidewalk EAST 64 STREET EAST 64 STREET,UNSAFE_CROSSWALK
"Street Sign - Dangling No Parking, Standing, Stopping Street 107-10 SHORE FRONT PARKWAY SHORE FRONT PARKWAY",MISSING_SIGNAGE
Street Light Condition Street Light Cycling  LINCOLN TERRACE PARK LINCOLN TERRACE PARK,POOR_LIGHTING
Street Light Condition Lamppost Wire Exposed  70 PARADE PLACE PARADE PLACE,POOR_LIGHTING
"Street Sign - Damaged No Parking, Standing, Stopping Street 1031 FLUSHING AVENUE FLUSHING AVENUE",MISSING_SIGNAGE
Illegal Parking Blocked Crosswalk Street/Sidewalk 1012 EAST NEW YORK AVENUE EAST NEW YORK AVENUE,UNSAFE_CROSSWALK
Illegal Parking Blocked Crosswalk Street/Sidewalk EAST 123 STREET EAST 123 STREET,UNSAFE_CROSSWALK
Street Sign - Missing Other/Unknown Street 75-23 BROADWAY BROADWAY,MISSING_SIGNAGE
Street Sign - Missing Bus Stop Street 75-23 BROADWAY BROADWAY,MISSING_SIGNAGE
"Street Sign - Missing No Parking, Standing, Stopping Street 55 FULTON STREET FULTON STREET",MISSING_SIGNAGE
Illegal Parking Blocked Crosswalk Street/Sidewalk SAINT JAMES PLACE SAINT JAMES PLACE,UNSAFE_CROSSWALK
Illegal Parking Blocked Crosswalk Street/Sidewalk 316 ONDERDONK AVENUE ONDERDONK AVENUE,UNSAFE_CROSSWALK
Street Light Condition Street Light Out  BRUCKNER EXPY BRUCKNER EXPY,POOR_LIGHTING
Street Light Condition Street Light Out  MAJOR DEEGAN EXPY MAJOR DEEGAN EXPY,POOR_LIGHTING
Street Sign - Damaged Street Cleaning - ASP Street 1638 ANTHONY AVENUE ANTHONY AVENUE,MISSING_SIGNAGE
"Street Sign - Dangling No Parking, Standing, Stopping Street 551 ODER AVENUE ODER AVENUE",MISSING_SIGNAGE
Street Light Condition Street Light Cycling  51-26 72 PLACE 72 PLACE,POOR_LIGHTING
Traffic Chronic Stoplight Violation Street/Sidewalk UNION STREET UNION STREET,MISSING_SIGNAGE
Illegal Parking Blocked Crosswalk Street/Sidewalk WEST 93 STREET WEST 93 STREET,UNSAFE_CROSSWALK
Illegal Parking Blocked Crosswalk Street/Sidewalk 1504 JEROME AVENUE JEROME AVENUE,UNSAFE_CROSSWALK
Illegal Parking Blocked Crosswalk Street/Sidewalk 317 DAHILL ROAD DAHILL ROAD,UNSAFE_CROSSWALK
Illegal Parking Blocked Crosswalk Street/Sidewalk 107-57 UNION HALL STREET UNION HALL STREET,UNSAFE_CROSSWALK
Traffic Congestion/Gridlock Street/Sidewalk WOODHAVEN BOULEVARD WOODHAVEN BOULEVARD,OTHER
Illegal Parking Blocked Crosswalk Street/Sidewalk 740 BERGEN STREET BERGEN STREET,UNSAFE_CROSSWALK
Street Light Condition Fixture/Luminaire Hanging  143-13 FERNDALE AVENUE FERNDALE AVENUE,POOR_LIGHTING
Street Light Condition Street Light Out  469 WINDHAM LOOP WINDHAM LOOP,POOR_LIGHTING
Street Light Condition Street Light Out  1560 EAST   18 STREET EAST   18 STREET,POOR_LIGHTING
Illegal Parking Blocked Crosswalk Street/Sidewalk 233 MOTT STREET MOTT STREET,UNSAFE_CROSSWALK
Street Light Condition Multiple Street Lights Out  CROSS ISL PKWY CROSS ISL PKWY,POOR_LIGHTING
Street Light Condition Street Light Out  102-40 DITMARS BOULEVARD DITMARS BOULEVARD,POOR_LIGHTING
Illegal Parking Blocked Crosswalk Street/Sidewalk 43-37 HUNTER STREET HUNTER STREET,UNSAFE_CROSSWALK
Street Sign - Dangling St Name - Attached to Pole Street 1 FOX TERRACE FOX TERRACE,MISSING_SIGNAGE
Illegal Parking Blocked Crosswalk Street/Sidewalk 140-11 FARMERS BOULEVARD FARMERS BOULEVARD,UNSAFE_CROSSWALK
Street Light Condition Street Light Out  66 BOWLING GREEN PLACE BOWLING GREEN PLACE,POOR_LIGHTING
"Street Sign - Missing No Parking, Standing, Stopping Street 59 DIVISION AVENUE DIVISION AVENUE",MISSING_SIGNAGE
"Street Sign - Damaged No Parking, Standing, Stopping Street 1717 BROADWAY BROADWAY",MISSING_SIGNAGE
Street Light Condition Street Light Out  12 MARVIN ROAD MARVIN ROAD,POOR_LIGHTING
Illegal Parking Blocked Crosswalk Street/Sidewalk 66-64 BOOTH STREET BOOTH STREET,UNSAFE_CROSSWALK
"Street Sign - Missing No Parking, Standing, Stopping Street 196 WILLOUGHBY STREET WILLOUGHBY STREET",MISSING_SIGNAGE
"Street Sign - Missing No Parking, Standing, Stopping Street 230 ASHLAND PLACE ASHLAND PLACE",MISSING_SIGNAGE
Illegal Parking Blocked Crosswalk Street/Sidewalk 12 AVENUE 12 AVENUE,UNSAFE_CROSSWALK
Illegal Parking Blocked Crosswalk Street/Sidewalk 21-39 49 AVENUE 49 AVENUE,UNSAFE_CROSSWALK
Street Light Condition Street Light Out  355 58 STREET 58 STREET,POOR_LIGHTING
"Street Sign - Missing No Parking, Standing, Stopping Street 240 WILLOUGHBY STREET WILLOUGHBY STREET",MISSING_SIGNAGE
Street Sign - Damaged Other/Unknown Street 3813 AVENUE U AVENUE U,MISSING_SIGNAGE
Illegal Parking Blocked Crosswalk Street/Sidewalk 208 COLUMBIA STREET COLUMBIA STREET,UNSAFE_CROSSWALK
Traffic Congestion/Gridlock Street/Sidewalk 3200 BAYCHESTER AVENUE BAYCHESTER AVENUE,OTHER
Traffic Congestion/Gridlock Street/Sidewalk BERGEN STREET BERGEN STREET,OTHER
"Street Sign - Missing No Parking, Standing, Stopping Street 1-91 54 AVENUE 54 AVENUE",MISSING_SIGNAGE
Street Light Condition Street Light Out  525 BROOME STREET BROOME STREET,POOR_LIGHTING
Street Sign - Damaged St Name - Attached to Pole Street 104 MILTON AVENUE MILTON AVENUE,MISSING_SIGNAGE
Street Light Condition Multiple Street Lights Out  HIGH BRIDGE HIGH BRIDGE,POOR_LIGHTING
Illegal Parking Blocked Crosswalk Street/Sidewalk 271 BERRY STREET BERRY STREET,UNSAFE_CROSSWALK
Street Sign - Missing St Name - Attached to Pole Street FREEDOM PLACE SOUTH FREEDOM PLACE SOUTH,MISSING_SIGNAGE
Street Light Condition Street Light Out  396 EAST  199 STREET EAST  199 STREET,POOR_LIGHTING
"Street Sign - Damaged No Parking, Standing, Stopping Street 175 CHAUNCEY STREET CHAUNCEY STREET",MISSING_SIGNAGE
Illegal Parking Blocked Crosswalk Street/Sidewalk 107 LAWRENCE AVENUE LAWRENCE AVENUE,UNSAFE_CROSSWALK
Illegal Parking Blocked Crosswalk Street/Sidewalk 1305 YORK AVENUE YORK AVENUE,UNSAFE_CROSSWALK
Street Sign - Missing Other/Unknown Street 146 EAST 85 STREET EAST 85 STREET,MISSING_SIGNAGE
Illegal Parking Blocked Crosswalk Street/Sidewalk 693 GRANDVIEW AVENUE GRANDVIEW AVENUE,UNSAFE_CROSSWALK
Street Sign - Missing Other/Unknown Street 411 PARKSIDE AVENUE PARKSIDE AVENUE,MISSING_SIGNAGE
Illegal Parking Blocked Crosswalk Street/Sidewalk 2200 RYER AVENUE RYER AVENUE,UNSAFE_CROSSWALK
Street Light Condition Street Light Out  1165 SACKET AVENUE SACKET AVENUE,POOR_LIGHTING
Traffic Congestion/Gridlock Street/Sidewalk ROCKAWAY BOULEVARD ROCKAWAY BOULEVARD,OTHER
Street Sign - Missing Street Cleaning - ASP Street 43-11 162 STREET 162 STREET,MISSING_SIGNAGE
Street Sign - Missing Street Cleaning - ASP Street 43-06 162 STREET 162 STREET,MISSING_SIGNAGE
Illegal Parking Blocked Crosswalk Street/Sidewalk 1181 EAST 83 STREET EAST 83 STREET,UNSAFE_CROSSWALK
Street Light Condition Street Light Out  HENRY HUDSON PKWY HENRY HUDSON PKWY,POOR_LIGHTING
Street Sign - Damaged Bus Stop Street 79-14 ROCKAWAY BEACH BOULEVARD ROCKAWAY BEACH BOULEVARD,MISSING_SIGNAGE
Illegal Parking Blocked Crosswalk Street/Sidewalk 3050 EMMONS AVENUE EMMONS AVENUE,UNSAFE_CROSSWALK
Illegal Parking Blocked Crosswalk Street/Sidewalk MACKAY PLACE MACKAY PLACE,UNSAFE_CROSSWALK
Street Sign - Damaged Other/Unknown Street ROOSEVELT AVENUE ROOSEVELT AVENUE,MISSING_SIGNAGE
Illegal Parking Blocked Crosswalk Street/Sidewalk 1 ALBION PLACE ALBION PLACE,UNSAFE_CROSSWALK
"Street Sign - Damaged No Parking, Standing, Stopping Street 425 LAFAYETTE STREET LAFAYETTE STREET",MISSING_SIGNAGE
Illegal Parking Blocked Crosswalk Street/Sidewalk 1756 WEST 2 STREET WEST 2 STREET,UNSAFE_CROSSWALK
Illegal Parking Blocked Crosswalk Street/Sidewalk 71-25 NANSEN STREET NANSEN STREET,UNSAFE_CROSSWALK
Street Light Condition Street Light Out  270 LAFAYETTE AVENUE LAFAYETTE AVENUE,POOR_LIGHTING
Illegal Parking Blocked Crosswalk Street/Sidewalk 225 CHESTNUT STREET CHESTNUT STREET,UNSAFE_CROSSWALK
Street Light Condition Street Light Out  25-20 90 STREET 90 STREET,POOR_LIGHTING
Street Light Condition Street Light Out  12 EAST  107 STREET EAST  107 STREET,POOR_LIGHTING
Street Light Condition Street Light Out  EAST  106 STREET EAST  106 STREET,POOR_LIGHTING
Street Sign - Damaged Other/Unknown Street 209-99 86 DRIVE 86 DRIVE,MISSING_SIGNAGE
Street Light Condition Street Light Out  1600 PARK PLACE PARK PLACE,POOR_LIGHTING
Illegal Parking Blocked Crosswalk Street/Sidewalk 42 BAY 46 STREET BAY 46 STREET,UNSAFE_CROSSWALK
Illegal Parking Blocked Crosswalk Street/Sidewalk 99-05 58 AVENUE 58 AVENUE,UNSAFE_CROSSWALK
Street Light Condition Street Light Out  7-066 EMPIRE AVENUE EMPIRE AVENUE,POOR_LIGHTING
Street Light Condition Street Light Out  113 BAY STREET BAY STREET,POOR_LIGHTING
Street Light Condition Street Light Out  2901 SCHURZ AVENUE SCHURZ AVENUE,POOR_LIGHTING
Street Light Condition Street Light Out  436 SWINTON AVENUE SWINTON AVENUE,POOR_LIGHTING
Illegal Parking Blocked Crosswalk Street/Sidewalk 1 WINTHROP PLACE WINTHROP PLACE,UNSAFE_CROSSWALK
Illegal Parking Blocked Crosswalk Street/Sidewalk 2448 BENSON AVENUE BENSON AVENUE,UNSAFE_CROSSWALK
Street Light Condition Street Light Out  602 WEST  190 STREET WEST  190 STREET,POOR_LIGHTING
Street Light Condition Street Light Out  180 CROMWELL AVENUE CROMWELL AVENUE,POOR_LIGHTING
Traffic Drag Racing Street/Sidewalk 789 ARGYLE ROAD ARGYLE ROAD,SPEEDING
Illegal Parking Blocked Crosswalk Street/Sidewalk 715 OCEAN PARKWAY OCEAN PARKWAY,UNSAFE_CROSSWALK
Traffic Congestion/Gridlock Street/Sidewalk 5 AVENUE 5 AVENUE,OTHER
Illegal Parking Blocked Crosswalk Street/Sidewalk 1932 20 DRIVE 20 DRIVE,UNSAFE_CROSSWALK
Street Light Condition Street Light Out  2073 57 STREET 57 STREET,POOR_LIGHTING
Traffic Drag Racing Street/Sidewalk SHORE ROAD SHORE ROAD,SPEEDING
Illegal Parking Blocked Crosswalk Street/Sidewalk 85 BRADHURST AVENUE BRADHURST AVENUE,UNSAFE_CROSSWALK
Street Light Condition Street Light Out  -999 EAST   23 STREET EAST   23 STREET,POOR_LIGHTING
Street Light Condition Street Light Out  1566 MACOMBS ROAD MACOMBS ROAD,POOR_LIGHTING
Street Light Condition Street Light Out  122 FORBELL STREET FORBELL STREET,POOR_LIGHTING
Street Light Condition Street Light Out  20-44 21 STREET 21 STREET,POOR_LIGHTING
Street Light Condition Lamppost Wire Exposed  100 WEST   22 STREET WEST   22 STREET,POOR_LIGHTING
Traffic Chronic Stoplight Violation Street/Sidewalk 66-22 FLEET STREET FLEET STREET,MISSING_SIGNAGE
Traffic Drag Racing Street/Sidewalk 4294 OCEAN AVENUE OCEAN AVENUE,SPEEDING
Street Sign - Missing Other/Unknown Street AVENUE U AVENUE U,MISSING_SIGNAGE
Street Sign - Dangling St Name - Over Intersection Street 22-99 BEACH CHANNEL DRIVE BEACH CHANNEL DRIVE,MISSING_SIGNAGE
Illegal Parking Blocked Crosswalk Street/Sidewalk 5601 13 AVENUE 13 AVENUE,UNSAFE_CROSSWALK
Street Light Condition Street Light Out  270 WILSON AVENUE WILSON AVENUE,POOR_LIGHTING
Street Light Condition Street Light Out  1309 ST LAWRENCE AVENUE ST LAWRENCE AVENUE,POOR_LIGHTING
"Street Sign - Damaged No Parking, Standing, Stopping Street NEW LOTS AVENUE NEW LOTS AVENUE",MISSING_SIGNAGE
Illegal Parking Blocked Crosswalk Street/Sidewalk 20 COMMERCIAL STREET COMMERCIAL STREET,UNSAFE_CROSSWALK
Illegal Parking Blocked Crosswalk Street/Sidewalk 9201 SHORE ROAD SHORE ROAD,UNSAFE_CROSSWALK
Illegal Parking Blocked Crosswalk Street/Sidewalk 41-99 51 STREET 51 STREET,UNSAFE_CROSSWALK
Street Sign - Damaged Other/Unknown Street 140-11 246 STREET 246 STREET,MISSING_SIGNAGE
Street Light Condition Street Light Out  434 GREENWICH STREET GREENWICH STREET,POOR_LIGHTING
Street Light Condition Street Light Out  758 EAST  213 STREET EAST  213 STREET,POOR_LIGHTING
Illegal Parking Blocked Crosswalk Street/Sidewalk 27 STREET 27 STREET,UNSAFE_CROSSWALK
Street Light Condition Street Light Out  THAMES AVENUE THAMES AVENUE,POOR_LIGHTING
Street Light Condition Street Light Out  1337 52 STREET 52 STREET,POOR_LIGHTING
Street Light Condition Street Light Out  3610 NEPTUNE AVENUE NEPTUNE AVENUE,POOR_LIGHTING
Illegal Parking Blocked Crosswalk Street/Sidewalk PROSPECT AVENUE PROSPECT AVENUE,UNSAFE_CROSSWALK
Illegal Parking Blocked Crosswalk Street/Sidewalk 701 AVENUE L AVENUE L,UNSAFE_CROSSWALK
Illegal Parking Blocked Crosswalk Street/Sidewalk 78 8 AVENUE 8 AVENUE,UNSAFE_CROSSWALK
Illegal Parking Blocked Crosswalk Street/Sidewalk 600 WEST 146 STREET WEST 146 STREET,UNSAFE_CROSSWALK
Street Sign - Damaged Other/Unknown Street 115-27 115 STREET 115 STREET,MISSING_SIGNAGE
Illegal Parking Blocked Crosswalk Street/Sidewalk 2802 AVENUE X AVENUE X,UNSAFE_CROSSWALK
Street Light Condition Lamppost Wire Exposed  125 HART STREET HART STREET,POOR_LIGHTING
Street Sign - Damaged Other/Unknown Street 148 BROOKLYN AVENUE BROOKLYN AVENUE,MISSING_SIGNAGE
Street Light Condition Street Light Out  93-40 217 STREET 217 STREET,POOR_LIGHTING
Street Light Condition Street Light Out  280 LACONIA AVENUE LACONIA AVENUE,POOR_LIGHTING
Traffic Congestion/Gridlock Street/Sidewalk 507 9 AVENUE 9 AVENUE,OTHER
Illegal Parking Blocked Crosswalk Street/Sidewalk 35-50 COLLEGE POINT BOULEVARD COLLEGE POINT BOULEVARD,UNSAFE_CROSSWALK
Illegal Parking Blocked Crosswalk Street/Sidewalk 36-30 COLLEGE POINT BOULEVARD COLLEGE POINT BOULEVARD,UNSAFE_CROSSWALK
Street Sign - Damaged Other/Unknown Street 939 EAST TREMONT AVENUE EAST TREMONT AVENUE,MISSING_SIGNAGE
Traffic Congestion/Gridlock Street/Sidewalk 71 AVENUE 71 AVENUE,OTHER
Illegal Parking Blocked Crosswalk Street/Sidewalk 560 BERGEN STREET BERGEN STREET,UNSAFE_CROSSWALK
Illegal Parking Blocked Crosswalk Street/Sidewalk AVENUE B AVENUE B,UNSAFE_CROSSWALK
Illegal Parking Blocked Crosswalk Street/Sidewalk 48-60 45 STREET 45 STREET,UNSAFE_CROSSWALK
"Street Sign - Missing No Parking, Standing, Stopping Street 95 WEST 168 STREET WEST 168 STREET",MISSING_SIGNAGE
Street Light Condition Street Light Out  220 EAST   63 STREET EAST   63 STREET,POOR_LIGHTING
Street Light Condition Street Light Out  169 COOPER STREET COOPER STREET,POOR_LIGHTING
Street Light Condition Street Light Out  EAST   66 STREET EAST   66 STREET,POOR_LIGHTING
Traffic Drag Racing Street/Sidewalk 21 AVENUE 21 AVENUE,SPEEDING
Traffic Congestion/Gridlock Street/Sidewalk DOUGLASTON PARKWAY DOUGLASTON PARKWAY,OTHER
Illegal Parking Blocked Crosswalk Street/Sidewalk 260 HAMILTON AVENUE HAMILTON AVENUE,UNSAFE_CROSSWALK
Street Light Condition Lamppost Missing  26 AVENUE 26 AVENUE,POOR_LIGHTING
Illegal Parking Blocked Crosswalk Street/Sidewalk 1362 EAST 99 STREET EAST 99 STREET,UNSAFE_CROSSWALK
Street Sign - Damaged One Way Street 67 ROAD 67 ROAD,MISSING_SIGNAGE
Traffic Chronic Speeding Street/Sidewalk LOUISA STREET LOUISA STREET,SPEEDING
Street Sign - Missing Stop Street 123 EAST MOSHOLU PARKWAY NORTH EAST MOSHOLU PARKWAY NORTH,MISSING_SIGNAGE
Illegal Parking Blocked Crosswalk Street/Sidewalk 70 10 AVENUE 10 AVENUE,UNSAFE_CROSSWALK
Illegal Parking Blocked Crosswalk Street/Sidewalk 130 VANDALIA AVENUE VANDALIA AVENUE,UNSAFE_CROSSWALK
Illegal Parking Blocked Crosswalk Street/Sidewalk 2001 HERMANY AVENUE HERMANY AVENUE,UNSAFE_CROSSWALK
Illegal Parking Blocked Crosswalk Street/Sidewalk 1164 63 STREET 63 STREET,UNSAFE_CROSSWALK
Traffic Chronic Speeding Street/Sidewalk VAN NEST AVENUE VAN NEST AVENUE,SPEEDING
Street Sign - Damaged Bus Stop Street DYCKMAN STREET DYCKMAN STREET,MISSING_SIGNAGE
Street Light Condition Street Light Out  19 WADSWORTH AVENUE WADSWORTH AVENUE,POOR_LIGHTING
Street Light Condition Street Light Out  239 BEACH  149 STREET BEACH  149 STREET,POOR_LIGHTING
Illegal Parking Blocked Crosswalk Street/Sidewalk EAST 172 STREET EAST 172 STREET,UNSAFE_CROSSWALK
"Street Sign - Missing No Parking, Standing, Stopping Street CENTER BOULEVARD CENTER BOULEVARD",MISSING_SIGNAGE
Street Light Condition Street Light Out  540 MCKENNA SQUARE MCKENNA SQUARE,POOR_LIGHTING
Street Light Condition Street Light Out  16 WEST  101 STREET WEST  101 STREET,POOR_LIGHTING
Illegal Parking Blocked Crosswalk Street/Sidewalk 699 WASHINGTON STREET WASHINGTON STREET,UNSAFE_CROSSWALK
Illegal Parking Blocked Crosswalk Street/Sidewalk 190-21 35 AVENUE 35 AVENUE,UNSAFE_CROSSWALK
"Street Sign - Damaged No Parking, Standing, Stopping Street 145 ROAD 145 ROAD",MISSING_SIGNAGE
Street Light Condition Street Light Out  60 EXETER STREET EXETER STREET,POOR_LIGHTING
Illegal Parking Blocked Crosswalk Street/Sidewalk 2503 HARWAY AVENUE HARWAY AVENUE,UNSAFE_CROSSWALK
Street Light Condition Street Light Out  145 HICKS STREET HICKS STREET,POOR_LIGHTING
Illegal Parking Blocked Crosswalk Street/Sidewalk 88-36 139 STREET 139 STREET,UNSAFE_CROSSWALK
Street Light Condition Lamppost Knocked Down  219 PROSPECT PARK WEST PROSPECT PARK WEST,POOR_LIGHTING
Illegal Parking Blocked Crosswalk Street/Sidewalk 230 EAST 15 STREET EAST 15 STREET,UNSAFE_CROSSWALK
"Street Sign - Dangling No Parking, Standing, Stopping Street 68 TACOMA STREET TACOMA STREET",MISSING_SIGNAGE
Illegal Parking Blocked Crosswalk Street/Sidewalk 1701 EAST 16 STREET EAST 16 STREET,UNSAFE_CROSSWALK
Street Light Condition Fixture/Luminaire Damaged  27 EAST   11 STREET EAST   11 STREET,POOR_LIGHTING
Street Sign - Missing Street Cleaning - ASP Street 1835 CARTER AVENUE CARTER AVENUE,MISSING_SIGNAGE
Street Sign - Damaged Other/Unknown Street 178-15 UNION TURNPIKE UNION TURNPIKE,MISSING_SIGNAGE
Illegal Parking Blocked Crosswalk Street/Sidewalk ROCKAWAY PARKWAY ROCKAWAY PARKWAY,UNSAFE_CROSSWALK
Street Light Condition Street Light Out  233 BEACH  132 STREET BEACH  132 STREET,POOR_LIGHTING
Illegal Parking Blocked Crosswalk Street/Sidewalk 81 WILLOUGHBY STREET WILLOUGHBY STREET,UNSAFE_CROSSWALK
Illegal Parking Blocked Crosswalk Street/Sidewalk ELDER AVENUE ELDER AVENUE,UNSAFE_CROSSWALK
Street Light Condition Street Light Out  962 BRADY AVENUE BRADY AVENUE,POOR_LIGHTING
Street Light Condition Street Light Out  1925 HARRISON AVENUE HARRISON AVENUE,POOR_LIGHTING
Illegal Parking Blocked Crosswalk Street/Sidewalk 450 WESTMINSTER ROAD WESTMINSTER ROAD,UNSAFE_CROSSWALK
"Street Sign - Dangling No Parking, Standing, Stopping Street 90-01 ROCKAWAY BEACH BOULEVARD ROCKAWAY BEACH BOULEVARD",MISSING_SIGNAGE
Traffic Drag Racing Street/Sidewalk EAST 38 STREET EAST 38 STREET,SPEEDING
Traffic Truck Route Violation Street/Sidewalk 33-19 126 PLACE 126 PLACE,OTHER
Street Light Condition Street Light Out  48 HOLDEN BOULEVARD HOLDEN BOULEVARD,POOR_LIGHTING
Street Light Condition Lamppost Missing  2256 BRUCKNER BOULEVARD BRUCKNER BOULEVARD,POOR_LIGHTING
Street Light Condition Multiple Street Lights Out  FDR DR FDR DR,POOR_LIGHTING
Street Sign - Damaged Other/Unknown Street 6037 DELAFIELD AVENUE DELAFIELD AVENUE,MISSING_SIGNAGE
Illegal Parking Blocked Crosswalk Street/Sidewalk 85 RIVERSIDE DRIVE RIVERSIDE DRIVE,UNSAFE_CROSSWALK
Illegal Parking Blocked Crosswalk Street/Sidewalk 400 OCEAN AVENUE OCEAN AVENUE,UNSAFE_CROSSWALK
Street Light Condition Street Light Out  21-16 47 STREET 47 STREET,POOR_LIGHTING
Street Light Condition Street Light Out  3210 YATES AVENUE YATES AVENUE,POOR_LIGHTING
Street Light Condition Street Light Out  1225 SHERMAN AVENUE SHERMAN AVENUE,POOR_LIGHTING
Street Light Condition Flood Light Lamp Out  508 EAST   78 STREET EAST   78 STREET,POOR_LIGHTING
Street Sign - Damaged Other/Unknown Street 252 LOTT AVENUE LOTT AVENUE,MISSING_SIGNAGE
Street Sign - Missing Bus Stop Street EAST 26 STREET EAST 26 STREET,MISSING_SIGNAGE
Illegal Parking Blocked Crosswalk Street/Sidewalk 9729 FARRAGUT ROAD FARRAGUT ROAD,UNSAFE_CROSSWALK
Street Light Condition Street Light Out  49 SOUTH    1 STREET SOUTH    1 STREET,POOR_LIGHTING
Street Light Condition Street Light Out  85-04 95 AVENUE 95 AVENUE,POOR_LIGHTING
Street Sign - Damaged Bus Stop Street 6 AVENUE 6 AVENUE,MISSING_SIGNAGE
Street Light Condition Street Light Out  2317 62 STREET 62 STREET,POOR_LIGHTING
Street Light Condition Lamppost Base Door/Cover Damaged  128-19 VAN WYCK EXPRESSWAY VAN WYCK EXPRESSWAY,POOR_LIGHTING
Street Light Condition Street Light Out  219-19 141 ROAD 141 ROAD,POOR_LIGHTING
Street Light Condition Street Light Out  386 EAST MOSHOLU PARKWAY SOUTH EAST MOSHOLU PARKWAY SOUTH,POOR_LIGHTING
Street Light Condition Multiple Street Lights Out  BRONX RVR PKWY BRONX RVR PKWY,POOR_LIGHTING
Street Light Condition Street Light Out  EAST   80 STREET EAST   80 STREET,POOR_LIGHTING
Street Sign - Damaged Bus Stop Street RIVERSIDE DRIVE RIVERSIDE DRIVE,MISSING_SIGNAGE
Illegal Parking Blocked Crosswalk Street/Sidewalk 89 BROAD STREET BROAD STREET,UNSAFE_CROSSWALK
Street Light Condition Street Light Out  1055 58 STREET 58 STREET,POOR_LIGHTING
Illegal Parking Blocked Crosswalk Street/Sidewalk 124 GALE PLACE GALE PLACE,UNSAFE_CROSSWALK
Illegal Parking Blocked Crosswalk Street/Sidewalk 82-54 165 STREET 165 STREET,UNSAFE_CROSSWALK
Illegal Parking Blocked Crosswalk Street/Sidewalk 256 MANHATTAN AVENUE MANHATTAN AVENUE,UNSAFE_CROSSWALK
Illegal Parking Blocked Crosswalk Street/Sidewalk 941 LONGFELLOW AVENUE LONGFELLOW AVENUE,UNSAFE_CROSSWALK
Street Light Condition Street Light Out  965 COLLEGE AVENUE COLLEGE AVENUE,POOR_LIGHTING
Street Light Condition Street Light Lamp Dim  73 8 AVENUE 8 AVENUE,POOR_LIGHTING
Street Light Condition Street Light Out  2721 HEATH AVENUE HEATH AVENUE,POOR_LIGHTING
Illegal Parking Blocked Crosswalk Street/Sidewalk THE BATTERY THE BATTERY,UNSAFE_CROSSWALK
Street Light Condition Street Light Out  83-02 BEACH CHANNEL DRIVE BEACH CHANNEL DRIVE,POOR_LIGHTING
Illegal Parking Blocked Crosswalk Street/Sidewalk POST AVENUE POST AVENUE,UNSAFE_CROSSWALK
"Street Sign - Dangling No Parking, Standing, Stopping Street 219 PROSPECT PARK WEST PROSPECT PARK WEST",MISSING_SIGNAGE
Street Light Condition Lamppost Wire Exposed  219 PROSPECT PARK SOUTH WEST PROSPECT PARK SOUTH WEST,POOR_LIGHTING
Street Sign - Damaged Other/Unknown Street 3801 MERRITT AVENUE MERRITT AVENUE,MISSING_SIGNAGE
Illegal Parking Blocked Crosswalk Street/Sidewalk PILGRIM AVENUE PILGRIM AVENUE,UNSAFE_CROSSWALK
Street Light Condition Lamppost Wire Exposed  67 BROAD STREET BROAD STREET,POOR_LIGHTING
Street Light Condition Lamppost Wire Exposed  400 LAFAYETTE STREET LAFAYETTE STREET,POOR_LIGHTING
Street Sign - Missing Stop Street 34 AVENUE 34 AVENUE,MISSING_SIGNAGE
Illegal Parking Blocked Crosswalk Street/Sidewalk 35 WEST 174 STREET WEST 174 STREET,UNSAFE_CROSSWALK
Illegal Parking Blocked Crosswalk Street/Sidewalk 141 GREENE AVENUE GREENE AVENUE,UNSAFE_CROSSWALK
Street Light Condition Street Light Out  1809 STILLWELL AVENUE STILLWELL AVENUE,POOR_LIGHTING
Illegal Parking Blocked Crosswalk Street/Sidewalk 2125 OCEAN AVENUE OCEAN AVENUE,UNSAFE_CROSSWALK
Illegal Parking Blocked Crosswalk Street/Sidewalk 2103 WEBSTER AVENUE WEBSTER AVENUE,UNSAFE_CROSSWALK
Traffic Truck Route Violation Street/Sidewalk 36 PERKIOMEN AVENUE PERKIOMEN AVENUE,OTHER
Street Sign - Dangling Speed Limit Street 288 BIDWELL AVENUE BIDWELL AVENUE,MISSING_SIGNAGE
Street Sign - Damaged Street Cleaning - ASP Street 440 MYRTLE AVENUE MYRTLE AVENUE,MISSING_SIGNAGE
Illegal Parking Blocked Crosswalk Street/Sidewalk 6204 24 AVENUE 24 AVENUE,UNSAFE_CROSSWALK
Street Light Condition Lamppost Missing  174 ST ANN'S AVENUE ST ANN'S AVENUE,POOR_LIGHTING
Illegal Parking Blocked Crosswalk Street/Sidewalk 57 PARK TERRACE EAST PARK TERRACE EAST,UNSAFE_CROSSWALK
Street Sign - Dangling Other/Unknown Street 1550 VYSE AVENUE VYSE AVENUE,MISSING_SIGNAGE
Street Sign - Missing Other/Unknown Street 3099 BRIGHTON FIRST PLACE BRIGHTON FIRST PLACE,MISSING_SIGNAGE
Illegal Parking Blocked Crosswalk Street/Sidewalk 50 AVENUE 50 AVENUE,UNSAFE_CROSSWALK
Street Light Condition Street Light Out  148 BEACH  144 STREET BEACH  144 STREET,POOR_LIGHTING
Street Light Condition Street Light Out  77-21 80 STREET 80 STREET,POOR_LIGHTING
Street Light Condition Street Light Out  171 KILROE STREET KILROE STREET,POOR_LIGHTING
Illegal Parking Blocked Crosswalk Street/Sidewalk 174-46 POLHEMUS AVENUE POLHEMUS AVENUE,UNSAFE_CROSSWALK
Street Light Condition Street Light Out  421 BEACH  120 STREET BEACH  120 STREET,POOR_LIGHTING
Street Light Condition Street Light Out  38-04 97 STREET 97 STREET,POOR_LIGHTING
Illegal Parking Blocked Crosswalk Street/Sidewalk 88-27 139 STREET 139 STREET,UNSAFE_CROSSWALK
Street Light Condition Street Light Out  BROOKVILLE PARK BROOKVILLE PARK,POOR_LIGHTING
Street Light Condition Street Light Out  1014 VAN NEST AVENUE VAN NEST AVENUE,POOR_LIGHTING
Illegal Parking Blocked Crosswalk Street/Sidewalk 1084 70 STREET 70 STREET,UNSAFE_CROSSWALK
Street Light Condition Street Light Out  330 SOUTH    3 STREET SOUTH    3 STREET,POOR_LIGHTING
Traffic Drag Racing Street/Sidewalk 3090 CONEY ISLAND AVENUE CONEY ISLAND AVENUE,SPEEDING
Illegal Parking Blocked Crosswalk Street/Sidewalk 99 HILLSIDE AVENUE HILLSIDE AVENUE,UNSAFE_CROSSWALK
Traffic Drag Racing Street/Sidewalk 3000 OCEAN PARKWAY OCEAN PARKWAY,SPEEDING
Illegal Parking Blocked Crosswalk Street/Sidewalk 77-02 79 STREET 79 STREET,UNSAFE_CROSSWALK
Street Light Condition Street Light Out  76-39 VLEIGH PLACE VLEIGH PLACE,POOR_LIGHTING
Street Light Condition Street Light Out  WILLOUGHBY AVENUE WILLOUGHBY AVENUE,POOR_LIGHTING
Street Light Condition Street Light Out  95-30 WALTHAM STREET WALTHAM STREET,POOR_LIGHTING
Illegal Parking Blocked Crosswalk Street/Sidewalk 1845 NOSTRAND AVENUE NOSTRAND AVENUE,UNSAFE_CROSSWALK
"Street Sign - Missing No Parking, Standing, Stopping Street 2201 BEVERLEY ROAD BEVERLEY ROAD",MISSING_SIGNAGE
Traffic Drag Racing Street/Sidewalk VERNON BOULEVARD VERNON BOULEVARD,SPEEDING
Street Light Condition Street Light Out  82-20 BELL BOULEVARD BELL BOULEVARD,POOR_LIGHTING
Street Light Condition Street Light Out  185 EAST    3 STREET EAST    3 STREET,POOR_LIGHTING
Street Light Condition Multiple Street Lights Out  VAN WYCK EXPY VAN WYCK EXPY,POOR_LIGHTING
Street Light Condition Street Light Out  1795 EAST    7 STREET EAST    7 STREET,POOR_LIGHTING
Illegal Parking Blocked Crosswalk Street/Sidewalk 798 4 AVENUE 4 AVENUE,UNSAFE_CROSSWALK
Street Light Condition Street Light Lamp Dim  24 WEST    8 STREET WEST    8 STREET,POOR_LIGHTING
Street Light Condition Street Light Out  556 TROY AVENUE TROY AVENUE,POOR_LIGHTING
Street Light Condition Street Light Lamp Dim  188 8 AVENUE 8 AVENUE,POOR_LIGHTING
Illegal Parking Blocked Crosswalk Street/Sidewalk 190 BERRY STREET BERRY STREET,UNSAFE_CROSSWALK
Illegal Parking Blocked Crosswalk Street/Sidewalk 288 LINCOLN AVENUE LINCOLN AVENUE,UNSAFE_CROSSWALK
Street Light Condition Street Light Out  118-50 196 STREET 196 STREET,POOR_LIGHTING
Illegal Parking Blocked Crosswalk Street/Sidewalk 120 CLAY STREET CLAY STREET,UNSAFE_CROSSWALK
Street Sign - Damaged St Name - Attached to Pole Street BEACH 62 STREET BEACH 62 STREET,MISSING_SIGNAGE
Street Sign - Missing Yield Street 69-03 DITMARS BOULEVARD DITMARS BOULEVARD,MISSING_SIGNAGE
Street Light Condition Street Light Out  12 AVENUE 12 AVENUE,POOR_LIGHTING
Illegal Parking Blocked Crosswalk Street/Sidewalk 44-43 DOUGLASTON PARKWAY DOUGLASTON PARKWAY,UNSAFE_CROSSWALK
Illegal Parking Blocked Crosswalk Street/Sidewalk 1 BELL SLIP BELL SLIP,UNSAFE_CROSSWALK
Street Light Condition Street Light Out  653 COLLFIELD AVENUE COLLFIELD AVENUE,POOR_LIGHTING
Street Sign - Dangling Other/Unknown Street 241-15 NORTHERN BOULEVARD NORTHERN BOULEVARD,MISSING_SIGNAGE
Illegal Parking Blocked Crosswalk Street/Sidewalk 1378 EAST SECOND STREET EAST SECOND STREET,UNSAFE_CROSSWALK
Street Light Condition Street Light Out  125 SENATOR STREET SENATOR STREET,POOR_LIGHTING
Street Light Condition Street Light Out  420 WEST  146 STREET WEST  146 STREET,POOR_LIGHTING
Illegal Parking Blocked Crosswalk Street/Sidewalk 455 BUSHWICK AVENUE BUSHWICK AVENUE,UNSAFE_CROSSWALK
Illegal Parking Blocked Crosswalk Street/Sidewalk 163 WILSON AVENUE WILSON AVENUE,UNSAFE_CROSSWALK
Street Light Condition Street Light Out  2287 JOHNSON AVENUE JOHNSON AVENUE,POOR_LIGHTING
Illegal Parking Blocked Crosswalk Street/Sidewalk 137-44 THURSTON STREET THURSTON STREET,UNSAFE_CROSSWALK
"Street Sign - Damaged No Parking, Standing, Stopping Street 51-29 46 STREET 46 STREET",MISSING_SIGNAGE
Illegal Parking Blocked Crosswalk Street/Sidewalk UNION AVENUE UNION AVENUE,UNSAFE_CROSSWALK
Street Light Condition Street Light Out  1516 VOORHIES AVENUE VOORHIES AVENUE,POOR_LIGHTING
Street Sign - Dangling Speed Limit Street WEST STREET WEST STREET,MISSING_SIGNAGE
Illegal Parking Blocked Crosswalk Street/Sidewalk 110-24 106 STREET 106 STREET,UNSAFE_CROSSWALK
Illegal Parking Blocked Crosswalk Street/Sidewalk 316 ELDERT LANE ELDERT LANE,UNSAFE_CROSSWALK
Street Sign - Missing Other/Unknown Street 720 EAST 8 STREET EAST 8 STREET,MISSING_SIGNAGE
Illegal Parking Blocked Crosswalk Street/Sidewalk 192 BERRY STREET BERRY STREET,UNSAFE_CROSSWALK
Illegal Parking Blocked Crosswalk Street/Sidewalk 755 PARK AVENUE PARK AVENUE,UNSAFE_CROSSWALK
Traffic Drag Racing Street/Sidewalk 2-01 50 AVENUE 50 AVENUE,SPEEDING
Illegal Parking Blocked Crosswalk Street/Sidewalk 100 WEST 71 STREET WEST 71 STREET,UNSAFE_CROSSWALK
Street Light Condition Street Light Out  PROSPECT PLACE PROSPECT PLACE,POOR_LIGHTING
Illegal Parking Blocked Crosswalk Street/Sidewalk 809 ATLANTIC AVENUE ATLANTIC AVENUE,UNSAFE_CROSSWALK
Illegal Parking Blocked Crosswalk Street/Sidewalk 30-02 39 AVENUE 39 AVENUE,UNSAFE_CROSSWALK
Illegal Parking Blocked Crosswalk Street/Sidewalk 110 STREET 110 STREET,UNSAFE_CROSSWALK
"Street Sign - Missing No Parking, Standing, Stopping Street 79-33 258 STREET 258 STREET",MISSING_SIGNAGE
Street Sign - Dangling Stop Street 20 RIVER TERRACE RIVER TERRACE,MISSING_SIGNAGE
Street Sign - Dangling Other/Unknown Street 1200 COMMONWEALTH AVENUE COMMONWEALTH AVENUE,MISSING_SIGNAGE
Street Sign - Dangling Other/Unknown Street 82 SEELEY STREET SEELEY STREET,MISSING_SIGNAGE
Street Light Condition Street Light Out  1843 63 STREET 63 STREET,POOR_LIGHTING
Traffic Drag Racing Street/Sidewalk 21-02 23 STREET 23 STREET,SPEEDING
Illegal Parking Blocked Crosswalk Street/Sidewalk 20-08 21 AVENUE 21 AVENUE,UNSAFE_CROSSWALK
Illegal Parking Blocked Crosswalk Street/Sidewalk HERKIMER PLACE HERKIMER PLACE,UNSAFE_CROSSWALK
Street Sign - Missing Speed Limit Street EAST 23 STREET EAST 23 STREET,MISSING_SIGNAGE
"Street Sign - Dangling No Parking, Standing, Stopping Street 2201 BEVERLEY ROAD BEVERLEY ROAD",MISSING_SIGNAGE
Illegal Parking Blocked Crosswalk Street/Sidewalk 7 BELL SLIP BELL SLIP,UNSAFE_CROSSWALK
Illegal Parking Blocked Crosswalk Street/Sidewalk 2 CLAY STREET CLAY STREET,UNSAFE_CROSSWALK
Street Sign - Damaged Stop Street 103 ROAD 103 ROAD,MISSING_SIGNAGE
Street Light Condition Fixture/Luminaire Missing  4368 GUNTHER AVENUE GUNTHER AVENUE,POOR_LIGHTING
Street Light Condition Street Light Out  217 EAST   56 STREET EAST   56 STREET,POOR_LIGHTING
Street Light Condition Street Light Out  3306 HULL AVENUE HULL AVENUE,POOR_LIGHTING
Street Light Condition Lamppost Wire Exposed  235 WEST  138 STREET WEST  138 STREET,POOR_LIGHTING
Illegal Parking Blocked Crosswalk Street/Sidewalk 192 HIGHLAWN AVENUE HIGHLAWN AVENUE,UNSAFE_CROSSWALK
Illegal Parking Blocked Crosswalk Street/Sidewalk 2822 WEBB AVENUE WEBB AVENUE,UNSAFE_CROSSWALK
Street Light Condition Street Light Out  153-67 146 AVENUE 146 AVENUE,POOR_LIGHTING
Illegal Parking Blocked Crosswalk Street/Sidewalk EAST 8 STREET EAST 8 STREET,UNSAFE_CROSSWALK
Street Light Condition Street Light Out  225 STANHOPE STREET STANHOPE STREET,POOR_LIGHTING
Traffic Congestion/Gridlock Street/Sidewalk EAST 86 STREET EAST 86 STREET,OTHER
Street Light Condition Street Light Out  7227 AVENUE M AVENUE M,POOR_LIGHTING
Street Light Condition Street Light Out  678 LEFFERTS AVENUE LEFFERTS AVENUE,POOR_LIGHTING
Illegal Parking Blocked Crosswalk Street/Sidewalk 2181 AMSTERDAM AVENUE AMSTERDAM AVENUE,UNSAFE_CROSSWALK
Street Sign - Damaged Other/Unknown Street BRUNER AVENUE BRUNER AVENUE,MISSING_SIGNAGE
Street Light Condition Fixture/Luminaire Out Of Position  236 56 STREET 56 STREET,POOR_LIGHTING
Traffic Drag Racing Street/Sidewalk RICHMOND AVENUE RICHMOND AVENUE,SPEEDING
"Street Sign - Dangling No Parking, Standing, Stopping Street 1942 O'BRIEN AVENUE O'BRIEN AVENUE",MISSING_SIGNAGE
Illegal Parking Blocked Crosswalk Street/Sidewalk 4632 3 AVENUE 3 AVENUE,UNSAFE_CROSSWALK
Illegal Parking Blocked Crosswalk Street/Sidewalk 1115 JEROME AVENUE JEROME AVENUE,UNSAFE_CROSSWALK
Street Sign - Missing St Name - Attached to Pole Street JERICHO TURNPIKE JERICHO TURNPIKE,MISSING_SIGNAGE
Street Sign - Damaged St Name - Attached to Pole Street 6 HITCHINGS AVENUE HITCHINGS AVENUE,MISSING_SIGNAGE
Illegal Parking Blocked Crosswalk Street/Sidewalk 8677 18 AVENUE 18 AVENUE,UNSAFE_CROSSWALK
Illegal Parking Blocked Crosswalk Street/Sidewalk 1600 YATES AVENUE YATES AVENUE,UNSAFE_CROSSWALK
Street Sign - Missing St Name - Attached to Pole Street 222-70 BRADDOCK AVENUE BRADDOCK AVENUE,MISSING_SIGNAGE
Street Light Condition Street Light Out  EWEN PARK EWEN PARK,POOR_LIGHTING
Traffic Congestion/Gridlock Street/Sidewalk 22 MARBLE HILL AVENUE MARBLE HILL AVENUE,OTHER
"Street Sign - Missing No Parking, Standing, Stopping Street 89-17 221 STREET 221 STREET",MISSING_SIGNAGE
"Street Sign - Damaged No Parking, Standing, Stopping Street 359 KINGSLAND AVENUE KINGSLAND AVENUE",MISSING_SIGNAGE
Street Sign - Dangling Other/Unknown Street 89 AVENUE 89 AVENUE,MISSING_SIGNAGE
Street Sign - Missing Other/Unknown Street 540 LEXINGTON AVENUE LEXINGTON AVENUE,MISSING_SIGNAGE
Street Light Condition Lamppost Missing  PROSPECT PARK PROSPECT PARK,POOR_LIGHTING
Illegal Parking Blocked Crosswalk Street/Sidewalk 339 EAST 108 STREET EAST 108 STREET,UNSAFE_CROSSWALK
Street Sign - Damaged Construction Street 20 AVENUE 20 AVENUE,MISSING_SIGNAGE
Illegal Parking Blocked Crosswalk Street/Sidewalk 805 ROCKAWAY AVENUE ROCKAWAY AVENUE,UNSAFE_CROSSWALK
Illegal Parking Blocked Crosswalk Street/Sidewalk 78 MANHATTAN AVENUE MANHATTAN AVENUE,UNSAFE_CROSSWALK
Illegal Parking Blocked Crosswalk Street/Sidewalk 1290 EAST 19 STREET EAST 19 STREET,UNSAFE_CROSSWALK
Street Light Condition Street Light Out  117 NORDEN STREET NORDEN STREET,POOR_LIGHTING
Illegal Parking Blocked Crosswalk Street/Sidewalk 244 ROMA AVENUE ROMA AVENUE,UNSAFE_CROSSWALK
Street Light Condition Street Light Out  56 EXETER STREET EXETER STREET,POOR_LIGHTING
Illegal Parking Blocked Crosswalk Street/Sidewalk 104-20 SUTTER AVENUE SUTTER AVENUE,UNSAFE_CROSSWALK
Illegal Parking Blocked Crosswalk Street/Sidewalk 110 WYTHE AVENUE WYTHE AVENUE,UNSAFE_CROSSWALK
Illegal Parking Blocked Crosswalk Street/Sidewalk 570 LEXINGTON AVENUE LEXINGTON AVENUE,UNSAFE_CROSSWALK
Illegal Parking Blocked Crosswalk Street/Sidewalk 274 4 AVENUE 4 AVENUE,UNSAFE_CROSSWALK
Street Sign - Dangling St Name - Over Intersection Street 88 STREET 88 STREET,MISSING_SIGNAGE
Street Sign - Missing St Name - Attached to Pole Street 4404 ATLANTIC AVENUE ATLANTIC AVENUE,MISSING_SIGNAGE
Street Sign - Missing St Name - Attached to Pole Street 230 PLACE 230 PLACE,MISSING_SIGNAGE
Traffic Drag Racing Street/Sidewalk MORRIS PARK AVENUE MORRIS PARK AVENUE,SPEEDING
Street Light Condition Lamppost Damaged  BELT PKWY BELT PKWY,POOR_LIGHTING
Street Sign - Dangling St Name - Over Intersection Street BROADWAY BROADWAY,MISSING_SIGNAGE
Illegal Parking Blocked Crosswalk Street/Sidewalk 1 WEST 62 STREET WEST 62 STREET,UNSAFE_CROSSWALK
Illegal Parking Blocked Crosswalk Street/Sidewalk 143 ARMSTRONG AVENUE ARMSTRONG AVENUE,UNSAFE_CROSSWALK
Street Light Condition Street Light Out  1550 LAFAYETTE AVENUE LAFAYETTE AVENUE,POOR_LIGHTING
Illegal Parking Blocked Crosswalk Street/Sidewalk 543 VANDERBILT AVENUE VANDERBILT AVENUE,UNSAFE_CROSSWALK
Illegal Parking Blocked Crosswalk Street/Sidewalk 820 PACIFIC STREET PACIFIC STREET,UNSAFE_CROSSWALK
Street Light Condition Street Light Out  42 UNION AVENUE UNION AVENUE,POOR_LIGHTING
Street Sign - Missing Other/Unknown Street 259 CLINTON STREET CLINTON STREET,MISSING_SIGNAGE
Street Light Condition Street Light Out  15 SYLVAN PLACE SYLVAN PLACE,POOR_LIGHTING
Illegal Parking Blocked Crosswalk Street/Sidewalk 728 4 AVENUE 4 AVENUE,UNSAFE_CROSSWALK
Street Sign - Missing Street Cleaning - ASP Street 2160 NEWBOLD AVENUE NEWBOLD AVENUE,MISSING_SIGNAGE
Street Light Condition Street Light Out  SEWARD PARK SEWARD PARK,POOR_LIGHTING
Illegal Parking Blocked Crosswalk Street/Sidewalk 3804 GREYSTONE AVENUE GREYSTONE AVENUE,UNSAFE_CROSSWALK
Street Light Condition Street Light Out  1451 EAST   21 STREET EAST   21 STREET,POOR_LIGHTING
Street Sign - Missing Other/Unknown Street 431 CANAL STREET CANAL STREET,MISSING_SIGNAGE
Street Sign - Missing Other/Unknown Street 849 QUINCY AVENUE QUINCY AVENUE,MISSING_SIGNAGE
Street Sign - Damaged Bus Stop Street SAINT MARKS PLACE SAINT MARKS PLACE,MISSING_SIGNAGE
Street Sign - Damaged Other/Unknown Street 629 EAST 5 STREET EAST 5 STREET,MISSING_SIGNAGE
"Street Sign - Missing No Parking, Standing, Stopping Street 528 7 AVENUE 7 AVENUE",MISSING_SIGNAGE
Street Light Condition Street Light Out  20 CHESTER PLACE CHESTER PLACE,POOR_LIGHTING
"Street Sign - Missing No Parking, Standing, Stopping Street 104-20 QUEENS BOULEVARD QUEENS BOULEVARD",MISSING_SIGNAGE
Illegal Parking Blocked Crosswalk Street/Sidewalk CLINTON AVENUE CLINTON AVENUE,UNSAFE_CROSSWALK
Illegal Parking Blocked Crosswalk Street/Sidewalk 73 BIRCH ROAD BIRCH ROAD,UNSAFE_CROSSWALK
Street Sign - Damaged Other/Unknown Street 3131 KINGS HIGHWAY KINGS HIGHWAY,MISSING_SIGNAGE
"Street Sign - Missing No Parking, Standing, Stopping Street 18-29 127 STREET 127 STREET",MISSING_SIGNAGE
Illegal Parking Blocked Crosswalk Street/Sidewalk 560 STATE STREET STATE STREET,UNSAFE_CROSSWALK
Illegal Parking Blocked Crosswalk Street/Sidewalk 190-20 35 AVENUE 35 AVENUE,UNSAFE_CROSSWALK
"Street Sign - Dangling No Parking, Standing, Stopping Street 285 SAINT MARKS PLACE SAINT MARKS PLACE",MISSING_SIGNAGE
Traffic Signal Condition Mast Arm   ,MISSING_SIGNAGE
Illegal Parking Blocked Crosswalk Street/Sidewalk 53-30 BROADWAY BROADWAY,UNSAFE_CROSSWALK
Illegal Parking Blocked Crosswalk Street/Sidewalk 150 RIVINGTON STREET RIVINGTON STREET,UNSAFE_CROSSWALK
Illegal Parking Blocked Crosswalk Street/Sidewalk 141 WORTH STREET WORTH STREET,UNSAFE_CROSSWALK
"Street Sign - Dangling No Parking, Standing, Stopping Street WADSWORTH AVENUE WADSWORTH AVENUE",MISSING_SIGNAGE
Illegal Parking Blocked Crosswalk Street/Sidewalk 263 STREET 263 STREET,UNSAFE_CROSSWALK
Street Sign - Dangling Other/Unknown Street 34 SPRING STREET SPRING STREET,MISSING_SIGNAGE
Street Light Condition Street Light Out  BRUCKNER BOULEVARD BRUCKNER BOULEVARD,POOR_LIGHTING
Street Sign - Damaged Bus Stop Street WEST 72 STREET WEST 72 STREET,MISSING_SIGNAGE
Street Light Condition Street Light Out  20-31 74 STREET 74 STREET,POOR_LIGHTING
Illegal Parking Blocked Crosswalk Street/Sidewalk 86-13 112 STREET 112 STREET,UNSAFE_CROSSWALK
"Street Sign - Missing No Parking, Standing, Stopping Street 84 STREET 84 STREET",MISSING_SIGNAGE
Street Sign - Damaged Bus Stop Street MADISON AVENUE MADISON AVENUE,MISSING_SIGNAGE
"Street Sign - Missing No Parking, Standing, Stopping Street 2951 WEST 3 STREET WEST 3 STREET",MISSING_SIGNAGE
Traffic Drag Racing Street/Sidewalk EAST TREMONT AVENUE EAST TREMONT AVENUE,SPEEDING
Street Sign - Missing St Name - Attached to Pole Street 229-07 87 AVENUE 87 AVENUE,MISSING_SIGNAGE
Illegal Parking Blocked Crosswalk Street/Sidewalk 94-02 95 AVENUE 95 AVENUE,UNSAFE_CROSSWALK
Street Sign - Dangling Other/Unknown Street 150 WEST 56 STREET WEST 56 STREET,MISSING_SIGNAGE
Street Light Condition Street Light Out  57-56 79 STREET 79 STREET,POOR_LIGHTING
Street Sign - Dangling St Name - Attached to Pole Street 222-90 BRADDOCK AVENUE BRADDOCK AVENUE,MISSING_SIGNAGE
Street Light Condition Street Light Out  70-21 67 STREET 67 STREET,POOR_LIGHTING
"Street Sign - Dangling No Parking, Standing, Stopping Street 2052 STRAUSS STREET STRAUSS STREET",MISSING_SIGNAGE
Street Sign - Missing Stop Street 89 ROAD 89 ROAD,MISSING_SIGNAGE
Illegal Parking Blocked Crosswalk Street/Sidewalk 207 EAST HOUSTON STREET EAST HOUSTON STREET,UNSAFE_CROSSWALK
Street Light Condition Street Light Out  714 CRAWFORD AVENUE CRAWFORD AVENUE,POOR_LIGHTING
Street Light Condition Street Light Out  21-20 FRANCIS LEWIS BOULEVARD FRANCIS LEWIS BOULEVARD,POOR_LIGHTING
Street Light Condition Multiple Street Lights Out  WEST  135 STREET WEST  135 STREET,POOR_LIGHTING
Illegal Parking Blocked Crosswalk Street/Sidewalk 107 AVENUE 107 AVENUE,UNSAFE_CROSSWALK
"Street Sign - Missing No Parking, Standing, Stopping Street 15-35 126 STREET 126 STREET",MISSING_SIGNAGE
Street Light Condition Street Light Out  LITTLE NECK PARKWAY LITTLE NECK PARKWAY,POOR_LIGHTING
Street Sign - Damaged Bus Stop Street 41 AVENUE 41 AVENUE,MISSING_SIGNAGE
Illegal Parking Blocked Crosswalk Street/Sidewalk 345 COURT STREET COURT STREET,UNSAFE_CROSSWALK
Street Sign - Damaged Street Cleaning - ASP Street 45-19 45 STREET 45 STREET,MISSING_SIGNAGE
Street Light Condition Street Light Out  306 LAKE AVENUE LAKE AVENUE,POOR_LIGHTING
Illegal Parking Blocked Crosswalk Street/Sidewalk 41-36 51 STREET 51 STREET,UNSAFE_CROSSWALK
Street Light Condition Lamppost Leaning  JUDGE MOSES WEINSTEIN PLGD JUDGE MOSES WEINSTEIN PLGD,POOR_LIGHTING
Street Sign - Damaged Street Cleaning - ASP Street 1514 BRONXDALE AVENUE BRONXDALE AVENUE,MISSING_SIGNAGE
Street Light Condition Flood Light Lamp Out  1319 PRESIDENT STREET PRESIDENT STREET,POOR_LIGHTING
"Street Sign - Dangling No Parking, Standing, Stopping Street 59-37 DECATUR STREET DECATUR STREET",MISSING_SIGNAGE
Street Sign - Missing Do Not Enter Street 60 LANE 60 LANE,MISSING_SIGNAGE
Illegal Parking Blocked Crosswalk Street/Sidewalk EAST 49 STREET EAST 49 STREET,UNSAFE_CROSSWALK
Street Light Condition Street Light Out  243-23 131 ROAD 131 ROAD,POOR_LIGHTING
Traffic Congestion/Gridlock Street/Sidewalk 94-11 ROCKAWAY BOULEVARD ROCKAWAY BOULEVARD,OTHER
Street Light Condition Street Light Out  1701 ANTHONY AVENUE ANTHONY AVENUE,POOR_LIGHTING
Illegal Parking Blocked Crosswalk Street/Sidewalk 2081 AMSTERDAM AVENUE AMSTERDAM AVENUE,UNSAFE_CROSSWALK
Traffic Chronic Stoplight Violation Street/Sidewalk 69 STREET 69 STREET,MISSING_SIGNAGE
Traffic Truck Route Violation Street/Sidewalk 78-15 PARSONS BOULEVARD PARSONS BOULEVARD,OTHER
Illegal Parking Blocked Crosswalk Street/Sidewalk 7102 NARROWS AVENUE NARROWS AVENUE,UNSAFE_CROSSWALK
Street Sign - Damaged One Way Street 42-19 23 AVENUE 23 AVENUE,MISSING_SIGNAGE
Street Sign - Dangling One Way Street 22-69 47 STREET 47 STREET,MISSING_SIGNAGE
Street Sign - Damaged One Way Street 49-02 28 AVENUE 28 AVENUE,MISSING_SIGNAGE
Street Sign - Dangling One Way Street 46-20 30 ROAD 30 ROAD,MISSING_SIGNAGE
Street Sign - Damaged Stop Street 31-68 47 STREET 47 STREET,MISSING_SIGNAGE
Traffic Chronic Stoplight Violation Street/Sidewalk EAST 195 STREET EAST 195 STREET,MISSING_SIGNAGE
Illegal Parking Blocked Crosswalk Street/Sidewalk 74-50 ATLANTIC AVENUE ATLANTIC AVENUE,UNSAFE_CROSSWALK
Street Light Condition Lamppost Leaning  40 EAST READING AVENUE EAST READING AVENUE,POOR_LIGHTING
Illegal Parking Blocked Crosswalk Street/Sidewalk 450 EAST 18 STREET EAST 18 STREET,UNSAFE_CROSSWALK
Street Light Condition Fixture/Luminaire Hanging  STATEN ISL EXPY STATEN ISL EXPY,POOR_LIGHTING
Street Sign - Damaged Street Cleaning - ASP Street 95-48 40 ROAD 40 ROAD,MISSING_SIGNAGE
Street Sign - Damaged Stop Street 444 BEACH SIXTH STREET BEACH SIXTH STREET,MISSING_SIGNAGE
Street Light Condition Fixture/Luminaire Hanging  RICHMOND TERRACE RICHMOND TERRACE,POOR_LIGHTING
Street Sign - Dangling Stop Street 375 HENRY STREET HENRY STREET,MISSING_SIGNAGE
Illegal Parking Blocked Crosswalk Street/Sidewalk 58-45 146 STREET 146 STREET,UNSAFE_CROSSWALK
Illegal Parking Blocked Crosswalk Street/Sidewalk 2180 TIEBOUT AVENUE TIEBOUT AVENUE,UNSAFE_CROSSWALK
Illegal Parking Blocked Crosswalk Street/Sidewalk 1652 66 STREET 66 STREET,UNSAFE_CROSSWALK
Street Sign - Damaged St Name - Attached to Pole Street 53-23 WOODSIDE AVENUE WOODSIDE AVENUE,MISSING_SIGNAGE
Street Sign - Damaged Other/Unknown Street 53-23 WOODSIDE AVENUE WOODSIDE AVENUE,MISSING_SIGNAGE
Illegal Parking Blocked Crosswalk Street/Sidewalk 72 STREET 72 STREET,UNSAFE_CROSSWALK
Illegal Parking Blocked Crosswalk Street/Sidewalk 82-02 95 AVENUE 95 AVENUE,UNSAFE_CROSSWALK
Illegal Parking Blocked Crosswalk Street/Sidewalk 88 STREET 88 STREET,UNSAFE_CROSSWALK
Illegal Parking Blocked Crosswalk Street/Sidewalk 125-17 TENTH AVENUE TENTH AVENUE,UNSAFE_CROSSWALK
Illegal Parking Blocked Crosswalk Street/Sidewalk 131-42 131 STREET 131 STREET,UNSAFE_CROSSWALK
Illegal Parking Blocked Crosswalk Street/Sidewalk 7724 11 AVENUE 11 AVENUE,UNSAFE_CROSSWALK
Illegal Parking Blocked Crosswalk Street/Sidewalk 1110 CLOSE AVENUE CLOSE AVENUE,UNSAFE_CROSSWALK
Illegal Parking Blocked Crosswalk Street/Sidewalk 800 BAYCHESTER AVENUE BAYCHESTER AVENUE,UNSAFE_CROSSWALK
Illegal Parking Blocked Crosswalk Street/Sidewalk 25-90 35 STREET 35 STREET,UNSAFE_CROSSWALK

